GTIN,codigo_producto
  7702605326785  ,95364
<,95093
00001,00001
00002,00002
00003,00003
00004,00004
00005,00005
00006,00006
00007,00007
000078601550,87690
00012,00012
00013,00013
00014,00014
00015,00015
00018,00018
00019,00019
00020,00020
00021,00021
00022,00022
00024,00024
00025,00025
00026,00026
00027,00027
00029,00029
00030,00030
00031,00031
00032,00032
00033,00033
00034,00034
00035,00035
00036,00036
00038,00038
00040,00040
00041,00041
00042,00042
00043,00043
00044,00044
00045,00045
00047,00047
00048,00048
00049,00049
00050,00050
00052,00052
00053,00053
00054,00054
00055,00055
00056,00056
00057,00057
00059262,91605
00061,00061
00061699,85969
00062,00062
00063,00063
00065,00065
00066,00066
00067,00067
00070,00070
00071,00071
00074,00074
00075,00075
00076,00076
00077,00077
00078,00078
00079,00079
00080,00080
00081,00081
00082,00082
00084,00084
00085,00085
00086,00086
00087,00087
00088,00088
00089,00089
00090,00090
00091,00091
00094,00094
00095,00095
00102,00102
00108,00108
00109,00109
00110,00110
00111,00111
00112,00112
00116,00116
00117,00117
00118,00118
00124,00124
00126,00126
00131,00131
00134,00134
00138,00138
00139,00139
00140,00140
00141,00141
00142,00142
00149,00149
00150,00150
001507,95934
00151,00151
00152,00152
00153,00153
001567,95918
00165,00165
00166,00166
00167,00167
00170,00170
00171,00171
00172,00172
00173,00173
00174,00174
00176,00176
00177,00177
00180,00180
00182,00182
00184,00184
00185,00185
00186,00186
00187,00187
00188,00188
00189,00189
00190,00190
00191,00191
00192,00192
00193,00193
00194,00194
00195,00195
00196,00196
00197,00197
00198,00198
00199,00199
00200,00200
00201,00201
00202,00202
00203,00203
00204,00204
00205,00205
00206,00206
00207,00207
00208,00208
00209,00209
00210,00210
00211,00211
00212,00212
00213,00213
00214,00214
00215,00215
00217,00217
00218,00218
00219,00219
00220,00220
00221,00221
00223,00223
00224,00224
00226,00226
00227,00227
00228,00228
00229,00229
00230,00230
00231,00231
00232,00232
00234,00234
00235,00235
00236,00236
00237,00237
00238,00238
00248,00248
00251,00251
00255,00255
00266,00266
00269,00269
00270,00270
00271,00271
00273,00273
00274,00274
00275,00275
00276,00276
00277,00277
00278,00278
00280,00280
00281,00281
00284,00284
00286,00286
00288,00288
00289,00289
00298,00298
00299,00299
00300,00300
00301,00301
00302,00302
00304,00304
00306,00306
00307,00307
00308,00308
00309,00309
00312,00312
00313,00313
00314,00314
00316,00316
00317,00317
00321,00321
00322,00322
00326,00326
00327,00327
00328,00328
00329,00329
00333,00333
00334,00334
00335,00335
00336,00336
00337,00337
00338,00338
00339,00339
00340,00340
00341,00341
00342,00342
00344,00344
00345,00345
00348,00348
00349,00349
00350,00350
00351,00351
00358,00358
00364,00364
00365,00365
00367,00367
00372,00372
00374,00374
00375,00375
00376,00376
00377,00377
00378,00378
00379,00379
00382,00382
00391,00391
00392,00392
00394,00394
00396,00396
00397,00397
00399,00399
00400,00400
00405,00405
00412,00412
00417,00417
00419,00419
00420,00420
00421,00421
00422,00422
00423,00423
00425,00425
00427,00427
00428,00428
00429,00429
00430,00430
00431,00431
00432,00432
00433,00433
00434,00434
00435,00435
00436,00436
00438,00438
00439,00439
00440,00440
00441,00441
00442,00442
00443,00443
00444,00444
00445,00445
00446,00446
00447,00447
00448,00448
00449,00449
00450,00450
00453,00453
00454,00454
00455,00455
00456,00456
00457,00457
00459,00459
00460,00460
00463,00463
00465,00465
00466,00466
00467,00467
00468,00468
00469,00469
00473,00473
00474,00474
00475,00475
00477,00477
00478,00478
00479,00479
00480,00480
00481,00481
00482,00482
00484,00484
00485,00485
00486,00486
00488,00488
00491,00491
00493,00493
00494,00494
00495,00495
00497,00497
00498,00498
00499,00499
00500,00500
00501,00501
00502,00502
00503,00503
00504,00504
00505,00505
00506,00506
00507,00507
00508,00508
00509,00509
00514,00514
00516,00516
00518,00518
00519,00519
00520,00520
00523,00523
00524,00524
00529,00529
00532,00532
00533,00533
00535,00535
00536,00536
00538,00538
00539,00539
00543,00543
00546,00546
00547,00547
00548,00548
00549,00549
00550,00550
00551,00551
00553,00553
00554,00554
00555,00555
00556,00556
00557,00557
00558,00558
00561,00561
00562,00562
00563,00563
00564,00564
00565,00565
00566,00566
00568,00568
00571,00571
00572,00572
00585,00585
00586,00586
00587,00587
00589,00589
00590,00590
00591,00591
00592,00592
00593,00593
00594,00594
00595,00595
00596,00596
00598,00598
00600,00600
00601,00601
00602,00602
00603,00603
00604,00604
00606,00606
00608,00608
00609,00609
00613,00613
00614,00614
00615,00615
00616,00616
00618,00618
00619,00619
00620,00620
00621,00621
00623,00623
00626,00626
00627,00627
00629,00629
00630,00630
00631,00631
00632,00632
00633,00633
00634,00634
00635,00635
00636,00636
00637,00637
00638,00638
00639,00639
00644,00644
00645,00645
00646,00646
00647,00647
00649,00649
00651,00651
00652,00652
00655,00655
00656,00656
00657,00657
00658,00658
00659,00659
00660,00660
00672,00672
00673,00673
00674,00674
00675,00675
00681,00681
00682,00682
00689,00689
00690,00690
00693,00693
00695,00695
00696,00696
00697,00697
00698,00698
00699,00699
00700,00700
00701,00701
00703,00703
00704,00704
00705,00705
00707,00707
00708,00708
00711,00711
00712,00712
00717,00717
00720,00720
00721,00721
00723,00723
00724,00724
00725,00725
00727,00727
00728,00728
00729,00729
00730,00730
00731,00731
00732,00732
00734,00734
00735,00735
00736,00736
00737,00737
00742,00742
00746,00746
00747,00747
00749,00749
00750,00750
00751,00751
00752,00752
00753,00753
00754,00754
00755,00755
00756,00756
00757,00757
00761,00761
00762,00762
00763,00763
00764,00764
00771,00771
00772,00772
00773,00773
00774,00774
00775,00775
00776,00776
00777,00777
00780,00780
00781,00781
00782,00782
00783,00783
00784,00784
00791,00791
00792,00792
00793,00793
00800,00800
00801,00801
00805,00805
00807,00807
00808,00808
00811,00811
00812,00812
00815,00815
00818,00818
00831,00831
00832,00832
00833,00833
00836,00836
00837,00837
00838,00838
00839,00839
00840,00840
00841,00841
00842,00842
00843,00843
00845,00845
00846,00846
00849,00849
00850,00850
00851,00851
00853,00853
00854,00854
00855,00855
00856,00856
00857,00857
00858,00858
00859,00859
00860,00860
00861,00861
00862,00862
00864,00864
00866,00866
00872,00872
00873,00873
00880,00880
00882,00882
00886,00886
00889,00889
00890,00890
00891,00891
00898,00898
00899,00899
00906,00906
00908,00908
00911,00911
00912,00912
00914,00914
00917,00917
00930,00930
00936,00936
00938,00938
00942,00942
00944,00944
00946,00946
00948,00948
00958,00958
00959,00959
00960,00960
00964,00964
00965,00965
00966,00966
00967,00967
00968,00968
00970,00970
00971,00971
00972,00972
00973,00973
00974,00974
00976,00976
00977,00977
00987,00987
00989,00989
00992,00992
00998,00998
01003,01003
01004,01004
01005,01005
01006,01006
01007,01007
0100707387023645,65685
0100707387023669,65684
0100707387023676,65660
0100707387023683,65686
0100707387062514,65662
0100707387509484,95340
0100707387509507,94978
0100707387559526,92492
0100707387582753,94730
0100707387770549,95498
010081633302007917260,88596
01009,01009
01013,01013
01015,01015
01021,01021
01022,01022
01023,01023
01024,01024
01025,01025
01030,01030
01031,01031
01032,01032
01033,01033
01045,01045
01046,01046
01047,01047
01048,01048
01052,01052
01053,01053
01054,01054
01055,01055
01063,01063
01064,01064
01067,01067
01068,01068
01069,01069
01070,01070
01080,01080
01085,01085
01088,01088
0108907520000287,86866
01093,01093
01094,01094
01095,01095
01097,01097
01103,01103
01105,01105
01107,01107
01113,01113
01114,01114
01115,01115
01120,01120
01121,01121
01123,01123
01124,01124
01136,01136
01143,01143
01144,01144
01147,01147
01148,01148
01150,01150
0115060112314909,05775
01152,01152
01153,01153
01154,01154
01155,01155
01162,01162
01163,01163
01164,01164
01169,01169
01177,01177
0117757964000149,98495
01178,01178
0117800062003250,80903
01182,01182
01185,01185
01189,01189
01191,01191
01192,01192
01193,01193
01196,01196
01198,01198
01199,01199
01200,01200
01202,01202
01207,01207
01208,01208
01210,01210
01213,01213
01214,01214
01215,01215
01219,01219
01222,01222
01224,01224
01226,01226
01228,01228
01229,01229
0123456789123,93248
01235,01235
01236,01236
01238,01238
01239,01239
01241,01241
01242,01242
01246,01246
01248,01248
01249,01249
01258,01258
01261,01261
01268,01268
01269,01269
01270,01270
01275,01275
01276,01276
01278,01278
01279,01279
01280,01280
01282,01282
01287,01287
01290,01290
01292,01292
01297,01297
01298,01298
01300,01300
01301,01301
01306,01306
01307,01307
01308,01308
01309,01309
01310,01310
01312,01312
01317,01317
01324,01324
01325,01325
01326,01326
01327,01327
01328,01328
01329,01329
01330,01330
01331,01331
01332,01332
01333,01333
01334,01334
01335,01335
01336,01336
01337,01337
01338,01338
01341,01341
01342,01342
01343,01343
01345,01345
01346,01346
01347,01347
01348,01348
01349,01349
01350,01350
01354,01354
01358,01358
01359,01359
01361,01361
01363,01363
01365,01365
01366,01366
01370,01370
01372,01372
01373,01373
01375,01375
01377,01377
01378,01378
01379,01379
01382,01382
01386,01386
01388,01388
01389,01389
01390,01390
01391,01391
01396,01396
01397,01397
01398,01398
01402,01402
01403,01403
01404,01404
01408,01408
01410,01410
01413,01413
01416,01416
01417,01417
01418,01418
01422,01422
01423,01423
01424,01424
01425,01425
01426,01426
01427,01427
01431,01431
01432,01432
01433,01433
01434,01434
01440,01440
01443,01443
01444,01444
01446,01446
01449,01449
01455,01455
01456,01456
01457,01457
01458,01458
01464,01464
01465,01465
01466,01466
01472,01472
01474,01474
01480,01480
01481,01481
01482,01482
01483,01483
01484,01484
01485,01485
01487,01487
01488,01488
01493,01493
01499,01499
01500,01500
01517,01517
01518,01518
01520,01520
01521,01521
01523,01523
01527,01527
01531,01531
01532,01532
01543,01543
01544,01544
01546,01546
01548,01548
01550,01550
01551,01551
01553,01553
01555,01555
01557,01557
01558,01558
01561,01561
01563,01563
01564,01564
01565,01565
01566,01566
01569,01569
01571,01571
01572,01572
01573,01573
01574,01574
01575,01575
01576,01576
01586,01586
01591,01591
01593,01593
01603,01603
01604,01604
01605,01605
01606,01606
01612,01612
01613,01613
01617,01617
01618,01618
01622,01622
01623,01623
01624,01624
01626,01626
01627,01627
01628,01628
01629,01629
01632,01632
01633,01633
01635,01635
01636,01636
01646,01646
01647,01647
01650,01650
01654,01654
01655,01655
01657,01657
01658,01658
01659,01659
01660,01660
01663,01663
01664,01664
01672,01672
01676,01676
01677,01677
01678,01678
01683,01683
01685,01685
01690,01690
01691,01691
01698,01698
01699,01699
01703,01703
01708,01708
01712,01712
01714,01714
01715,01715
01716,01716
01717,01717
01718,01718
01721,01721
01723,01723
01729,01729
01732,01732
01737,01737
01738,01738
01740,01740
01744,01744
01745,01745
01746,01746
01747,01747
01751,01751
01755,01755
01756,01756
01758,01758
01761,01761
01762,01762
01764,01764
01773,01773
01774,01774
01775,01775
01776,01776
01777,01777
01778,01778
01779,01779
01781,01781
01783,01783
01784,01784
01792,01792
01793,01793
01794,01794
01796,01796
01798,01798
01799,01799
01801,01801
01802,01802
01803,01803
01804,01804
01805,01805
01806,01806
01808,01808
01813,01813
01818,01818
01819,01819
01820,01820
01822,01822
01823,01823
01828,01828
01829,01829
01830,01830
01831,01831
01833,01833
01839,01839
01846,01846
01848,01848
01849,01849
01855,01855
01856,01856
01862,01862
01863,01863
01870,01870
01872,01872
01873,01873
01875,01875
01879,01879
01880,01880
01881,01881
01885,01885
01886,01886
01889,01889
0188PE,94406
01891,01891
01892,01892
01893,01893
01894,01894
01898,01898
01899,01899
01904,01904
01907,01907
0190PE,94408
01910,01910
01911,01911
01915,01915
01935,01935
01939,01939
01941,01941
01945,01945
01955,01955
01956,01956
01957,01957
01958,01958
01964,01964
01967,01967
01968,01968
01970,01970
01971,01971
01972,01972
01973,01973
01974,01974
01979,01979
01980,01980
01982,01982
01983,01983
01991,01991
01992,01992
01995,01995
01996,01996
019965817585,97949
019965817912,97949
019965826037,97949
019965826990,97949
019965834032,97949
019965839648,97949
019965839686,97949
019965839709,97949
019965842952,97949
019965852104,97949
019965852128,97949
019965852135,97949
019965852142,97949
019965880237,97949
019965880565,97949
019965881050,97949
019965881920,97949
01997,01997
02004,02004
02006,02006
02009,02009
02011,02011
02014,02014
02017,02017
02019,02019
02023,02023
02029,02029
02047,02047
02053,02053
02057,02057
02058,02058
02060,02060
02072,02072
02083,02083
02096,02096
02098,02098
02104,02104
02106,02106
02107,02107
02112,02112
02113,02113
02114,02114
02116,02116
02118,02118
02123,02123
02124,02124
02125,02125
02142,02142
02155,02155
02158,02158
02168,02168
02174,02174
02176,02176
02178,02178
02181,02181
02194,02194
02195,02195
02196,02196
02197,02197
02198,02198
02199,02199
02200,02200
02201,02201
02202,02202
02203,02203
02208,02208
02210,02210
02211,02211
02215,02215
02224,02224
02228,02228
02229,02229
02236,02236
02238,02238
02239,02239
02240,02240
02241,02241
02246,02246
02251,02251
02252,02252
02254,02254
02261,02261
02263,02263
02264,02264
02274,02274
02277,02277
02283,02283
02284,02284
02288,02288
02289,02289
02292,02292
02294,02294
02298,02298
02299,02299
02311,02311
02313,02313
02316,02316
02322,02322
02337,02337
02348,02348
02355,02355
02356,02356
02357,02357
02358,02358
02359,02359
02363,02363
02368,02368
02369,02369
02374,02374
02393,02393
02399,02399
02400,02400
02401,02401
02402,02402
02405,02405
02409,02409
02413,02413
02415,02415
02421,02421
02422,02422
02423,02423
02424,02424
02425,02425
02429,02429
02436,02436
02442,02442
02443,02443
02447,02447
02448,02448
02449,02449
02452,02452
02453,02453
02462,02462
02463,02463
02465,02465
02474,02474
02475,02475
02477,02477
02480,02480
02486,02486
02491,02491
02492,02492
02493,02493
02494,02494
02496,02496
02497,02497
02498,02498
02499,02499
02500,02500
02504,02504
02506,02506
02507,02507
02509,02509
02510,02510
02511,02511
02513,02513
02514,02514
02516,02516
02517,02517
02518,02518
02520,02520
02521,02521
02522,02522
02523,02523
02524,02524
02527,02527
02528,02528
02533,02533
02540,02540
02541,02541
02542,02542
02547,02547
02551,02551
02552,02552
02558,02558
02560,02560
02561,02561
02565,02565
02566,02566
02567,02567
02568,02568
02569,02569
02571,02571
02575,02575
02577,02577
02578,02578
02579,02579
02580,02580
02581,02581
02582,02582
02583,02583
02587,02587
02590,02590
02592,02592
02605,02605
02611,02611
02622,02622
02627,02627
02628,02628
02629,02629
02630,02630
02631,02631
02633,02633
02635,02635
02637,02637
02638,02638
02639,02639
02640,02640
02641,02641
02642,02642
02643,02643
02644,02644
02646,02646
02650,02650
02651,02651
02652,02652
02655,02655
02657,02657
02658,02658
02660,02660
02662,02662
02665,02665
02667,02667
02671,02671
02672,02672
02673,02673
02675,02675
02681,02681
02683,02683
02685,02685
02695,02695
02698,02698
02699,02699
02700,02700
02702,02702
02703,02703
02707,02707
02709,02709
02711,02711
02713,02713
02714,02714
02715,02715
02716,02716
02720,02720
02723,02723
02724,02724
02725,02725
02728,02728
02730,02730
02732,02732
02734,02734
02747,02747
02766,02766
02767,02767
02768,02768
02769,02769
02770,02770
02772,02772
02775,02775
02777,02777
02790,02790
02797,02797
02804,02804
02806,02806
02807,02807
02808,02808
02809,02809
02812,02812
02813,02813
02816,02816
02819,02819
02820,02820
02823,02823
02824,02824
02826,02826
02835,02835
02836,02836
02838,02838
02839,02839
02840,02840
02841,02841
02844,02844
02845,02845
02847,02847
02849,02849
02850,02850
02851,02851
02852,02852
02853,02853
02854,02854
02855,02855
02857,02857
02859,02859
02862,02862
02864,02864
02865,02865
02869,02869
02871,02871
02872,02872
02878,02878
02879,02879
02880,02880
02881,02881
02887,02887
02892,02892
02894,02894
02895,02895
02896,02896
02897,02897
02898,02898
02900,02900
02904,02904
02906,02906
02907,02907
02908,02908
02909,02909
02910,02910
02915,02915
02916,02916
02919,02919
02921,02921
02922,02922
02923,02923
02924,02924
02925,02925
02926,02926
02927,02927
02929,02929
02930,02930
02932,02932
02933,02933
02934,02934
02937,02937
02938,02938
02944,02944
02945,02945
02951,02951
02962,02962
02963,02963
02969,02969
02971,02971
02978,02978
02983,02983
02984,02984
02987,02987
02988,02988
02989,02989
02991,02991
02993,02993
02999,02999
030006030039,80259
03001,03001
03002,03002
03003,03003
03004,03004
03005,03005
0300651510454,85243
03007,03007
03008,03008
03018,03018
03019,03019
03020,03020
03025,03025
0302993923046,87025
03033,03033
03034,03034
03035,03035
03042,03042
03059,03059
03065,03065
03066,03066
03067,03067
03068,03068
03075,03075
03076,03076
03088,03088
03092,03092
03104,03104
03105,03105
03108,03108
03109,03109
03110,03110
03111,03111
03113,03113
03115,03115
03125,03125
03128,03128
03129,03129
03130,03130
03131,03131
03132,03132
03133,03133
03134,03134
03135,03135
03136,03136
03139,03139
03147,03147
03150,03150
03156,03156
03160,03160
03162,03162
03163,03163
03164,03164
03166,03166
03168,03168
03169,03169
03170,03170
03174,03174
03175,03175
03177,03177
03182,03182
03184,03184
03186,03186
03187,03187
03188,03188
03192,03192
03197,03197
03198,03198
03199,03199
03200,03200
03202,03202
03203,03203
03204,03204
03205,03205
03206,03206
03208,03208
03211,03211
03212,03212
03214,03214
03216,03216
03218,03218
03219,03219
03222,03222
03223,03223
03224,03224
032244044137,76178
03225,03225
03226,03226
03227,03227
03230,03230
03231,03231
03232,03232
03234,03234
03235,03235
03237,03237
03238,03238
03239,03239
03245,03245
03247,03247
03249,03249
03250,03250
03257,03257
03261,03261
03263,03263
03264,03264
03270,03270
03271,03271
03273,03273
03274,03274
03276,03276
03280,03280
03284,03284
03296,03296
03304,03304
03314,03314
03319,03319
03334,03334
03343,03343
03344,03344
03349,03349
03360,03360
03361,03361
03362,03362
03363,03363
03364,03364
03365,03365
03366,03366
03367,03367
03368,03368
03369,03369
03370,03370
03371,03371
03372,03372
03373,03373
03374,03374
03375,03375
03376,03376
03377,03377
03378,03378
03379,03379
03380,03380
03381,03381
03382,03382
03383,03383
03384,03384
03385,03385
03386,03386
03387,03387
03388,03388
03389,03389
03397,03397
03398,03398
03399,03399
03400,03400
03401,03401
03402,03402
03404,03404
03406,03406
03407,03407
03408,03408
03412,03412
03413,03413
03415,03415
03417,03417
03418,03418
03419,03419
03420,03420
03421,03421
03423,03423
03427,03427
03430,03430
03431,03431
03432,03432
03438,03438
03439,03439
03440,03440
03445,03445
03448,03448
03449,03449
03450,03450
03451,03451
03452,03452
03453,03453
03454,03454
03455,03455
03456,03456
03457,03457
03458,03458
03460,03460
03461,03461
03462,03462
03463,03463
03464,03464
03465,03465
03468,03468
03469,03469
03469521,96365
03471,03471
03472,03472
03473,03473
03474,03474
03476,03476
03477,03477
03478,03478
03479,03479
03480,03480
03481,03481
03482,03482
03483,03483
03484,03484
03485,03485
03486,03486
03487,03487
03488,03488
03490,03490
03493,03493
03494,03494
03495,03495
03496,03496
03497,03497
03499,03499
03500,03500
03501,03501
03502,03502
03503,03503
03504,03504
035046001056,97783
035046001384,97782
035046004163,81494
03505,03505
03506,03506
03510,03510
03511,03511
03512,03512
03514,03514
03515,03515
03516,03516
03517,03517
03518,03518
03520,03520
03521,03521
03523,03523
03524,03524
03525,03525
03526,03526
03527,03527
03532,03532
03535,03535
03536,03536
03537,03537
03538,03538
03540,03540
03541,03541
03542,03542
03543,03543
03544,03544
03545,03545
03546,03546
03547,03547
03548,03548
03550,03550
03551,03551
03559,03559
03560,03560
03561,03561
03565,03565
03566,03566
035664022235,96555
03567,03567
03573,03573
03575,03575
03576,03576
03578,03578
03579,03579
03581,03581
03587,03587
03588,03588
03589,03589
03592,03592
03593,03593
03594,03594
03595,03595
03596,03596
03597,03597
03598,03598
03599,03599
036000468076,95041
03608,03608
03610,03610
03614,03614
03622,03622
03628,03628
03629,03629
03630,03630
03631,03631
03632,03632
03633,03633
03634,03634
03635,03635
03636,03636
03637,03637
03649,03649
03652,03652
03653,03653
03656,03656
03657,03657
03658,03658
03660,03660
03661,03661
03663,03663
03664,03664
03666,03666
03667,03667
03669,03669
03670,03670
03673,03673
03675,03675
03677,03677
03678,03678
03679,03679
03680,03680
03682,03682
03683,03683
03684,03684
03697,03697
037000124429,94276
037000124450,92967
037000809968,05860
037000883425,97548
037000885191,97456
03715,03715
03716,03716
03717,03717
03721,03721
03725,03725
03727,03727
03732,03732
03738,03738
03739,03739
03741,03741
03743,03743
03744,03744
03746,03746
03747,03747
03750,03750
03751,03751
03752,03752
03753,03753
03754,03754
03755,03755
03756,03756
03757,03757
03758,03758
03759,03759
03760,03760
03761,03761
03762,03762
03763,03763
03765,03765
03766,03766
03769,03769
03773,03773
03774,03774
03775,03775
03778,03778
03779,03779
03780,03780
03781,03781
037836092749,94567
037836092947,77486
037836092961,62770
037836093159,94573
037836093166,94570
037836093319,94571
037836093487,62773
037836093661,04358
037836093678,80877
03784,03784
03785,03785
03795,03795
03799,03799
03801,03801
03805,03805
03813,03813
03814,03814
03815,03815
03817,03817
03818,03818
03819,03819
03820,03820
03821,03821
03822,03822
03828,03828
03829,03829
03830,03830
03832,03832
03834,03834
03835,03835
03836,03836
03838,03838
03839,03839
03844,03844
03846,03846
03848,03848
03849,03849
03850,03850
03851,03851
03852,03852
03853,03853
03854,03854
03855,03855
03856,03856
03857,03857
03858,03858
03859,03859
03860,03860
03861,03861
03865,03865
03866,03866
03867,03867
03868,03868
03870,03870
03872,03872
03873,03873
03874,03874
03876,03876
03877,03877
03879,03879
03880,03880
03881,03881
03882,03882
03883,03883
03884,03884
03885,03885
03886,03886
03887,03887
03891,03891
03892,03892
03894,03894
03895,03895
03902,03902
03903,03903
039035010340,76624
039035013051,76621
039035013150,76617
03905,03905
03906,03906
03910,03910
03911,03911
03912,03912
03915,03915
03918,03918
03919,03919
03920,03920
03921,03921
03922,03922
03926,03926
03927,03927
03929,03929
03930,03930
03932,03932
03933,03933
03934,03934
03935,03935
03936,03936
03942,03942
03943,03943
03944,03944
03945,03945
03946,03946
03947,03947
03948,03948
03949,03949
03950,03950
03951,03951
03952,03952
03953,03953
03955,03955
03957,03957
03958,03958
03960,03960
03961,03961
03962,03962
03963,03963
03964,03964
03965,03965
03966,03966
03967,03967
03968,03968
03969,03969
03970,03970
03971,03971
03972,03972
03973,03973
03974,03974
03975,03975
03979,03979
03980,03980
03981,03981
03982,03982
03983,03983
03984,03984
03985,03985
03986,03986
03987,03987
03988,03988
03989,03989
03991,03991
03992,03992
03994,03994
03995,03995
03999,03999
04003,04003
04004,04004
04006,04006
04008,04008
04009,04009
04011,04011
04012,04012
04013,04013
04014,04014
04016,04016
04017,04017
04018,04018
04019,04019
04020,04020
04025,04025
04026,04026
04027,04027
04028,04028
04029,04029
04030,04030
04031,04031
04032,04032
04033,04033
04034,04034
04035,04035
04036,04036
04037,04037
04038,04038
04039,04039
04040,04040
04041,04041
04042,04042
04044,04044
04045,04045
04047,04047
04049,04049
04050,04050
04057,04057
04058,04058
04059,04059
04061,04061
04063,04063
04064,04064
04065,04065
04069,04069
04070,04070
04073,04073
04075,04075
04076,04076
04077,04077
04078,04078
04079,04079
04080,04080
04081,04081
04082,04082
04083,04083
04084,04084
04085,04085
04086,04086
04087,04087
04088,04088
04089,04089
04091,04091
04092,04092
04093,04093
04094,04094
04095,04095
04096,04096
04097,04097
04098,04098
04099,04099
04100,04100
04101,04101
04102,04102
04105,04105
04106,04106
04109,04109
04110,04110
04111,04111
04112,04112
04113,04113
04114,04114
04115,04115
04116,04116
041167627624,82384
04118,04118
04119,04119
04120,04120
04123,04123
04124,04124
04125,04125
04126,04126
04127,04127
04128,04128
04129,04129
04130,04130
04131,04131
04133,04133
041333001043,61386
041333014630,83176
041333431482,77959
04134,04134
04135,04135
04138,04138
04139,04139
04140,04140
04141,04141
04142,04142
04143,04143
04144,04144
04145,04145
04147,04147
04148,04148
04151,04151
04154,04154
04155,04155
041554209556,94010
041554209587,94082
041554209617,93381
041554264548,93374
041554282641,93377
041554332872,94538
041554415483,94540
041554420647,93393
041554434804,61923
041554441277,94539
041554453652,94011
041554453676,93386
041554464252,94009
041554493856,94084
041554496536,93390
041554496581,93391
041554496956,94267
041554496970,94268
041554496987,94270
041554507133,94263
041554541441,94008
041554543681,94269
041554543711,94266
04160,04160
04161,04161
04168,04168
04170,04170
04175,04175
04176,04176
04177,04177
04179,04179
04180,04180
04181,04181
04182,04182
04183,04183
04184,04184
04186,04186
04187,04187
04188,04188
04189,04189
04191,04191
04194,04194
04195,04195
04197,04197
04198,04198
04199,04199
04200,04200
04202,04202
04204,04204
04205,04205
04220,04220
04225,04225
04233,04233
04234,04234
04235,04235
04236,04236
04237,04237
04239,04239
04240,04240
04241,04241
04243,04243
04250,04250
04251,04251
04252,04252
04254,04254
04255,04255
04256,04256
04257,04257
04258,04258
04259,04259
04262,04262
04266,04266
04267,04267
04268,04268
04270,04270
04271,04271
04272,04272
04274,04274
04276,04276
04278,04278
04279,04279
04280,04280
04281,04281
04282,04282
04283,04283
04284,04284
04286,04286
04287,04287
04288,04288
04290,04290
04291,04291
04292,04292
04293,04293
04298,04298
04300,04300
04301,04301
04302,04302
04303,04303
04304,04304
04305,04305
04306,04306
04307,04307
04308,04308
04309,04309
04310,04310
04311,04311
04312,04312
04313,04313
04314,04314
04315,04315
04317,04317
04318,04318
04329,04329
04330,04330
04331,04331
04332,04332
04334,04334
04335,04335
04336,04336
04337,04337
04338,04338
04339,04339
04340,04340
04341,04341
04342,04342
04346,04346
04347,04347
04348,04348
04349,04349
04350,04350
04351,04351
04352,04352
04353,04353
04354,04354
04356,04356
04357,04357
04358,04358
04359,04359
04360,04360
04361,04361
04362,04362
04365,04365
04366,04366
04367,04367
04368,04368
04369,04369
04370,04370
04375,04375
04377,04377
04378,04378
04380,04380
04381,04381
04382,04382
04383,04383
04385,04385
04387,04387
04388,04388
04389,04389
04390,04390
04391,04391
04392,04392
04393,04393
04394,04394
04396,04396
04397,04397
04398,04398
04400,04400
04401,04401
04403,04403
04404,04404
04407,04407
04408,04408
04409,04409
04410,04410
04412,04412
04413,04413
04414,04414
04415,04415
04416,04416
04417,04417
04418,04418
04419,04419
04420,04420
04421,04421
04424,04424
04425,04425
04427,04427
04428,04428
04429,04429
04430,04430
04431,04431
04432,04432
04435,04435
04436,04436
04438,04438
04439,04439
04440,04440
04442,04442
04443,04443
04444,04444
04445,04445
04446,04446
04447,04447
04449,04449
04450,04450
04452,04452
04453,04453
04454,04454
04455,04455
04456,04456
04457,04457
04458,04458
04459,04459
04460,04460
04461,04461
04462,04462
04463,04463
04466,04466
04467,04467
04471,04471
04472,04472
04473,04473
04474,04474
04475,04475
04477,04477
04478,04478
04479,04479
04485,04485
04486,04486
04487,04487
04489,04489
04490,04490
04492,04492
04495,04495
04496,04496
04499,04499
04502,04502
04503,04503
04504,04504
04505,04505
04506,04506
04507,04507
04510,04510
04511,04511
04513,04513
04541,04541
04542,04542
04543,04543
04544,04544
04545,04545
04547,04547
04549,04549
04555,04555
04556,04556
04557,04557
04558,04558
04560,04560
04561,04561
04562,04562
04563,04563
04564,04564
04565,04565
04566,04566
04567,04567
04568,04568
04569,04569
04570,04570
04571,04571
04572,04572
04573,04573
04574,04574
04575,04575
04576,04576
04578,04578
04579,04579
04580,04580
04581,04581
04582,04582
04583,04583
04584,04584
04585,04585
04586,04586
04587,04587
04588,04588
04589,04589
04590,04590
04591,04591
04593,04593
04594,04594
04596,04596
04597,04597
04598,04598
04599,04599
04600,04600
04601,04601
04602,04602
04603,04603
04605,04605
04606,04606
04607,04607
04608,04608
04609,04609
04610,04610
04613,04613
04614,04614
04615,04615
04616,04616
04617,04617
04619,04619
04623,04623
04624,04624
04629,04629
04630,04630
04631,04631
04634,04634
04635,04635
04642,04642
04646,04646
04647,04647
04648,04648
04650,04650
04652,04652
04660,04660
04661,04661
04662,04662
04663,04663
04664,04664
04665,04665
04667,04667
04668,04668
04669,04669
04670,04670
04671,04671
04672,04672
04673,04673
04674,04674
04675,04675
04677,04677
04678,04678
04679,04679
04680,04680
04681,04681
04682,04682
04683,04683
04685,04685
04687,04687
04688,04688
04689,04689
04692,04692
04695,04695
04698,04698
04700,04700
04701,04701
04702,04702
04703,04703
04705,04705
04708,04708
04709,04709
04710,04710
04713,04713
04714,04714
04716,04716
04717,04717
04719,04719
04723,04723
04724,04724
047246300433,76536
047246662210,76968
04726,04726
04728,04728
04729,04729
04730,04730
04731,04731
04732,04732
04733,04733
047400179240,78965
047400179660,78966
04744,04744
04745,04745
04746,04746
04747,04747
04748,04748
04749,04749
04750,04750
04751,04751
04755,04755
04756,04756
04757,04757
04761,04761
04762,04762
04763,04763
04764,04764
04765,04765
04766,04766
04767,04767
04768,04768
04769,04769
04770,04770
04771,04771
04772,04772
04773,04773
04775,04775
04776,04776
04777,04777
04778,04778
04779,04779
04780,04780
04781,04781
04783,04783
04786,04786
04787,04787
04788,04788
04789,04789
04790,04790
04791,04791
04792,04792
04793,04793
04794,04794
04796,04796
04797,04797
04798,04798
04800,04800
04801,04801
04809,04809
04810,04810
04821,04821
04822,04822
04823,04823
04824,04824
04825,04825
04826,04826
04827,04827
04828,04828
04829,04829
04830,04830
04831,04831
04834,04834
04835,04835
04836,04836
04837,04837
04838,04838
04839,04839
04840,04840
04841,04841
04843,04843
04844,04844
04849,04849
04850,04850
04851,04851
04853,04853
04854,04854
04855,04855
04856,04856
04857,04857
04858,04858
04859,04859
04860,04860
04861,04861
04862,04862
04863,04863
04865,04865
04866,04866
04867,04867
04868,04868
04869,04869
04870,04870
04876,04876
04877,04877
04878,04878
04879,04879
04880,04880
04881,04881
04882,04882
04883,04883
04884,04884
04885,04885
04886,04886
04887,04887
04889,04889
04890,04890
04893,04893
04894,04894
04895,04895
04898,04898
04899,04899
04900,04900
04901,04901
04902,04902
04903,04903
04904,04904
04905,04905
04907,04907
04908,04908
04909,04909
04910,04910
04911,04911
04912,04912
04913,04913
04915,04915
04916,04916
04917,04917
04919,04919
04920,04920
04921,04921
04922,04922
04923,04923
04924,04924
04925,04925
04926,04926
04927,04927
04928,04928
04929,04929
04930,04930
04931,04931
04932,04932
04933,04933
04934,04934
04935,04935
04936,04936
04937,04937
04938,04938
04939,04939
04940,04940
04941,04941
04942,04942
04943,04943
04944,04944
04945,04945
04946,04946
04947,04947
04948,04948
04949,04949
04950,04950
04951,04951
04952,04952
04953,04953
04954,04954
04955,04955
04956,04956
04957,04957
04958,04958
04959,04959
04960,04960
04961,04961
04962,04962
04963,04963
04964,04964
04965,04965
04966,04966
04967,04967
04968,04968
04969,04969
04970,04970
04971,04971
04972,04972
04973,04973
04974,04974
04975,04975
04976,04976
04977,04977
04978,04978
04979,04979
04980,04980
04981,04981
04983,04983
04999,04999
05000,05000
05001,05001
05007,05007
05009,05009
05010,05010
05011,05011
05018,05018
05020,05020
05027,05027
05040,05040
05041,05041
05042,05042
05044,05044
05045,05045
05046,05046
05047,05047
05048,05048
05049,05049
05050,05050
05051,05051
05052,05052
05053,05053
05054,05054
05055,05055
05056,05056
05057,05057
05061,05061
05063,05063
05064,05064
05065,05065
05067,05067
05068,05068
05069,05069
05071,05071
05072,05072
05073,05073
05074,05074
05075,05075
05077,05077
05079,05079
05081,05081
05082,05082
05086,05086
05088,05088
05090,05090
05092,05092
05095,05095
05097,05097
05098,05098
05099,05099
05101,05101
05102,05102
05111,05111
05112,05112
05113,05113
051131200395,94346
051131566514,94565
051131598508,94566
05114,05114
05116,05116
05117,05117
05119,05119
05120,05120
05121,05121
05122,05122
05123,05123
05124,05124
05125,05125
05127,05127
05128,05128
05129,05129
05130,05130
05131,05131
05132,05132
05133,05133
05137,05137
05139,05139
05140,05140
05141,05141
05142,05142
05143,05143
05146,05146
05147,05147
05149,05149
05150,05150
05151,05151
05152,05152
05153,05153
05155,05155
05156,05156
05160,05160
05162,05162
05165,05165
05166,05166
05168,05168
05170,05170
05171,05171
05172,05172
05173,05173
05174,05174
05175,05175
05176,05176
05177,05177
05178,05178
05179,05179
05180,05180
05183,05183
05184,05184
05186,05186
05187,05187
05188,05188
05189,05189
05190,05190
05191,05191
05192,05192
05193,05193
05194,05194
05195,05195
05196,05196
05197,05197
05198,05198
05199,05199
05200,05200
05201,05201
05202,05202
05203,05203
05204,05204
05205,05205
05206,05206
05207,05207
05208,05208
05209,05209
05210,05210
05211,05211
05212,05212
05214,05214
05215,05215
05216,05216
05217,05217
05218,05218
05219,05219
05221,05221
05222,05222
05223,05223
05225,05225
05227,05227
05228,05228
05229,05229
05231,05231
05232,05232
05235,05235
05236,05236
05237,05237
05239,05239
05240,05240
05241,05241
05242,05242
05243,05243
05244,05244
05245,05245
05246,05246
05247,05247
05248,05248
05249,05249
05253,05253
05254,05254
05255,05255
05256,05256
05257,05257
05258,05258
05259,05259
05260,05260
05261,05261
05263,05263
05264,05264
05265,05265
05266,05266
05267,05267
05268,05268
05269,05269
05270,05270
05271,05271
05272,05272
05273,05273
05274,05274
05275,05275
05276,05276
05277,05277
05278,05278
05279,05279
05280,05280
05281,05281
05282,05282
05283,05283
05284,05284
05285,05285
05286,05286
05287,05287
05289,05289
05290,05290
05292,05292
05294,05294
05295,05295
05296,05296
05300,05300
05301,05301
05302,05302
05303,05303
05304,05304
05305,05305
05316,05316
05318,05318
05319,05319
05321,05321
05322,05322
05323,05323
05324,05324
05325,05325
05326,05326
05327,05327
05328,05328
05330,05330
05331,05331
05332,05332
05333,05333
05343,05343
05345,05345
05346,05346
05347,05347
05348,05348
05349,05349
05350,05350
05351,05351
05353,05353
05356,05356
05357,05357
05358,05358
05359,05359
05360,05360
05361,05361
05362,05362
05363,05363
05364,05364
05365,05365
05366,05366
05367,05367
05368,05368
05369,05369
05370,05370
05371,05371
05373,05373
05374,05374
05376,05376
05378,05378
05379,05379
05380,05380
05381,05381
05383,05383
05384,05384
05385,05385
05387,05387
05388,05388
05389,05389
05390,05390
05391,05391
05392,05392
05393,05393
05394,05394
05395,05395
05396,05396
05397,05397
05398,05398
05399,05399
05400,05400
05401,05401
05402,05402
05403,05403
05407,05407
05408,05408
05409,05409
05410,05410
05411,05411
05412,05412
05413,05413
05414,05414
05415,05415
05416,05416
05417,05417
05418,05418
05419,05419
05421,05421
05422,05422
05424,05424
05428,05428
05430,05430
05431,05431
05433,05433
05434,05434
05435,05435
05436,05436
05437,05437
05438,05438
05439,05439
05440,05440
05441,05441
05442,05442
05443,05443
05445,05445
05446,05446
05447,05447
05448,05448
05449,05449
05450,05450
05451,05451
05453,05453
05454,05454
05455,05455
05456,05456
05457,05457
05458,05458
05460,05460
05461,05461
05462,05462
05465,05465
05467,05467
05469,05469
05470,05470
05471,05471
05472,05472
05473,05473
05474,05474
05475,05475
05476,05476
05477,05477
05478,05478
05479,05479
05480,05480
05481,05481
05482,05482
05483,05483
05484,05484
05485,05485
05486,05486
05487,05487
05488,05488
05489,05489
05490,05490
05499,05499
05501,05501
05502,05502
05503,05503
05504,05504
05505,05505
05506,05506
05507,05507
05508,05508
05509,05509
05510,05510
05511,05511
05512,05512
05513,05513
05514,05514
05515,05515
05516,05516
05517,05517
05519,05519
05520,05520
05524,05524
05525,05525
05526,05526
05528,05528
05530,05530
05531,05531
05532,05532
05534,05534
05535,05535
05536,05536
05542,05542
05543,05543
05544,05544
05545,05545
05547,05547
05548,05548
05549,05549
05550,05550
05551,05551
05552,05552
05553,05553
05555,05555
05556,05556
05558,05558
05561,05561
05570,05570
05571,05571
05572,05572
05573,05573
05574,05574
05575,05575
05578,05578
05579,05579
05580,05580
05582,05582
05583,05583
05584,05584
05585,05585
05586,05586
05587,05587
05588,05588
05589,05589
05591,05591
05592,05592
05595,05595
05596,05596
05597,05597
05599,05599
05603,05603
05604,05604
05605,05605
05606,05606
05607,05607
05608,05608
05609,05609
05611,05611
05612,05612
05613,05613
05614,05614
05615,05615
05616,05616
05617,05617
05618,05618
05619,05619
05620,05620
05622,05622
05623,05623
05624,05624
05627,05627
05628,05628
05629,05629
05630,05630
05631,05631
05632,05632
05633,05633
05634,05634
05635,05635
05636,05636
05637,05637
05639,05639
05640,05640
05641,05641
05642,05642
05643,05643
05644,05644
05645,05645
05646,05646
05647,05647
05648,05648
05649,05649
05650,05650
05651,05651
05652,05652
05653,05653
05654,05654
05658,05658
05665,05665
05668,05668
05669,05669
05670,05670
05672,05672
05673,05673
05674,05674
05675,05675
05676,05676
05677,05677
05679,05679
05681,05681
05682,05682
05683,05683
05684,05684
05685,05685
05686,05686
05687,05687
05688,05688
05689,05689
05690,05690
05691,05691
05692,05692
05693,05693
05694,05694
05696,05696
05697,05697
05699,05699
05701,05701
05702,05702
05708,05708
05710,05710
05711,05711
05713,05713
05714,05714
05715,05715
05717,05717
05718,05718
05719,05719
05720,05720
05721,05721
05722,05722
05726,05726
05727,05727
05729,05729
05730,05730
05731,05731
05733,05733
05734,05734
05735,05735
05737,05737
05739,05739
05740,05740
05741,05741
05742,05742
05743,05743
05744,05744
05745,05745
05746,05746
05747,05747
05754,05754
05758,05758
05759,05759
05760,05760
05761,05761
05762,05762
05763,05763
05764,05764
05765,05765
05766,05766
05767,05767
05768,05768
05769,05769
05770,05770
05772,05772
05774,05774
05775,05775
05777,05777
05778,05778
05780,05780
05790,05790
05791,05791
05795,05795
05805,05805
05806,05806
05807,05807
05808,05808
05809,05809
05810,05810
05811,05811
05812,05812
05813,05813
05814,05814
05815,05815
05816,05816
05817,05817
05819,05819
05820,05820
05821,05821
05822,05822
05823,05823
05825,05825
05826,05826
05827,05827
05829,05829
05830,05830
05831,05831
05832,05832
05833,05833
05834,05834
05835,05835
05836,05836
05837,05837
05838,05838
05839,05839
05840,05840
05843,05843
05850,05850
05851,05851
05853,05853
05854,05854
05855,05855
05856,05856
05857,05857
05858,05858
05859,05859
05860,05860
05861,05861
05862,05862
05863,05863
05864,05864
05865,05865
05866,05866
05867,05867
05868,05868
05869,05869
05871,05871
05872,05872
05873,05873
05875,05875
05876,05876
05878,05878
05880,05880
05881,05881
05882,05882
05884,05884
05885,05885
05886,05886
05887,05887
05888,05888
05889,05889
05890,05890
05892,05892
05893,05893
05896,05896
05897,05897
05900,05900
05903,05903
05904,05904
05905,05905
05907,05907
05909,05909
05910,05910
05911,05911
05912,05912
05913,05913
05914,05914
05915,05915
05916,05916
05917,05917
05918,05918
05919,05919
05920,05920
05923,05923
05924,05924
05925,05925
05928,05928
05929,05929
05937,05937
05941,05941
05942,05942
05943,05943
05944,05944
05945,05945
05946,05946
05947,05947
05948,05948
05949,05949
05950,05950
05951,05951
05952,05952
05953,05953
05954,05954
05957,05957
05958,05958
05959,05959
05960,05960
05962,05962
05963,05963
05964,05964
05965,05965
05966,05966
05967,05967
05970,05970
05971,05971
05972,05972
05973,05973
05974,05974
05975,05975
05976,05976
05977,05977
05978,05978
05979,05979
05980,05980
05981,05981
05982,05982
05983,05983
05984,05984
05987,05987
05988,05988
05989,05989
05990,05990
05991,05991
05992,05992
05993,05993
05994,05994
05995,05995
05996,05996
05997,05997
05999,05999
06000,06000
06001,06001
06007,06007
06011,06011
06012,06012
06013,06013
06014,06014
06015,06015
06016,06016
06017,06017
06019,06019
06020,06020
06021,06021
06023,06023
06024,06024
06025,06025
06028,06028
06029,06029
06033,06033
06035,06035
06036,06036
06037,06037
06038,06038
06040,06040
06041,06041
06042,06042
06043,06043
06044,06044
06045,06045
06046,06046
06047,06047
06048,06048
06049,06049
06050,06050
06051,06051
06055,06055
06057,06057
06058,06058
06059,06059
06061,06061
06063,06063
06064,06064
06065,06065
06070,06070
06071,06071
06072,06072
06073,06073
06074,06074
06077,06077
06078,06078
06079,06079
06080,06080
06081,06081
06082,06082
06085,06085
06086,06086
06087,06087
06088,06088
0609143624526,98822
06094,06094
06095,06095
06096,06096
06097,06097
06098,06098
06099,06099
06100,06100
06101,06101
06102,06102
06104,06104
06105,06105
06106,06106
06110,06110
06111,06111
06114,06114
06115,06115
06116,06116
06117,06117
06118,06118
06119,06119
06120,06120
06121,06121
06122,06122
06123,06123
06124,06124
06125,06125
06126,06126
06127,06127
06128,06128
06129,06129
06130,06130
06131,06131
06132,06132
06133,06133
06134,06134
06135,06135
06136,06136
06137,06137
06138,06138
06139,06139
06140,06140
06142,06142
06143,06143
06144,06144
06145,06145
06146,06146
06147,06147
06148,06148
06149,06149
06150,06150
06152,06152
06154,06154
06155,06155
06156,06156
06160,06160
06162,06162
06163,06163
06164,06164
06165,06165
06166,06166
06167,06167
06168,06168
06169,06169
06171,06171
06175,06175
06176,06176
06177,06177
06178,06178
06179,06179
06180,06180
06182,06182
06183,06183
06184,06184
06185,06185
06186,06186
06187,06187
06188,06188
06189,06189
06190,06190
06191,06191
06192,06192
06193,06193
06194,06194
06195,06195
06196,06196
06197,06197
06198,06198
06199,06199
06200,06200
06201,06201
06202,06202
06203,06203
06204,06204
06207,06207
06208,06208
06210,06210
06211,06211
06217,06217
06218,06218
06219,06219
06220,06220
06221,06221
06222,06222
06223,06223
06224,06224
06225,06225
06226,06226
06227,06227
06228,06228
06229,06229
06230,06230
06231,06231
06232,06232
06233,06233
06234,06234
06235,06235
06236,06236
06238,06238
06239,06239
06240,06240
06241,06241
06242,06242
06249,06249
06250,06250
06251,06251
06253,06253
06254,06254
06255,06255
06256,06256
06257,06257
06258,06258
06259,06259
06260,06260
06261,06261
06265,06265
06266,06266
06267,06267
06268,06268
06269,06269
06270,06270
06271,06271
06272,06272
06273,06273
06274,06274
06276,06276
06277,06277
06279,06279
06281,06281
06282,06282
06283,06283
06284,06284
06285,06285
06287,06287
06288,06288
06291,06291
06293,06293
06296,06296
06297,06297
06299,06299
06300,06300
06302,06302
06393,06393
06394,06394
06395,06395
06396,06396
06418,06418
06419,06419
06420,06420
06421,06421
06422,06422
06436,06436
06438,06438
06442,06442
06470,06470
06472,06472
06484,06484
06485,06485
06486,06486
06487,06487
06488,06488
06490,06490
06492,06492
06493,06493
06494,06494
06495,06495
06496,06496
06497,06497
06498,06498
06505,06505
06506,06506
06507,06507
06508,06508
06509,06509
06514,06514
06515,06515
06516,06516
06517,06517
06518,06518
06519,06519
06520,06520
06522,06522
06524,06524
06525,06525
06526,06526
06527,06527
06530,06530
06531,06531
06532,06532
06533,06533
06534,06534
06536,06536
06537,06537
06538,06538
06539,06539
06540,06540
06541,06541
06542,06542
06543,06543
06544,06544
06545,06545
06548,06548
06551,06551
06554,06554
06555,06555
06557,06557
06559,06559
06560,06560
06561,06561
06562,06562
06563,06563
06564,06564
06565,06565
06566,06566
06567,06567
06568,06568
06569,06569
06570,06570
06571,06571
06572,06572
06573,06573
06574,06574
06575,06575
06576,06576
06577,06577
06578,06578
06579,06579
06580,06580
06581,06581
06582,06582
06583,06583
06584,06584
06586,06586
06590,06590
06591,06591
06592,06592
06595,06595
06597,06597
06598,06598
06599,06599
06600,06600
06944262914559,90603
069545141265,77212
069545965007,77239
070074116235,91222
070074117133,96523
070074117980,91739
070074119427,83443
070074119441,74824
070074119564,93004
070074122748,91703
070074124544,96816
070074406992,96520
070501010105,00627
070501013304,92858
070501051054,88663
070501053607,98317
070501053652,98316
070501100134,97807
073010214095,52057
073010314092,52056
073010710528,96886
0730792994262,97760
0736372025203,00025
0736372025210,98164
074312005305,97492
074764650047,98148
074764650313,95890
075486030278,95187
075486033286,81000
075486088163,89405
075486088507,98261
075486088620,98260
075486089122,80789
076281655444,76405
076281655567,76405
076281655819,05152
076281655833,05152
077520118157,98172
07768,07768
079656085761,97904
079656096507,97902
079656119732,98262
079656120257,97905
079656135152,97906
079656510232,97901
079656526189,97903
079656550559,95188
079656550566,95189
082028000132,94568
083800018291,97405
083800044498,97405
083800047840,97405
083800047888,97405
083800049592,97405
083800054206,97405
083800054503,97405
0853564007004,95227
086800687702,93745
087279005462,87570
09413,09413
099176480310,94750
10108900,97936
10576,10576
110803,94983
1194PE,94409
1204070000000,96453
1240000011555,98709
1240000011562,98719
13048310,94769
1549549257562,95598
15763,15763
17500435184233,87503
17730925511878,87455
1775004512056,96859
1775004512057,96858
18294,18294
18901790714506,97217
190679000019,98366
190679000118,98370
190679000163,98841
190679000194,98369
2050000493805,98030
2050000494017,98033
2050000498787,98032
2050000712043,85162
2050000712050,88715
2050000846007,92967
2050000888793,98031
2050000888809,98034
2050000929144,91311
2050000948404,97365
2050000948428,97366
2050001214133,98037
2050001214140,98035
2050001214157,98036
25000,25000
25617,25617
2713129000148,94169
2713129000155,94170
2713129000162,94168
27702003469521,96365
2850903,93537
29690.37172,97331
29691.29122,96633
300090395278,04250
300650002318,88428
300650454254,92576
300651431247,89466
300651433203,92369
300651481389,96710
300653610824,96049
300654013242,85852
300658052179,94132
300658054241,87311
300872014489,97025
30106659,92052
3014260010980,65515
3014260019723,94432
3014260273910,65812
3014260279288,84224
3014260833176,92417
3014260839437,77857
30162457,94787
30162662,94788
3031500311423,96641
30512,30512
310742037647,88976
310742037661,87737
310742037685,79935
310742037692,88977
311845319319,95636
311845319814,84299
311845319883,63829
311845319913,93660
311845320018,95869
311845320452,97095
311845320759,95868
311845321053,97768
311845321350,98743
311845321855,96690
311845322210,60108
311845322913,66735
311845323019,62821
311845323514,95635
311845379313,60089
311845432216,89605
311845439758,40996
311845458056,91374
311845463258,96485
311845463555,98658
311845464842,95787
311845465351,95870
311845476210,91377
311845476357,95785
311845476456,95672
311845476555,95634
311845476692,95786
311845482655,97925
311845493361,97281
311845513182,97864
311845525680,98659
311845527455,98742
311845527752,98744
313249E,88917
3282770019919,94924
3282770037098,94320
3282770037326,95923
3282770037678,94882
3282770038170,94883
3282770038767,94947
3282770049312,94600
3282770049350,94718
3282770049381,94719
3282770072365,94720
3282770072655,94599
3282770073683,94438
3282770075533,89914
3282770075687,95028
3282770075724,95029
3282770100242,89156
3282770101263,96095
3282770101362,96046
3282770101652,94912
3282770101669,94913
3282770104622,95131
3282770104684,97030
3282770109146,94777
3282770110111,95765
3282770112047,95027
3282770112689,95026
3282770114201,96789
3282770138801,97335
3282770141214,97434
3282770142280,97323
3282770144970,97336
3282770146394,98175
3282770149562,97890
3282770152371,97333
3282770152395,97838
3282770152586,97334
3282770153101,97846
3282770153170,97844
3282770153200,97845
3282770153217,98549
3282770153255,97847
3282770155112,97838
3282770200478,97223
3282770200515,97222
3282770200553,97224
3282770200591,97225
3282770202854,95922
3282770203165,96045
3282770203493,96655
3282770204681,97774
3282770205633,96790
3282770205671,97337
3282770205886,96977
3282770207774,97433
3282770208139,94912
3282770208214,96679
3282770208245,96678
3282770208788,89875
3282770208795,96355
3282770208962,89875
3282770388954,97742
3282770390179,98174
3282770390469,98110
3282770392654,98410
3282770392692,95130
3282770393408,98627
3282770393477,98213
3282770393507,98212
3282770394948,89916
3282770396300,98891
3282770397079,98892
3282770397697,98819
3282770399929,97334
3282779003124,92012
3282779003131,90212
3282779003322,91595
3282779004121,90459
3282779027540,89473
3282779042895,94342
3282779042925,91577
3282779051231,92296
3282779051347,91607
3282779178433,89683
3282779194525,89908
3282779206297,89909
3282779224024,92011
3282779241502,91598
3282779241519,89156
3282779242080,94613
3282779247009,90590
3282779254854,95332
3282779254892,89633
3282779310741,91590
3282779325707,89914
3282779350655,97333
3282779368032,00636
3282779391023,91600
3282779391580,91599
3282779402859,92010
3282779405447,91593
3282779405485,91591
3282779405553,91592
3282779416139,96094
3282779421577,89915
328785509083,93779
33339,96970
3337871311292,98408
3337871330262,97730
3337871330286,98684
3337872410338,96370
3337872411052,90886
3337872411083,90866
3337872411816,90994
3337872411922,91132
3337872411991,91638
3337872412486,93069
3337872412677,93135
3337872412752,90887
3337872412998,90884
3337872413025,91929
3337872413032,91244
3337872413049,92065
3337872413322,91365
3337872413414,90870
3337872413704,91167
3337872413711,93063
3337872413728,90882
3337872413735,90883
3337872413971,91484
3337872414039,91467
3337872414107,91344
3337872414152,91927
3337872414176,91928
3337872414305,91679
3337872414381,93068
3337872414398,93067
3337872414527,92641
3337872414961,94028
3337872418570,92069
3337872418587,95713
3337872418730,96728
3337872418778,92490
3337872418785,93066
3337872419904,93860
3337872419959,92414
3337872420153,93987
3337872420207,92489
3337872420597,91102
3337872420603,91101
3337875483377,92491
3337875491969,89979
3337875537315,92896
3337875545891,91103
3337875546430,92463
3337875546706,93308
3337875548533,93331
3337875549493,93859
3337875549530,93190
3337875566254,93856
3337875573566,93453
3337875583589,93834
3337875583626,93855
3337875586269,93690
3337875588676,95103
3337875591515,93858
3337875591577,93857
3337875596763,97970
3337875597180,93797
3337875597197,93798
3337875597210,93799
3337875597227,93744
3337875597272,96773
3337875597319,97378
3337875597333,97005
3337875597357,96983
3337875597395,97122
3337875597449,93886
3337875597487,93885
3337875598071,90867
3337875598996,84635
3337875607254,97636
3337875651196,96369
3337875656764,94789
3337875660549,93062
3337875660570,96027
3337875660617,98609
3337875684101,95875
3337875684118,95876
3337875694469,96429
3337875695152,98805
3337875696548,95955
3337875696579,95713
3337875696838,96371
3337875698696,96352
3337875706681,96372
3337875706698,96809
3337875708265,97073
3337875708289,97072
3337875722827,96246
3337875729864,96516
3337875734905,98622
3337875743563,97006
3337875757669,97175
3337875761031,96515
3337875761123,96810
3337875763790,95713
3337875764032,94788
3337875764353,97746
3337875765800,94787
3337875782357,97629
3337875784054,97630
3337875791885,97135
3337875791984,97971
3337875795265,97887
3337875796583,98214
3337875797399,97090
3337875797467,97087
3337875797597,97074
3337875797641,97196
3337875797719,97088
3337875797764,97089
3337875799348,97805
3337875803786,97377
3337875806923,97754
3337875816779,96728
3337875816809,90884
3337875829007,98155
3337875840620,93885
3337875847087,97753
3337875847292,97811
3337875863377,90867
3337875886055,96352
3337875886307,98311
3337875890021,98068
3337875890069,98138
3337875890113,98100
3337875892872,98612
3337875898485,98223
3337875904292,98777
3337875909525,98613
3337875917407,98697
3337875917810,98696
3337875920742,98747
3337875925358,98778
3352712007189,91762
3400970002146,95504
3401329447809,92397
3401329447977,92315
3401340106914,91757
3401343696245,87810
3401344685620,87652
3401344908347,87650
3401344908576,87654
3401344957253,91165
3401345060150,92474
3401345935571,91611
3401346673106,93209
3401346673274,93306
3401346673335,91398
3401347869546,91061
3401347869775,92314
3401348840421,91166
3401351278051,93125
3401353778733,90306
3401353780743,87651
3401353789159,87656
3401353789210,90426
3401353789449,90427
3401353789678,89941
3401353789739,89940
3401353790049,89939
3401353790100,91018
3401353791169,87834
3401353791220,92464
3401353806399,90818
3401360106994,97686
3401360120006,96948
3401360145207,93637
3401360147508,91389
3401360147775,98136
3401360167872,98686
3401360188525,87651
3401360195318,93224
3401360195332,93225
3401360195349,97237
3401360212237,97233
3401361353625,90428
3401381328993,98794
3401381332785,98748
3401381463359,90952
3401381507565,92895
3401381682361,94077
3401381717704,96707
3401381717872,96706
3401395376706,89938
3401395376935,90098
3401395461082,93784
3401396991779,91611
3401396991830,96470
3401397240470,96403
3401399277092,93785
3401399372926,96772
3401399373466,93490
3401399373527,89945
3401399373756,94128
3401399459085,87646
3401399694127,92610
3401528509032,93537
3401528519895,96405
3401528520846,95721
3401560936988,93227
3401560969757,94607
3401561197425,92043
3401561197654,92044
3401563552246,92894
3401563731337,93042
3401564695546,91922
3401565359201,93812
3401572288297,90099
3401573670282,89959
3401574131423,91108
3401575243675,96642
3401575390447,89958
3401578653709,90818
3401598588593,90862
3403470020658,95399
3410359448847,97570
34325,34325
3433422403765,94926
3433422404397,89919
3433422404403,92365
3433422407299,93064
3433422408357,91361
3433422408616,91243
3461029800007,98569
3466320012838,89646
34839966,87094
3499320000680,92202
3499320000697,90359
3499320001298,78848
3499320001656,88865
3499320001700,88865
3499320001762,96956
3499320001878,84863
3499320002134,85766
3499320002141,84210
3499320002325,86100
3499320002448,85935
3499320002523,04768
3499320003018,90326
3499320003087,91010
3499320003223,90270
3499320003247,89646
3499320003254,87662
3499320003728,91076
3499320003827,89752
3499320004473,91087
3499320004497,91086
3499320004541,94657
3499320006576,95062
3499320007511,93614
3499320008198,87025
3499320011389,98092
3499320014540,98122
350224075,95783
350227563,95784
3518646058233,95166
3518646672019,98621
3518646672026,94340
355323200065,90935
3556610000260,97643
3574661049076,92595
3578832012012,95329
3578832015013,94856
3582186005194,97539
3582910001607,01956
3582910007937,66876
3582910009900,86619
3582910023623,88436
3582913025266,01147
3582913025280,91106
3582913025792,85731
3582913026324,83511
3582913026331,83510
3582913026348,88785
3582913026584,88569
3582913026683,86619
3583313345190,75690
3583315558079,95200
3583315558154,94110
3583316669293,96211
3583316669330,93924
358892101504,98753
358892122301,98439
358892123308,98440
358892133505,98752
358892134502,98765
358892317011,98547
358892319015,98978
358892326501,97959
358892326853,98954
358892336500,98276
3600542081160,98780
3600542109802,98388
3606000481244,97157
3606000506701,93795
3606000560833,98154
3606000584563,98771
3606000604643,97048
3607343088015,88676
3607349687472,88351
3614224229795,97091
3614224229894,96279
3614226741554,97312
3614226764850,96193
3614228298728,96184
3614228298742,96187
3614228298759,96190
3614228298766,96189
3614228298780,96185
3614228298797,96186
3614228298803,96179
3614228298810,96183
3614228298841,96178
3614228298865,96182
3614228298889,96177
3614228298896,96175
3614228298902,96174
3614228298919,96173
3614228298926,96172
3614228298933,96171
3614228298940,96176
3614228298964,96180
3614228298971,96181
3614228299022,96188
3614228801140,97309
3614228801157,86403
3614228801171,97894
3614228801188,86404
3614228801195,97310
3614228801201,84744
3614228801225,87942
3614228801249,86405
3614228801263,97308
3614228801270,86442
3614228801300,86668
36169.28538,97051
3660053105267,84365
3660053139040,80883
3661434000508,97305
3661434000515,96312
3661434000522,96311
3661434000539,96307
3661434000973,96884
3661434001437,97136
3661434001734,97171
3661434002564,97815
3661434002687,96880
3661434003431,96315
3661434003639,96304
3661434003660,96305
3661434003691,97138
3661434003806,96303
3661434004315,96761
3661434004339,96760
3661434004421,96317
3661434004452,96317
3661434004575,96767
3661434004728,96300
3661434004735,96298
3661434004834,97673
3661434004841,96316
3661434004858,96804
3661434005008,96306
3661434005015,96310
3661434005435,97307
3661434005503,96308
3661434005510,96802
3661434005596,96301
3661434005916,96318
3661434006098,96883
3661434006227,96803
3661434006395,96295
3661434006425,96297
3661434006432,96294
3661434006500,97182
3661434006968,97054
3661434007835,96882
3661434008054,96296
3661434008290,96762
3661434008351,97439
3661434008382,97452
3661434008887,97137
3661434008955,97304
3661434008962,96299
3661434009181,97713
3661434009198,97712
3661434009211,97436
3661434009273,97437
3661434009280,97438
3661434009327,96304
3661434009358,96305
3661434009426,98191
3661434009495,97137
3661434009525,97559
3661434009648,96929
3661434009754,97818
3661434009761,97816
3661434009778,97817
3661434009815,97452
3661434009983,96884
3661434009990,96883
3661434010019,96803
3661434010033,97171
3661434010040,96760
3661434010057,98829
3661434010088,96929
3661434010101,98183
3661434010118,96761
3661434011924,96766
3661434011931,96765
3661434011955,97306
3661434011979,96302
3661434012020,96808
3661434023422,98714
3661434023446,98832
3661434023453,96314
3661434023477,97086
3661434023484,96313
3661434023491,96315
3662042005510,97886
3662361002450,98749
3662361002603,98685
3662361002702,98855
3662361002726,98971
3662361003402,98748
3664798053005,97187
3664798064827,52834
3664898063553,96807
3664898107516,87863
3700039500058,86489
3700039500287,91585
3700039500386,98727
3701129800072,96242
3701129800089,96243
3701129800096,96591
3701129800102,96244
3701129800119,96245
3701129800546,96382
3701129800553,96383
3701129800843,95739
3701129801079,94167
3701129801116,90306
3701129801123,93224
3701129801130,93225
3701129801161,93042
3701129801178,94873
3701129801642,95425
3701129802069,90952
3701129802076,93812
3701129802182,91611
3701129802663,97467
3701129802670,96499
3701129802724,95957
3701129802731,95956
3701129803172,97476
3701129803400,96964
3701129803424,95956
3701129803431,95957
3701129803448,93224
3701129803462,93225
3701129803516,97234
3701129803523,98074
3701129803547,97796
3701129803561,89940
3701129803639,97496
3701129803684,94167
3701129803691,90306
3701129803707,87656
3701129803714,93042
3701129803738,94873
3701129804049,97127
3701129804087,94167
3701129804308,93490
3701129804315,87646
3701129804384,92043
3701129804391,92045
3701129804414,97610
3701129804452,97232
3701129804469,97660
3701129804995,97692
3701129805336,87646
3701129805343,93490
3701129805367,97793
3701129807248,94167
3701129807293,97829
3701129807309,97831
3701129807316,97830
3701129807385,97128
3701129807392,92043
3701129807408,92044
3701129809280,98049
3701129809334,98687
3701129809921,94167
3701129810095,91061
3701129811467,91398
3701129812099,87810
3701129813614,98887
3760001040975,92579
3760008321749,88656
3760075070014,92405
3760075070168,92403
3760075070175,92401
3760075070311,92404
3760075070366,92402
3760269770225,96491
3760269770362,96705
3760269770379,96492
3760269770393,98129
3760269770867,98131
3760269771338,96706
382900147031,83180
382900479033,96820
382903249169,98619
382903249176,97531
382903249183,97531
382904918019,97531
4001895928710,04308
4001895928765,94978
4005800014475,93730
4005800016141,90879
4005800021930,92581
4005800024023,91026
4005800024139,92916
4005800024481,91063
4005800027468,88317
4005800036743,95762
4005800036842,96223
4005800037092,92993
4005800040566,91902
4005800040573,91379
4005800052897,91157
4005800057670,90878
4005800058318,92736
4005800061585,90184
4005800065019,94229
4005800065538,94396
4005800072895,96557
4005800077937,90301
4005800079948,91482
4005800084508,93213
4005800086380,89779
4005800131141,91411
4005800137556,50347
4005800137655,61280
4005800137662,80238
4005800137679,53423
4005800144592,97823
4005800178368,80487
4005800178375,96745
4005800178382,91734
4005800178399,94860
4005800178931,91094
4005800179822,89931
4005800180514,94395
4005800180606,95072
4005800193576,93847
4005800197604,97468
4005800223136,94574
4005800241901,96363
4005800266409,96065
4005800268731,97291
4005800269776,98126
4005800300707,95097
4005800300721,97854
4005800346583,98808
4005800366673,96556
4005800630958,90821
4005800631702,91008
4005800631788,89887
4005808024742,64526
4005808182565,83253
4005808183043,98415
4005808189687,98404
4005808200108,40992
4005808257621,92780
4005808257669,94275
4005808305964,88150
4005808307326,97408
4005808313167,98405
4005808315093,84690
4005808315109,05679
4005808315680,88173
4005808319695,05827
4005808321216,66573
4005808323234,66580
4005808336845,89866
4005808341757,89867
4005808352630,94994
4005808377534,93022
4005808515592,50218
4005808516674,95092
4005808551477,92376
4005808553839,91861
4005808553846,96215
4005808555765,95094
4005808583072,94778
4005808583348,96030
4005808583805,96063
4005808584888,98403
4005808588114,64529
4005808630646,86488
4005808630660,97172
4005808663798,82392
4005808680252,64529
4005808715688,87110
4005808715695,95078
4005808719273,92855
4005808729777,96988
4005808729982,92778
4005808806874,96866
4005808818525,89869
4005808829675,90335
4005808837311,90338
4005808837472,86488
4005808841486,96217
4005808846290,95054
4005808850617,94995
4005808850839,92796
4005808881512,95077
4005808890590,53997
4005808979677,88147
4005808979813,92082
4005808980239,64533
4005900000767,91224
4005900000774,96078
4005900036643,75366
4005900036704,93408
4005900036711,64533
4005900036728,92085
4005900036759,92087
4005900072764,94993
4005900090331,95206
4005900105073,92778
4005900140906,91904
4005900143945,91800
4005900169563,91903
4005900198815,95096
4005900259622,92734
4005900259639,94295
4005900259646,94294
4005900264282,98040
4005900265227,93234
4005900324016,95139
4005900324023,95140
4005900354945,95172
4005900374653,88148
4005900399946,93831
4005900399953,93830
4005900399991,93832
4005900413901,95269
4005900436931,78664
4005900436948,92797
4005900436962,96387
4005900436986,90800
4005900436993,95990
4005900461520,94575
4005900489746,95052
4005900489753,90337
4005900495709,80769
4005900499257,80237
4005900499264,95270
4005900515865,94577
4005900515872,94578
4005900515933,94576
4005900516961,96623
4005900517753,80767
4005900518842,96021
4005900528230,98168
4005900535627,95205
4005900541031,96749
4005900547316,98541
4005900559500,95075
4005900559517,91855
4005900592422,05827
4005900598684,97825
4005900624116,91858
4005900633149,79659
4005900645265,79676
4005900650412,98125
4005900656063,96373
4005900701992,95054
4005900727435,95079
4005900727459,95080
4005900728807,95139
4005900764546,98668
4005900773838,98540
4005900786470,96484
4005900786487,96483
4005900791047,96556
4005900820297,96867
4005900820303,95206
4005900838841,96743
4005900839626,96876
4005900839633,96877
4005900839640,96557
4005900873347,97141
4005900902566,98806
4005900903273,97933
4005900906083,98095
4005900919540,97671
4005900927224,88674
4005900942777,97648
4005900951526,97821
4005900985811,92824
4005900985828,95269
4005900994493,96740
4005900994776,97898
4005900996169,93919
4005900998385,98070
4006000014395,98617
4006000028828,98127
4006000067209,98472
4006000067223,98471
4006000067247,98470
4006000067261,98469
4006000077000,98216
4006000077734,98729
4006000101354,98507
4006000101361,98508
4006000127026,98807
4006000127033,98835
4006000127040,98834
4015600132446,90828
4015600132576,91198
4015600132613,93489
4015600132637,85512
4015600132699,90827
4015600139544,96014
4015600139568,95415
4015600139735,95888
4015600139865,97094
4015600140090,95887
4015600140106,95416
4015630018277,97758
4015630018284,95550
4015630067077,97757
4015630067213,97756
4022495191120,82362
4022495191175,75808
4022495191328,80889
4022495191472,80812
4022679125743,94412
4022679134653,95566
4022679136169,97491
4022679141354,97682
4022679142207,96889
4022679147844,96754
4022679155115,03929
4022679155146,95566
4028685013135,02565
4030539204132,95203
4030539204958,94353
4030539206310,02181
4030539206358,02181
4030539206372,02181
4030539206747,91024
4030539206761,95194
4030674013903,92206
4030674013927,92884
4030674015471,93661
4030674017062,95343
4030674017895,93568
4030674018038,93949
4030674018069,95547
4030674018168,95989
4030674018205,95989
4030674019769,96856
4030674019776,95343
4030674021120,94148
4031626710369,94693
4031626710635,98626
4031626710789,95142
4031626711076,95482
4031626711175,96043
4031626711502,96973
4032129015036,90563
4032129047914,90771
4032129060555,93223
4032129060562,94848
4032129060579,96764
4032129060586,94895
4032717998239,92887
4039239517955,96053
4039239517993,95954
4039343089560,92264
4039343127514,93996
4041932600216,96937
4044518010010,98885
4044518010102,87341
4044518310394,93096
4044518310417,93097
4044518911393,91666
4044518911409,91669
4044518911416,93774
4044518911720,91665
4046222401092,77353
4046222740504,90611
4046222751371,77353
4046719388936,94730
4046964835728,95954
4048846001504,93290
4048846001665,04338
4048846001702,85984
4048846001832,87819
4048846002006,91581
4048846002341,84097
4048846003171,81026
4048846004321,90069
4048846005717,90951
4048846006103,91017
4048846006929,94343
4048846009289,91393
4048846010162,94135
4048846010193,92119
4048846012463,95559
4048846012999,92680
4048846013033,94343
4048846013071,95586
4048846013088,95551
4048846013668,87240
4048846014375,91017
4048846014399,93973
4048846019202,82946
4048846019363,84097
4048846019820,95551
4048846021328,94135
4048846021908,90951
4048846021922,91358
4048846021991,92119
40502,96844
4051892002296,96887
4051895009377,98726
4054839063893,94035
4054839415821,96661
4054839427145,75722
4054839427152,81233
4054839427169,84152
4054839439049,88875
4057598016414,89655
4064665202625,98876
4064666041674,98883
4064666050355,98147
4064666050409,98562
4064666057453,98109
4064666057484,98146
4064666057507,98108
4064666057538,98561
4064666211725,98882
4064666318356,97216
4064666318431,96232
4064666318493,96739
4064666435459,95889
4065265403566,96682
4065266570243,94292
4065266570250,95288
4065269168195,78554
4065269168201,78553
4065269168218,88450
4065269168225,76937
4065269168416,94996
4065269168423,78552
4065269168430,77227
4065269168447,88451
4065271152861,98756
4068676000379,86482
40941,40941
40942,40942
40961,40961
40962,40962
40963,40963
40964,40964
40967,40967
40968,40968
40969,40969
40970,40970
40971,40971
40972,40972
40975,40975
40976,40976
40977,40977
40978,40978
40982,40982
40983,40983
40984,40984
40985,40985
40986,40986
40987,40987
40988,40988
40989,40989
40990,40990
40991,40991
40992,40992
40993,40993
40995,40995
40996,40996
40997,40997
40998,40998
40999,40999
4103040005991,96782
4103040018076,97526
4103040034397,95558
4103040121196,96212
4103040141330,95558
4103040897008,96441
4103040898012,96442
4103040910257,96230
4103040911384,94771
4103040911407,94846
4103040911438,96164
4103040911506,94847
4103040912985,96161
4103040915337,96934
4103040915726,96443
4103040917072,96619
4104480464089,87436
4104480705144,94835
4104480705175,81290
4104480706448,96643
4104480718137,96342
42096276,92089
42185369,89874
42207573,61806
42210191,94580
42210283,95095
42213703,93450
42213727,94581
42231301,95173
42236986,94677
42237020,94582
42277040,95271
42277057,91863
42277071,98407
42277088,98786
42277095,91867
42277132,98406
42277712,98407
42277842,93763
42300076,91862
42300083,97795
42332589,95053
4250104730013,94184
4260031683207,94224
4260095684615,05221
4260171450097,93698
4260171450103,93305
4260171450127,93460
4260370020879,97319
4260370020886,97318
4260401410358,97261
4260401410686,97260
4260401410808,97257
4260401410846,97259
4260401411515,97258
4260401411676,97262
4260401411904,97258
4260401412185,97256
4260401412994,97589
4260747720579,02838
4260747720586,75343
4260747720593,75369
4468562,87652
44696,44696
4512345678906,93249
4719854560290,90125
4719854560320,90126
4719854560337,91688
4891228530129,94986
4891228530136,88476
4892991063012,94401
4895225300570,95598
4904530584923,97082
492808274,63121
4968420500349,89643
4968420500974,00906
4968420501063,60607
4968420501094,95940
4968420501100,63367
4968420721676,63378
4968420726084,93476
4968420726688,84448
4968420726954,96859
4968420729528,85971
50001,50001
5000223074043,02240
5000223421946,02240
50003,50003
5000456013260,90078
5000456018616,95038
5000456018623,93454
5000456021012,93525
5000456021029,98416
5000456026871,82954
5000456071765,82954
50005,50005
50007,50007
50010,50010
50011,50011
50013,50013
50014,50014
50025,50025
50026,50026
50027,50027
50036,50036
50047,50047
50064,50064
50074,50074
50078,50078
50079,50079
50085,50085
50087,50087
50092,50092
50093,50093
50094,50094
50095,50095
50098,50098
50105,50105
50106,50106
50107,50107
50108,50108
50109,50109
50131,50131
50132,50132
50133,50133
50134,50134
50136,50136
50137,50137
50141,50141
50142,50142
50143,50143
50144,50144
50145,50145
50147,50147
50149,50149
5014991588428,97396
50150,50150
50151,50151
50152,50152
50153,50153
50166,50166
50175,50175
50176,50176
50177,50177
50178,50178
50179,50179
50181,50181
50182,50182
50184,50184
50185,50185
50188,50188
50189,50189
50190,50190
50192,50192
50193,50193
50194,50194
50198,50198
50199,50199
50200,50200
50204,50204
50206,50206
50214,50214
50216,50216
50218,50218
50219,50219
50234,50234
50235,50235
50236,50236
50240,50240
50242,50242
50243,50243
50245,50245
50246,50246
50249,50249
50250,50250
5025381000000,93443
5025381000031,93813
50261,50261
50262,50262
5027314498366,96160
5027314499660,95817
5027314503176,92148
5027314503206,91531
50307,50307
50310,50310
50312,50312
50317,50317
5033439032965,88877
50335,50335
50347,50347
50358,50358
50359,50359
50360,50360
50361,50361
50362,50362
50363,50363
50364,50364
5036631003627,97134
5038483393987,88771
5039247800338,95344
5050258003921,05294
5051746938251,97395
5052197008555,00917
5052197036312,87893
5053744279053,95346
5053744337210,95345
5056227203040,96581
5060292653532,92485
5099864014938,97645
5099864015263,97517
5099864015386,97518
5099864015447,97766
5099864015492,93903
5099864015515,97767
51354,51354
51379,51379
51381,51381
51386,51386
51392,51392
51415,51415
51428,51428
51440,51440
51451,51451
51452,51452
51453,51453
51491,51491
51492,51492
51513,51513
51529,51529
51535,51535
51542,51542
51543,51543
51544,51544
51567,51567
51583,51583
51585,51585
51588,51588
51593,51593
51618,51618
51621,51621
51636,51636
51666,51666
51668,51668
51672,51672
51674,51674
51721,51721
51737,51737
51738,51738
51739,51739
51740,51740
51741,51741
51742,51742
51743,51743
51746,51746
51747,51747
51748,51748
51749,51749
51750,51750
51751,51751
51752,51752
51753,51753
51754,51754
51755,51755
51756,51756
51760,51760
51772,51772
51773,51773
51774,51774
51799,51799
51824,51824
51830,51830
51842,51842
51854,51854
51867,51867
51876,51876
51886,51886
51888,51888
51898,51898
51900,51900
51981,51981
51988,51988
51995,51995
5200120750013,97316
5200120750020,97317
52003,52003
52016,52016
52018,52018
52019,52019
52020,52020
52021,52021
5202888222290,97575
5202888222351,97579
5202888222436,97870
5202888271625,98193
5202888271687,98144
5202888271694,98111
5202888271700,98112
52051,52051
52056,52056
52057,52057
5206281110567,93177
5206281120009,92111
5206281120085,92909
5206281120405,91604
52072,52072
52073,52073
52097,52097
52104,52104
52106,52106
52119,52119
52121,52121
52153,52153
52162,52162
52181,52181
52187,52187
52189,52189
52193,52193
52195,52195
52200,52200
52203,52203
52204,52204
52207,52207
52209,52209
52210,52210
52218,52218
52231,52231
52232,52232
52233,52233
52234,52234
52235,52235
52237,52237
52239,52239
52240,52240
52243,52243
52244,52244
52247,52247
52248,52248
52249,52249
52250,52250
52258,52258
52266,52266
52268,52268
52269,52269
52270,52270
52272,52272
52275,52275
52276,52276
52278,52278
52279,52279
52280,52280
52283,52283
52284,52284
52286,52286
52287,52287
52290,52290
52291,52291
52292,52292
52295,52295
52296,52296
52300,52300
52301,52301
52304,52304
52305,52305
52307,52307
52310,52310
52311,52311
52312,52312
52313,52313
52335,52335
52337,52337
52338,52338
52339,52339
52340,52340
52341,52341
52369,52369
52377,52377
52381,52381
52385,52385
52387,52387
52399,52399
52408,52408
52413,52413
52416,52416
52423,52423
52424,52424
52427,52427
52433,52433
52435,52435
52439,52439
52443,52443
52446,52446
52447,52447
52448,52448
52450,52450
52460,52460
52461,52461
52464,52464
52501,52501
52513,52513
52515,52515
52516,52516
52551,52551
52573,52573
52574,52574
52578,52578
52579,52579
52581,52581
52595,52595
52596,52596
52609,52609
52625,52625
52637,52637
52640,52640
52656,52656
52666,52666
52720,52720
52741,52741
52742,52742
52746,52746
52748,52748
52750,52750
52766,52766
52769,52769
52770,52770
52771,52771
52772,52772
52774,52774
52790,52790
52791,52791
52792,52792
52797,52797
52810,52810
52812,52812
52813,52813
52814,52814
52819,52819
52824,52824
52829,52829
52832,52832
52833,52833
52834,52834
52839,52839
52848,52848
52857,52857
52868,52868
52869,52869
52874,52874
52884,52884
52895,52895
52942,52942
52956,52956
52983,52983
52984,52984
52985,52985
52986,52986
52987,52987
52988,52988
52989,52989
52990,52990
52991,52991
52999,52999
53033,53033
53054,53054
53082,53082
53083,53083
53085,53085
53086,53086
53088,53088
53090,53090
53091,53091
53092,53092
53093,53093
53094,53094
53095,53095
53104,53104
53113,53113
53114,53114
53120,53120
53157,53157
53158,53158
53159,53159
53160,53160
53168,53168
53169,53169
53171,53171
53187,53187
53189,53189
53190,53190
53191,53191
53194,53194
53195,53195
53196,53196
53197,53197
53199,53199
53200,53200
53215,53215
53247,53247
53248,53248
53252,53252
53266,53266
53273,53273
53292,53292
53293,53293
53297,53297
53299,53299
53302,53302
53305,53305
53306,53306
53307,53307
53308,53308
53313,53313
53324,53324
53325,53325
53333,53333
53369,53369
53371,53371
53372,53372
53378,53378
53400,53400
53408,53408
53411,53411
53412,53412
53418,53418
53421,53421
53423,53423
53424,53424
53425,53425
53430,53430
53441,53441
53444,53444
53445,53445
53451,53451
53452,53452
53453,53453
53454,53454
53455,53455
53458,53458
53460,53460
53479,53479
53486,53486
53490,53490
53497,53497
53501,53501
53502,53502
53503,53503
53508,53508
53509,53509
53521,53521
53522,53522
53530,53530
53534,53534
53535,53535
53542,53542
53549,53549
53550,53550
53552,53552
53553,53553
53558,53558
53563,53563
53569,53569
53570,53570
53571,53571
53580,53580
53581,53581
53582,53582
53583,53583
53589,53589
53590,53590
53592,53592
53593,53593
53594,53594
53597,53597
53622,53622
53629,53629
53630,53630
53634,53634
53640,53640
53643,53643
53645,53645
53648,53648
53663,53663
53669,53669
53674,53674
53676,53676
53687,53687
5368880,94167
53690,53690
53699,53699
53711,53711
53732,53732
53733,53733
53734,53734
53739,53739
53752,53752
53754,53754
53757,53757
53758,53758
53760,53760
53763,53763
53774,53774
53778,53778
5377873,90306
53779,53779
53791,53791
5379122,92464
53793,53793
53809,53809
53845,53845
53866,53866
53867,53867
53873,53873
53885,53885
53891,53891
53896,53896
53897,53897
53899,53899
53900,53900
53901,53901
53902,53902
53903,53903
5391189200943,94764
5391189220958,97945
5391523055024,83195
5391523056526,91697
5391523056533,91698
5391523056540,03756
5391523056557,87470
5391523056571,91696
5391528870110,94220
53919,53919
53921,53921
53922,53922
53924,53924
53925,53925
53926,53926
53927,53927
53928,53928
53930,53930
53932,53932
53933,53933
53934,53934
53935,53935
53936,53936
53937,53937
53938,53938
53939,53939
53943,53943
53949,53949
53950,53950
53951,53951
53954,53954
53958,53958
53964,53964
53965,53965
53966,53966
53967,53967
53968,53968
53969,53969
53972,53972
53984,53984
53988,53988
53995,53995
53997,53997
54008,54008
54017,54017
54024,54024
54032,54032
54034,54034
54039,54039
54040,54040
54042,54042
54052,54052
54056,54056
54060,54060
54064,54064
54066,54066
54068,54068
54069,54069
54077,54077
54078,54078
54079,54079
54082,54082
54087,54087
54091,54091
54095,54095
54100,54100
54115,54115
54118,54118
54119,54119
54120,54120
54121,54121
54129,54129
54134,54134
5413787593163,00481
5413895028526,88634
54142,54142
54143,54143
54144,54144
54145,54145
54146,54146
54147,54147
54150,54150
5415062114483,98664
54153,54153
54157,54157
54158,54158
54172,54172
54180,54180
54181,54181
54182,54182
54186,54186
54187,54187
54188,54188
54189,54189
54190,54190
54193,54193
54194,54194
5420024613478,96407
5420024614871,98087
54208,54208
54209,54209
54210,54210
54211,54211
54215,54215
54216,54216
54218,54218
54219,54219
54220,54220
5425013000031,98605
54251,54251
54252,54252
54253,54253
54254,54254
54255,54255
54256,54256
54257,54257
54262,54262
54265,54265
54266,54266
54267,54267
54269,54269
54291,54291
54292,54292
54293,54293
54294,54294
54299,54299
54300,54300
54301,54301
54305,54305
54306,54306
54310,54310
54311,54311
54312,54312
54313,54313
54315,54315
54316,54316
54317,54317
54318,54318
54319,54319
54321,54321
54322,54322
54323,54323
54398,54398
54399,54399
54541,54541
54566,54566
55555,55555
5600360010050,85248
5600360010067,88103
5600360010142,84333
5600360010197,65396
5600360011293,85285
5600360011378,98972
5600360011415,81724
5600360011453,92385
5600360011460,94079
5600360012375,90447
5600360012573,00449
5600360012733,94176
5600360012887,94429
5600360012894,94428
5600360013716,97826
5605709179023,80486
5701943010853,95540
5701943013809,95539
5701943100363,95538
5701943100387,95605
5702191011180,82789
5702191021288,96096
5702191025200,03438
5901234123457,98792
5903473014015,96347
5997001309728,94030
5997001367513,94452
60000,60000
60001,60001
60002,60002
60003,60003
60004,60004
60005,60005
60006,60006
6001051000692,80767
6001390118270,02019
6001390124479,00971
60015,60015
60016,60016
60017,60017
60018,60018
60019,60019
60028,60028
60031,60031
60042,60042
60045,60045
60048,60048
60060,60060
60061,60061
60064,60064
60066,60066
60083,60083
60084,60084
60085,60085
60086,60086
60087,60087
60088,60088
60089,60089
60090,60090
60091,60091
60092,60092
60093,60093
60094,60094
60096,60096
60098,60098
60100,60100
60101,60101
60102,60102
60103,60103
60104,60104
60105,60105
60106,60106
60107,60107
60108,60108
60110,60110
60112,60112
60113,60113
60125,60125
60134,60134
60136,60136
60166,60166
60204,60204
60221,60221
60225,60225
60228,60228
60229,60229
60230,60230
60231,60231
60237,60237
60240,60240
60241,60241
60277,60277
60278,60278
60279,60279
60280,60280
60282,60282
60284,60284
60286,60286
60289,60289
60290,60290
60292,60292
60293,60293
60295,60295
60296,60296
60297,60297
60299,60299
60300,60300
60301,60301
60303,60303
60304,60304
60305,60305
60306,60306
60332,60332
60333,60333
60338,60338
60371,60371
60385,60385
60387,60387
60389,60389
60390,60390
60391,60391
60393,60393
60395,60395
60396,60396
60398,60398
60399,60399
60407,60407
60408,60408
60409,60409
60410,60410
60411,60411
60412,60412
60413,60413
60414,60414
60420,60420
60421,60421
60422,60422
60424,60424
60425,60425
60426,60426
60429,60429
60430,60430
60431,60431
60432,60432
60433,60433
60439,60439
60440,60440
60449,60449
60450,60450
60452,60452
60453,60453
60454,60454
60464,60464
60486,60486
60494,60494
60495,60495
60499,60499
60502,60502
60504,60504
60505,60505
60506,60506
60508,60508
60511,60511
60512,60512
60515,60515
60518,60518
60520,60520
60524,60524
60527,60527
60549,60549
60559,60559
60562,60562
60566,60566
60568,60568
60569,60569
60570,60570
60571,60571
60572,60572
60573,60573
60574,60574
60578,60578
60579,60579
60580,60580
60585,60585
60586,60586
60587,60587
60588,60588
60589,60589
60590,60590
60591,60591
60600,60600
60601,60601
60602,60602
60603,60603
60605,60605
60606,60606
60607,60607
60608,60608
60610,60610
60611,60611
60612,60612
60613,60613
60614,60614
60621,60621
60622,60622
60628,60628
60629,60629
60630,60630
60631,60631
60632,60632
60633,60633
60635,60635
60636,60636
60639,60639
60640,60640
60641,60641
60642,60642
60643,60643
60652,60652
60657,60657
60660,60660
60661,60661
60663,60663
60666,60666
60677,60677
60678,60678
60679,60679
60680,60680
60681,60681
60682,60682
60683,60683
60684,60684
60686,60686
60688,60688
60689,60689
60691,60691
60694,60694
60695,60695
60709,60709
60710,60710
60711,60711
60713,60713
60714,60714
60715,60715
60716,60716
60718,60718
60720,60720
60724,60724
60728,60728
60729,60729
60730,60730
60732,60732
60735,60735
60739,60739
60744,60744
60745,60745
60748,60748
60749,60749
60750,60750
60751,60751
60752,60752
60753,60753
60754,60754
60755,60755
60756,60756
60757,60757
60758,60758
60760,60760
60761,60761
60762,60762
60764,60764
60765,60765
60766,60766
60767,60767
60769,60769
60771,60771
60772,60772
60773,60773
60774,60774
60775,60775
60776,60776
60777,60777
60779,60779
60780,60780
60781,60781
60782,60782
60783,60783
60784,60784
60785,60785
60786,60786
60789,60789
60790,60790
60791,60791
60792,60792
60795,60795
60796,60796
60797,60797
60798,60798
60799,60799
60800,60800
60802,60802
60803,60803
60804,60804
60805,60805
60806,60806
60807,60807
60808,60808
60810,60810
60811,60811
60813,60813
60814,60814
60816,60816
60817,60817
60818,60818
60819,60819
60821,60821
60822,60822
60823,60823
60824,60824
60828,60828
60832,60832
60834,60834
60835,60835
60836,60836
60837,60837
60838,60838
60839,60839
60840,60840
60841,60841
60842,60842
60843,60843
60856,60856
60858,60858
60868,60868
60869,60869
60870,60870
60871,60871
60872,60872
60873,60873
60874,60874
60875,60875
60876,60876
60877,60877
60878,60878
60881,60881
60882,60882
60883,60883
60884,60884
60885,60885
60886,60886
60887,60887
60888,60888
60889,60889
60890,60890
60891,60891
60892,60892
60893,60893
60895,60895
60898,60898
60900,60900
60901,60901
60902,60902
60904,60904
60906,60906
60907,60907
60908,60908
60909,60909
60912,60912
60913,60913
6091403201808,02009
6091403202232,04256
6091403224104,88819
6091403224173,89105
6091403224203,79588
6091403224487,98948
6091403224494,86742
609143624519,98675
609143624526,98815
609143624618,98629
609143624700,98880
60916,60916
60920,60920
60921,60921
60922,60922
60923,60923
60924,60924
60925,60925
60926,60926
60927,60927
60928,60928
60929,60929
60930,60930
60931,60931
60934,60934
60935,60935
60936,60936
6093698,93227
60937,60937
60938,60938
60940,60940
60942,60942
60944,60944
60945,60945
60946,60946
60947,60947
60948,60948
60949,60949
60950,60950
60951,60951
60952,60952
60953,60953
60954,60954
60955,60955
60956,60956
60957,60957
60958,60958
60959,60959
60961,60961
60962,60962
60963,60963
60964,60964
60965,60965
60966,60966
60967,60967
60968,60968
60969,60969
60970,60970
60971,60971
60972,60972
60973,60973
60974,60974
60975,60975
60976,60976
60977,60977
60981,60981
60984,60984
60986,60986
60987,60987
60988,60988
60989,60989
60990,60990
60991,60991
60992,60992
60993,60993
60994,60994
60999,60999
61001,61001
61002,61002
61003,61003
61004,61004
61006,61006
61007,61007
61008,61008
61009,61009
61010,61010
61011,61011
61013,61013
61014,61014
61018,61018
61020,61020
61021,61021
61022,61022
61029,61029
61032,61032
61033,61033
61041,61041
61047,61047
61048,61048
61051,61051
61089,61089
61090,61090
61092,61092
61093,61093
61094,61094
61096,61096
61099,61099
61100,61100
61102,61102
61103,61103
61105,61105
61106,61106
61107,61107
61108,61108
61109,61109
61110,61110
61111,61111
61112,61112
61113,61113
61114,61114
61115,61115
61116,61116
61117,61117
61118,61118
61119,61119
61120,61120
61121,61121
61122,61122
61123,61123
61124,61124
61125,61125
61126,61126
61127,61127
61128,61128
61129,61129
61131,61131
61141,61141
61142,61142
61143,61143
61144,61144
61145,61145
61146,61146
61147,61147
61148,61148
61149,61149
61152,61152
61155,61155
61157,61157
61159,61159
61160,61160
61161,61161
61162,61162
61163,61163
61164,61164
61165,61165
61166,61166
61168,61168
61169,61169
61170,61170
61171,61171
61172,61172
61174,61174
61175,61175
61176,61176
61177,61177
61178,61178
61179,61179
61180,61180
61181,61181
61183,61183
61184,61184
61188,61188
61191,61191
61192,61192
61193,61193
61196,61196
61197,61197
6119742,92043
61198,61198
61199,61199
61200,61200
61201,61201
61202,61202
61203,61203
61204,61204
61205,61205
61206,61206
61207,61207
61208,61208
61209,61209
61210,61210
61211,61211
61214,61214
61215,61215
61216,61216
61217,61217
61218,61218
61219,61219
612197522229,85082
612197755559,95059
612197877770,98306
61220,61220
61221,61221
61222,61222
61223,61223
61224,61224
61226,61226
61227,61227
61228,61228
61229,61229
61230,61230
61231,61231
61232,61232
61233,61233
61234,61234
61235,61235
61236,61236
61237,61237
61238,61238
61239,61239
61240,61240
61241,61241
61242,61242
61243,61243
61264,61264
61268,61268
61270,61270
61271,61271
61272,61272
61273,61273
61274,61274
61277,61277
61278,61278
61279,61279
61280,61280
61284,61284
61285,61285
61291,61291
61302,61302
61305,61305
61309,61309
61311,61311
61312,61312
61313,61313
61315,61315
61316,61316
61317,61317
61318,61318
61320,61320
61321,61321
61322,61322
61325,61325
61326,61326
61327,61327
61328,61328
61329,61329
61330,61330
61332,61332
61333,61333
61334,61334
61335,61335
61336,61336
61337,61337
61338,61338
61340,61340
61341,61341
61344,61344
61347,61347
61348,61348
61350,61350
61351,61351
61352,61352
61353,61353
6135362,90428
61355,61355
61356,61356
61357,61357
61358,61358
61359,61359
61360,61360
61361,61361
61362,61362
61363,61363
61364,61364
61365,61365
61366,61366
61367,61367
61368,61368
61371,61371
61372,61372
61373,61373
61374,61374
61375,61375
61376,61376
61377,61377
61378,61378
61379,61379
61380,61380
61382,61382
61383,61383
61384,61384
61385,61385
61386,61386
61387,61387
61389,61389
61390,61390
61392,61392
61397,61397
61398,61398
61400,61400
61401,61401
61402,61402
61404,61404
61405,61405
61408,61408
61411,61411
61412,61412
614143621130,97580
61415,61415
61418,61418
61419,61419
61420,61420
61421,61421
61422,61422
61423,61423
61426,61426
61427,61427
61428,61428
61429,61429
61431,61431
61432,61432
61433,61433
61434,61434
61435,61435
61436,61436
61437,61437
61439,61439
61440,61440
61445,61445
61447,61447
61448,61448
61450,61450
61451,61451
61453,61453
61454,61454
61455,61455
61456,61456
61457,61457
61458,61458
61459,61459
61460,61460
61461,61461
61463,61463
61464,61464
61465,61465
61466,61466
61467,61467
61468,61468
61469,61469
61470,61470
61472,61472
61473,61473
61474,61474
61475,61475
61476,61476
61477,61477
61479,61479
61481,61481
61482,61482
61483,61483
61484,61484
61485,61485
61486,61486
61487,61487
61488,61488
61489,61489
61490,61490
61491,61491
61492,61492
61493,61493
61494,61494
61495,61495
61496,61496
61497,61497
61498,61498
61499,61499
61500,61500
61501,61501
61502,61502
61503,61503
61507,61507
61509,61509
61510,61510
61511,61511
61513,61513
61514,61514
61515,61515
61516,61516
61517,61517
61518,61518
61523,61523
61524,61524
61526,61526
61528,61528
61529,61529
61530,61530
61533,61533
61534,61534
61535,61535
61536,61536
61537,61537
61538,61538
61539,61539
61540,61540
61541,61541
61542,61542
61545,61545
61546,61546
61547,61547
61548,61548
61551,61551
61552,61552
61554,61554
61557,61557
61558,61558
61559,61559
61560,61560
61561,61561
61562,61562
61565,61565
61567,61567
61568,61568
61569,61569
61571,61571
61572,61572
61573,61573
61574,61574
61579,61579
61580,61580
61581,61581
61582,61582
61583,61583
61584,61584
61586,61586
61587,61587
61588,61588
61589,61589
61590,61590
61591,61591
61592,61592
61594,61594
61595,61595
61596,61596
61597,61597
61598,61598
61599,61599
61600,61600
61601,61601
61602,61602
61606,61606
61609,61609
61610,61610
61611,61611
61612,61612
61613,61613
61614,61614
61617,61617
61618,61618
61619,61619
61620,61620
61621,61621
61622,61622
61623,61623
61624,61624
61625,61625
61626,61626
61627,61627
61628,61628
61629,61629
61630,61630
61631,61631
61632,61632
61633,61633
61634,61634
61635,61635
61636,61636
61637,61637
61638,61638
61639,61639
61640,61640
61641,61641
61642,61642
61643,61643
61644,61644
61645,61645
61646,61646
61647,61647
61648,61648
61650,61650
61651,61651
61652,61652
61653,61653
61654,61654
61655,61655
61656,61656
61657,61657
61658,61658
61661,61661
61662,61662
61663,61663
61664,61664
61665,61665
61666,61666
61667,61667
61668,61668
61669,61669
61670,61670
61671,61671
61672,61672
61673,61673
61675,61675
61677,61677
61678,61678
61679,61679
61680,61680
61683,61683
61684,61684
61688,61688
61689,61689
61690,61690
61691,61691
61692,61692
61693,61693
61695,61695
61696,61696
61699,61699
61700,61700
61703,61703
61706,61706
61708,61708
61711,61711
61712,61712
61718,61718
61719,61719
61721,61721
61722,61722
61723,61723
61724,61724
61726,61726
61728,61728
61729,61729
61731,61731
61733,61733
61734,61734
61735,61735
61738,61738
61739,61739
61740,61740
61741,61741
61742,61742
61743,61743
61744,61744
61745,61745
61746,61746
61747,61747
61749,61749
61750,61750
61751,61751
61752,61752
61753,61753
61754,61754
61755,61755
61756,61756
61757,61757
61758,61758
61759,61759
61761,61761
61762,61762
61763,61763
61764,61764
61765,61765
61766,61766
61768,61768
61769,61769
61771,61771
61777,61777
61781,61781
61782,61782
61783,61783
61784,61784
61786,61786
61787,61787
61788,61788
61790,61790
61793,61793
61794,61794
61795,61795
61796,61796
61797,61797
61798,61798
61799,61799
61800,61800
61802,61802
61803,61803
61805,61805
61806,61806
61809,61809
61811,61811
61812,61812
61813,61813
61815,61815
61816,61816
61817,61817
61818,61818
61819,61819
61820,61820
61821,61821
61823,61823
61824,61824
61825,61825
61826,61826
61827,61827
61828,61828
61829,61829
61830,61830
61831,61831
61832,61832
61842,61842
61844,61844
61845,61845
61847,61847
61848,61848
61849,61849
61851,61851
61852,61852
61853,61853
61854,61854
61855,61855
61856,61856
61857,61857
61858,61858
61860,61860
61861,61861
61865,61865
61866,61866
61867,61867
61868,61868
61869,61869
61870,61870
61872,61872
61873,61873
61875,61875
61876,61876
61883,61883
61885,61885
61886,61886
61887,61887
61888,61888
61889,61889
61890,61890
61891,61891
61892,61892
61894,61894
61895,61895
61896,61896
61897,61897
61898,61898
61899,61899
61900,61900
61906,61906
61907,61907
61908,61908
61909,61909
61910,61910
61912,61912
61913,61913
61914,61914
61915,61915
61916,61916
61920,61920
61922,61922
61923,61923
61924,61924
6192405001905,96349
61925,61925
61926,61926
61927,61927
61929,61929
61930,61930
61931,61931
61932,61932
61933,61933
61935,61935
61936,61936
61937,61937
61938,61938
61939,61939
61940,61940
61942,61942
61943,61943
61945,61945
61948,61948
61949,61949
61950,61950
61951,61951
61952,61952
61953,61953
61954,61954
61955,61955
61956,61956
61957,61957
61958,61958
61959,61959
61960,61960
61961,61961
61962,61962
61964,61964
61965,61965
61966,61966
61967,61967
61968,61968
61972,61972
61973,61973
61974,61974
61975,61975
61976,61976
61977,61977
61978,61978
61979,61979
61980,61980
61981,61981
61982,61982
619828127778,98874
61984,61984
61986,61986
61987,61987
61988,61988
61989,61989
61990,61990
61991,61991
61994,61994
61995,61995
61996,61996
61997,61997
61998,61998
61999,61999
62000,62000
62001,62001
62005,62005
62006,62006
62007,62007
62008,62008
62009,62009
62010,62010
62011,62011
62012,62012
62013,62013
62014,62014
62015,62015
62016,62016
62019,62019
62020,62020
62021,62021
62022,62022
62023,62023
62024,62024
62025,62025
62028,62028
62031,62031
62032,62032
62033,62033
62035,62035
62036,62036
62037,62037
62039,62039
62045,62045
62046,62046
62047,62047
62048,62048
62049,62049
62050,62050
62051,62051
62052,62052
62053,62053
62054,62054
62055,62055
62056,62056
62059,62059
62060,62060
62061,62061
62062,62062
62063,62063
62064,62064
62066,62066
62067,62067
62070,62070
62071,62071
62072,62072
62073,62073
62077,62077
62079,62079
62080,62080
62081,62081
62082,62082
62083,62083
62084,62084
62085,62085
62086,62086
62087,62087
62088,62088
62090,62090
62091,62091
62092,62092
62093,62093
62094,62094
62095,62095
62096,62096
62097,62097
62098,62098
62103,62103
62104,62104
62105,62105
62106,62106
62107,62107
62108,62108
62109,62109
62110,62110
62111,62111
62112,62112
62113,62113
62115,62115
62124,62124
62125,62125
62126,62126
62127,62127
62128,62128
62129,62129
62131,62131
62132,62132
62133,62133
62134,62134
62135,62135
62136,62136
62137,62137
62138,62138
62139,62139
62140,62140
62141,62141
62143,62143
62144,62144
62146,62146
62147,62147
62148,62148
62149,62149
62150,62150
62151,62151
62152,62152
62153,62153
62154,62154
62155,62155
62156,62156
62157,62157
62158,62158
62159,62159
62160,62160
62161,62161
62162,62162
62163,62163
62164,62164
62165,62165
62166,62166
62167,62167
62168,62168
62169,62169
62170,62170
62171,62171
62172,62172
62173,62173
62174,62174
62175,62175
62177,62177
62178,62178
62179,62179
62180,62180
62181,62181
62182,62182
62183,62183
62184,62184
62185,62185
62186,62186
62187,62187
62188,62188
62189,62189
62191,62191
62192,62192
62195,62195
62196,62196
62199,62199
62200,62200
62201,62201
62202,62202
62204,62204
62205,62205
62206,62206
62207,62207
62208,62208
62210,62210
62212,62212
62213,62213
62214,62214
62215,62215
62216,62216
62217,62217
62218,62218
62219,62219
62221,62221
62225,62225
62226,62226
62228,62228
62229,62229
62230,62230
62236,62236
62237,62237
62238,62238
62239,62239
62240,62240
62241,62241
62242,62242
62243,62243
62244,62244
62245,62245
62246,62246
62249,62249
62250,62250
62251,62251
62253,62253
62254,62254
62255,62255
62256,62256
62257,62257
62258,62258
62259,62259
62260,62260
62261,62261
62264,62264
62265,62265
62266,62266
62267,62267
62268,62268
62269,62269
62270,62270
62271,62271
62272,62272
62273,62273
62275,62275
62276,62276
62277,62277
62278,62278
62279,62279
62280,62280
62281,62281
62282,62282
62283,62283
62284,62284
62286,62286
62288,62288
62289,62289
62291,62291
62292,62292
62293,62293
62294,62294
62295,62295
62296,62296
62297,62297
62298,62298
62299,62299
62300,62300
62301,62301
62303,62303
62304,62304
62305,62305
62306,62306
62310,62310
62312,62312
62316,62316
62317,62317
62318,62318
62319,62319
62320,62320
62321,62321
62322,62322
62323,62323
62325,62325
62329,62329
62330,62330
62331,62331
62332,62332
62333,62333
62334,62334
62335,62335
62336,62336
62337,62337
62338,62338
62339,62339
62340,62340
62341,62341
62342,62342
62343,62343
62344,62344
62345,62345
62346,62346
62347,62347
62348,62348
62349,62349
62350,62350
62351,62351
62352,62352
62353,62353
62354,62354
62355,62355
62357,62357
62358,62358
62361,62361
62363,62363
62364,62364
62365,62365
62366,62366
62367,62367
62368,62368
62369,62369
62370,62370
62371,62371
62372,62372
62373,62373
62374,62374
62375,62375
62376,62376
62377,62377
62378,62378
62379,62379
62380,62380
62381,62381
62382,62382
62383,62383
62384,62384
62385,62385
62386,62386
62387,62387
62389,62389
62390,62390
62393,62393
62396,62396
62397,62397
62398,62398
62399,62399
62400,62400
62403,62403
62405,62405
62406,62406
62407,62407
62408,62408
62409,62409
62410,62410
62411,62411
62412,62412
62413,62413
62414,62414
62415,62415
62419,62419
62420,62420
62421,62421
62423,62423
62427,62427
62433,62433
62434,62434
62435,62435
62436,62436
62437,62437
62438,62438
62439,62439
62440,62440
62441,62441
62442,62442
62443,62443
62444,62444
62445,62445
62448,62448
62451,62451
62454,62454
62457,62457
62461,62461
62462,62462
62463,62463
62466,62466
62467,62467
62468,62468
62469,62469
62470,62470
62471,62471
62472,62472
62473,62473
62474,62474
62475,62475
62477,62477
62478,62478
62479,62479
62481,62481
62482,62482
62483,62483
62485,62485
62486,62486
62487,62487
62488,62488
62489,62489
62490,62490
62491,62491
62492,62492
62493,62493
62494,62494
62495,62495
62496,62496
62497,62497
62498,62498
62499,62499
62501,62501
62502,62502
62503,62503
62504,62504
62505,62505
62507,62507
62508,62508
62509,62509
62515,62515
62516,62516
62517,62517
62518,62518
62522,62522
62523,62523
62524,62524
62525,62525
62526,62526
62528,62528
62529,62529
62530,62530
62531,62531
62532,62532
62533,62533
62534,62534
62535,62535
62536,62536
62537,62537
62538,62538
62539,62539
62540,62540
62541,62541
62542,62542
62543,62543
62544,62544
62545,62545
62546,62546
62547,62547
62548,62548
62549,62549
62550,62550
62551,62551
62552,62552
62553,62553
62554,62554
62555,62555
62556,62556
62558,62558
62559,62559
62560,62560
62561,62561
62562,62562
62563,62563
62564,62564
62565,62565
62566,62566
62567,62567
62568,62568
62569,62569
62570,62570
62571,62571
62572,62572
62573,62573
62574,62574
62575,62575
62576,62576
62577,62577
62578,62578
62579,62579
62580,62580
62581,62581
62582,62582
62583,62583
62584,62584
62585,62585
62586,62586
62587,62587
62588,62588
62589,62589
62590,62590
62591,62591
62592,62592
62593,62593
62594,62594
62595,62595
62596,62596
62597,62597
62598,62598
62599,62599
62600,62600
62601,62601
62602,62602
62603,62603
62604,62604
62605,62605
62606,62606
62608,62608
62609,62609
62610,62610
62611,62611
62612,62612
62613,62613
62614,62614
62615,62615
62616,62616
62617,62617
62618,62618
62619,62619
62620,62620
62621,62621
62622,62622
62623,62623
62624,62624
62625,62625
62628,62628
62631,62631
62632,62632
62633,62633
62634,62634
62636,62636
62638,62638
62639,62639
62645,62645
62646,62646
62648,62648
62649,62649
62650,62650
62651,62651
62652,62652
62653,62653
62655,62655
62656,62656
62657,62657
62659,62659
62661,62661
62662,62662
62663,62663
62664,62664
62665,62665
62666,62666
62667,62667
62668,62668
62669,62669
62670,62670
62671,62671
62672,62672
62673,62673
62674,62674
62675,62675
62676,62676
62677,62677
62678,62678
62679,62679
62680,62680
62681,62681
62682,62682
62683,62683
62684,62684
62685,62685
62686,62686
62688,62688
62690,62690
62695,62695
62696,62696
62698,62698
62699,62699
62700,62700
62701,62701
62702,62702
62703,62703
62704,62704
62705,62705
62706,62706
62708,62708
62709,62709
62710,62710
62711,62711
62712,62712
62713,62713
62714,62714
62715,62715
62716,62716
62717,62717
62718,62718
62719,62719
62720,62720
62721,62721
62722,62722
62723,62723
62728,62728
62729,62729
62730,62730
62731,62731
62732,62732
62733,62733
62734,62734
62735,62735
62736,62736
62737,62737
62738,62738
62739,62739
62740,62740
62741,62741
62742,62742
62743,62743
62744,62744
62745,62745
62748,62748
62749,62749
62750,62750
62751,62751
62752,62752
62753,62753
62754,62754
62755,62755
62758,62758
62759,62759
62760,62760
62761,62761
62762,62762
62763,62763
62764,62764
62766,62766
62767,62767
62768,62768
62769,62769
62770,62770
62771,62771
62772,62772
62773,62773
62774,62774
62775,62775
62776,62776
62777,62777
62778,62778
62779,62779
62780,62780
62781,62781
62782,62782
62783,62783
62784,62784
62785,62785
62786,62786
62787,62787
62788,62788
62789,62789
62790,62790
62791,62791
62792,62792
62793,62793
62794,62794
62795,62795
62796,62796
62797,62797
62798,62798
62799,62799
62800,62800
62801,62801
62802,62802
62803,62803
62804,62804
62805,62805
62808,62808
62810,62810
62811,62811
62812,62812
62815,62815
62816,62816
62817,62817
62818,62818
62819,62819
62820,62820
62821,62821
62822,62822
62823,62823
62824,62824
62825,62825
62826,62826
62828,62828
62829,62829
62830,62830
62831,62831
62832,62832
62833,62833
62835,62835
62836,62836
62837,62837
62838,62838
62839,62839
62840,62840
62841,62841
62842,62842
62843,62843
62844,62844
62845,62845
62846,62846
62847,62847
62848,62848
62849,62849
62850,62850
62851,62851
62852,62852
62854,62854
62855,62855
62919,62919
62920,62920
62921,62921
62922,62922
62923,62923
62925,62925
62926,62926
62927,62927
62929,62929
62930,62930
62931,62931
62932,62932
62933,62933
62934,62934
62935,62935
62936,62936
62937,62937
62938,62938
62939,62939
62941,62941
62944,62944
62945,62945
62946,62946
62950,62950
62951,62951
62952,62952
62953,62953
62955,62955
62956,62956
62959,62959
62960,62960
62961,62961
62962,62962
62963,62963
62964,62964
62966,62966
62967,62967
62969,62969
62970,62970
62971,62971
62972,62972
62974,62974
62977,62977
62978,62978
62979,62979
62980,62980
62981,62981
62982,62982
62983,62983
62984,62984
62985,62985
62986,62986
62987,62987
62988,62988
62989,62989
62990,62990
62992,62992
62993,62993
62994,62994
62995,62995
62996,62996
62997,62997
62998,62998
62999,62999
63000,63000
63001,63001
63002,63002
63003,63003
63004,63004
63007,63007
63008,63008
63011,63011
63012,63012
63014,63014
63015,63015
63016,63016
63019,63019
63020,63020
63021,63021
63022,63022
63023,63023
63024,63024
63025,63025
63026,63026
63027,63027
63028,63028
63029,63029
63031,63031
63032,63032
63033,63033
63035,63035
63036,63036
63037,63037
63038,63038
63040,63040
63041,63041
63042,63042
63043,63043
63044,63044
63045,63045
63046,63046
63047,63047
63048,63048
63049,63049
63050,63050
63051,63051
63052,63052
63054,63054
63056,63056
63057,63057
63060,63060
63062,63062
63064,63064
63066,63066
63067,63067
63068,63068
63069,63069
63070,63070
63071,63071
63072,63072
63074,63074
63078,63078
63079,63079
63081,63081
63082,63082
63084,63084
63085,63085
63086,63086
63087,63087
63088,63088
63089,63089
63090,63090
63091,63091
63092,63092
63093,63093
63094,63094
63095,63095
63096,63096
63097,63097
63098,63098
63101,63101
63103,63103
63106,63106
63107,63107
63108,63108
63109,63109
63110,63110
63120,63120
63122,63122
63126,63126
63127,63127
63128,63128
63129,63129
63130,63130
63131,63131
63132,63132
63133,63133
63134,63134
63135,63135
63136,63136
63137,63137
63138,63138
63139,63139
63142,63142
63143,63143
63144,63144
63148,63148
63149,63149
63151,63151
63153,63153
63154,63154
63155,63155
63160,63160
63161,63161
63162,63162
63163,63163
63165,63165
63166,63166
63167,63167
63168,63168
63169,63169
63170,63170
63171,63171
63172,63172
63173,63173
63174,63174
63180,63180
63181,63181
63182,63182
63188,63188
63190,63190
63194,63194
63196,63196
63201,63201
63206,63206
63210,63210
63212,63212
63213,63213
63214,63214
63215,63215
63216,63216
63222,63222
63223,63223
63224,63224
63225,63225
63226,63226
63227,63227
63228,63228
63229,63229
63230,63230
63231,63231
63232,63232
63234,63234
63236,63236
63238,63238
63244,63244
63247,63247
63249,63249
63251,63251
63254,63254
63259,63259
63264,63264
63266,63266
63269,63269
63272,63272
63278,63278
63279,63279
63283,63283
63284,63284
63285,63285
63289,63289
63290,63290
63291,63291
63293,63293
63296,63296
63298,63298
63299,63299
63301,63301
63302,63302
63306,63306
63307,63307
63308,63308
63311,63311
63312,63312
63314,63314
63315,63315
63317,63317
63318,63318
63320,63320
63321,63321
63323,63323
63326,63326
63328,63328
63332,63332
63333,63333
63337,63337
633372710156,78134
63345,63345
63346,63346
63350,63350
63353,63353
63355,63355
63356,63356
63359,63359
63362,63362
63365,63365
63366,63366
63367,63367
63368,63368
63370,63370
63371,63371
63372,63372
63373,63373
63375,63375
63376,63376
63378,63378
63379,63379
63380,63380
63381,63381
63382,63382
63383,63383
63388,63388
63389,63389
63390,63390
63391,63391
63392,63392
63394,63394
63395,63395
63396,63396
63397,63397
63398,63398
63399,63399
63400,63400
63401,63401
63402,63402
63403,63403
63405,63405
63406,63406
63407,63407
63408,63408
63409,63409
63410,63410
63411,63411
63413,63413
63414,63414
634158780691,98180
63416,63416
63422,63422
63423,63423
63424,63424
63425,63425
63426,63426
63427,63427
63430,63430
63433,63433
63435,63435
63436,63436
63437,63437
63438,63438
63439,63439
63440,63440
63443,63443
63444,63444
63445,63445
63449,63449
63450,63450
63451,63451
63452,63452
63455,63455
63457,63457
63458,63458
63460,63460
63461,63461
63467,63467
63468,63468
63470,63470
63471,63471
63472,63472
63473,63473
63475,63475
63477,63477
63478,63478
63479,63479
63480,63480
63481,63481
63482,63482
63483,63483
63484,63484
63485,63485
63486,63486
63487,63487
63488,63488
63489,63489
63490,63490
63491,63491
63492,63492
63493,63493
63494,63494
63495,63495
63496,63496
63497,63497
63498,63498
63499,63499
63503,63503
63504,63504
63505,63505
63506,63506
63507,63507
63510,63510
63511,63511
63513,63513
63514,63514
63516,63516
63517,63517
63518,63518
63519,63519
63520,63520
63521,63521
63522,63522
63523,63523
63524,63524
63525,63525
63526,63526
63533,63533
63537,63537
63538,63538
63539,63539
63540,63540
63541,63541
63543,63543
63544,63544
635494345254,97050
635494369205,97114
63550,63550
63551,63551
63552,63552
6355224,92894
63553,63553
63554,63554
63555,63555
63556,63556
63557,63557
63558,63558
63559,63559
63560,63560
63561,63561
63562,63562
63563,63563
63564,63564
63565,63565
63570,63570
63571,63571
63572,63572
63573,63573
63574,63574
63576,63576
63578,63578
63581,63581
63582,63582
63583,63583
63584,63584
63585,63585
63586,63586
63587,63587
63588,63588
63589,63589
63590,63590
63598,63598
63599,63599
63600,63600
63602,63602
63605,63605
63606,63606
63607,63607
63608,63608
63609,63609
63610,63610
63611,63611
63612,63612
63613,63613
63617,63617
63618,63618
63635,63635
63636,63636
63644,63644
63656,63656
63657,63657
63660,63660
63662,63662
63663,63663
63664,63664
63665,63665
63666,63666
63667,63667
63668,63668
63669,63669
63670,63670
63671,63671
63672,63672
63674,63674
63675,63675
63676,63676
63678,63678
63679,63679
63680,63680
63681,63681
63682,63682
63683,63683
63684,63684
63685,63685
63686,63686
63687,63687
63689,63689
63690,63690
63691,63691
63692,63692
63693,63693
63695,63695
63698,63698
63700,63700
63701,63701
63702,63702
63716,63716
63718,63718
63720,63720
63722,63722
63724,63724
63726,63726
63728,63728
63731,63731
6373133,93042
63734,63734
63746,63746
63747,63747
63748,63748
63749,63749
63751,63751
63752,63752
63753,63753
63754,63754
63755,63755
63756,63756
63758,63758
63759,63759
63761,63761
63763,63763
63764,63764
63766,63766
63768,63768
63769,63769
63771,63771
63772,63772
63774,63774
63777,63777
63778,63778
63779,63779
63781,63781
63783,63783
63786,63786
63789,63789
63790,63790
63791,63791
63796,63796
63797,63797
63798,63798
63799,63799
63800,63800
63801,63801
63802,63802
63804,63804
63805,63805
63806,63806
63807,63807
63808,63808
63810,63810
63814,63814
63815,63815
63819,63819
63820,63820
63821,63821
63822,63822
63823,63823
63824,63824
63825,63825
63826,63826
63827,63827
63828,63828
63829,63829
63830,63830
63831,63831
63833,63833
63834,63834
63835,63835
63836,63836
63837,63837
63838,63838
63839,63839
63840,63840
63841,63841
63842,63842
63843,63843
63844,63844
63846,63846
63847,63847
63848,63848
63849,63849
63850,63850
63851,63851
63852,63852
63854,63854
63855,63855
63856,63856
63857,63857
63858,63858
63859,63859
63860,63860
63861,63861
63862,63862
63863,63863
63864,63864
63865,63865
63866,63866
63867,63867
63868,63868
63869,63869
63870,63870
63871,63871
63872,63872
63874,63874
63876,63876
63877,63877
63878,63878
63879,63879
63880,63880
63881,63881
63882,63882
63883,63883
63884,63884
63885,63885
63886,63886
63887,63887
63888,63888
63889,63889
63890,63890
63891,63891
63892,63892
63893,63893
63894,63894
63895,63895
63896,63896
63897,63897
63898,63898
63900,63900
63901,63901
63902,63902
63903,63903
63904,63904
63905,63905
63906,63906
63907,63907
63909,63909
63910,63910
63911,63911
63912,63912
63913,63913
63914,63914
63915,63915
63916,63916
63917,63917
63918,63918
63919,63919
63921,63921
63922,63922
63923,63923
63924,63924
63925,63925
63926,63926
63928,63928
63929,63929
63931,63931
63932,63932
63933,63933
63934,63934
63935,63935
63936,63936
63937,63937
63938,63938
63939,63939
63940,63940
63942,63942
63943,63943
63944,63944
63945,63945
63946,63946
63947,63947
63948,63948
63949,63949
63950,63950
63951,63951
63952,63952
63953,63953
63955,63955
63956,63956
63958,63958
63959,63959
63961,63961
63962,63962
63963,63963
63967,63967
63970,63970
63971,63971
63973,63973
63974,63974
63975,63975
63976,63976
63978,63978
63979,63979
63982,63982
63983,63983
63984,63984
63985,63985
63986,63986
63987,63987
63988,63988
63989,63989
63990,63990
63991,63991
63994,63994
63995,63995
63996,63996
63997,63997
63998,63998
63999,63999
64000,64000
64001,64001
64002,64002
64003,64003
64004,64004
64005,64005
64006,64006
64007,64007
64008,64008
64009,64009
64010,64010
64011,64011
64012,64012
64013,64013
64014,64014
64015,64015
64017,64017
64021,64021
64023,64023
64024,64024
64025,64025
64026,64026
64027,64027
64031,64031
64032,64032
64034,64034
64035,64035
64036,64036
64037,64037
64039,64039
64040,64040
64043,64043
64044,64044
64045,64045
64046,64046
64047,64047
64048,64048
64049,64049
64050,64050
64051,64051
64055,64055
64056,64056
64057,64057
64058,64058
64060,64060
64062,64062
64063,64063
64064,64064
64065,64065
64066,64066
64067,64067
64068,64068
64069,64069
64070,64070
64071,64071
64072,64072
64074,64074
64075,64075
64077,64077
64078,64078
64079,64079
64080,64080
64081,64081
64082,64082
64083,64083
64084,64084
64085,64085
64086,64086
64087,64087
64088,64088
64089,64089
64090,64090
64091,64091
64092,64092
64094,64094
64096,64096
64097,64097
64099,64099
64100,64100
64101,64101
64102,64102
64103,64103
64104,64104
64105,64105
64106,64106
64107,64107
64108,64108
64109,64109
64110,64110
64111,64111
64112,64112
64113,64113
64114,64114
64115,64115
64116,64116
64117,64117
64118,64118
64119,64119
64120,64120
64122,64122
64127,64127
64134,64134
64138,64138
64142,64142
64148,64148
64151,64151
64152,64152
64169,64169
64172,64172
64174,64174
64176,64176
64182,64182
64183,64183
64187,64187
64194,64194
64200,64200
64201,64201
64203,64203
64204,64204
64205,64205
64206,64206
64207,64207
64208,64208
64209,64209
64210,64210
64211,64211
64212,64212
64213,64213
64214,64214
64216,64216
64218,64218
64221,64221
64225,64225
64226,64226
64228,64228
64229,64229
64230,64230
64231,64231
64232,64232
64233,64233
64234,64234
64235,64235
64237,64237
64238,64238
64239,64239
64240,64240
64242,64242
64243,64243
64244,64244
64245,64245
64246,64246
64247,64247
64248,64248
64249,64249
64250,64250
64251,64251
64252,64252
64254,64254
64255,64255
64256,64256
64257,64257
64258,64258
64260,64260
64261,64261
64262,64262
64263,64263
64264,64264
64265,64265
64266,64266
64267,64267
64269,64269
64271,64271
64272,64272
64273,64273
64274,64274
64275,64275
64276,64276
64277,64277
64278,64278
64279,64279
64280,64280
64281,64281
64282,64282
64287,64287
64288,64288
64289,64289
64290,64290
64291,64291
64292,64292
64294,64294
64295,64295
64299,64299
64301,64301
64302,64302
64303,64303
64305,64305
64306,64306
64307,64307
64308,64308
64309,64309
64310,64310
64311,64311
64312,64312
64313,64313
64314,64314
64315,64315
64316,64316
64317,64317
64318,64318
64319,64319
64320,64320
64321,64321
64322,64322
64323,64323
64324,64324
64325,64325
64326,64326
64327,64327
64328,64328
64329,64329
64330,64330
64331,64331
64332,64332
64335,64335
64336,64336
64337,64337
64340,64340
64341,64341
64342,64342
64343,64343
64344,64344
64345,64345
64346,64346
64347,64347
64348,64348
64349,64349
64350,64350
64351,64351
64352,64352
64353,64353
64354,64354
64356,64356
64357,64357
64358,64358
64359,64359
64360,64360
64361,64361
64362,64362
64363,64363
64364,64364
64365,64365
64366,64366
64367,64367
64368,64368
64369,64369
64370,64370
64371,64371
64372,64372
64373,64373
64374,64374
64375,64375
64376,64376
64377,64377
64378,64378
64379,64379
64380,64380
64381,64381
64382,64382
64384,64384
64385,64385
64386,64386
64387,64387
64390,64390
64391,64391
64392,64392
64393,64393
64394,64394
64395,64395
64396,64396
64397,64397
64398,64398
64399,64399
64400,64400
64401,64401
64402,64402
64403,64403
64404,64404
64405,64405
64406,64406
64407,64407
64408,64408
64409,64409
64410,64410
64411,64411
64412,64412
64413,64413
64415,64415
64416,64416
64417,64417
64418,64418
64419,64419
64420,64420
64421,64421
64422,64422
64423,64423
64424,64424
64425,64425
64426,64426
64427,64427
64428,64428
64429,64429
64430,64430
64431,64431
64432,64432
64433,64433
64434,64434
64435,64435
64436,64436
64437,64437
64438,64438
64439,64439
64440,64440
64441,64441
64442,64442
64444,64444
64446,64446
64447,64447
64448,64448
64449,64449
64450,64450
64451,64451
64452,64452
64453,64453
64454,64454
64455,64455
64456,64456
64458,64458
64459,64459
64460,64460
64461,64461
64462,64462
64463,64463
64464,64464
64465,64465
64466,64466
64467,64467
64468,64468
64469,64469
64470,64470
64471,64471
64472,64472
64474,64474
64475,64475
64476,64476
64477,64477
64478,64478
64479,64479
64480,64480
64481,64481
64482,64482
64483,64483
64484,64484
64485,64485
64486,64486
64487,64487
64488,64488
64493,64493
64494,64494
64495,64495
64496,64496
64497,64497
64499,64499
64500,64500
64501,64501
64502,64502
64503,64503
64504,64504
64506,64506
64507,64507
64508,64508
64509,64509
64510,64510
64511,64511
64513,64513
64521,64521
64522,64522
64523,64523
64524,64524
64525,64525
64526,64526
64527,64527
64528,64528
64529,64529
64530,64530
64531,64531
64532,64532
64533,64533
64537,64537
64538,64538
64539,64539
64540,64540
64541,64541
64542,64542
64543,64543
64544,64544
64545,64545
64546,64546
64547,64547
64548,64548
64549,64549
64550,64550
64551,64551
64552,64552
64553,64553
64554,64554
64555,64555
64556,64556
64557,64557
64558,64558
64559,64559
64560,64560
64561,64561
64562,64562
64563,64563
64564,64564
64565,64565
64566,64566
64567,64567
64569,64569
64570,64570
64571,64571
64572,64572
64573,64573
64574,64574
64575,64575
64578,64578
64580,64580
64581,64581
64582,64582
64583,64583
64584,64584
64585,64585
64586,64586
64588,64588
64589,64589
64590,64590
64591,64591
64593,64593
64594,64594
64595,64595
64596,64596
64602,64602
64603,64603
64604,64604
64605,64605
64610,64610
64611,64611
64613,64613
64614,64614
64615,64615
64616,64616
64621,64621
64624,64624
64625,64625
64626,64626
64627,64627
64628,64628
64629,64629
64630,64630
64631,64631
64633,64633
64634,64634
64635,64635
64637,64637
64639,64639
64640,64640
64641,64641
64642,64642
64643,64643
64645,64645
64646,64646
64647,64647
64648,64648
64649,64649
64650,64650
64651,64651
64652,64652
64653,64653
64654,64654
64655,64655
64656,64656
64657,64657
64658,64658
64659,64659
64660,64660
64661,64661
64662,64662
64663,64663
64664,64664
64665,64665
64666,64666
64667,64667
64668,64668
64669,64669
64670,64670
64672,64672
64673,64673
64674,64674
64675,64675
64676,64676
64677,64677
64678,64678
64679,64679
64680,64680
64681,64681
64682,64682
64683,64683
64684,64684
64685,64685
64686,64686
64687,64687
64688,64688
64689,64689
64690,64690
64691,64691
64692,64692
64694,64694
64695,64695
64696,64696
64697,64697
64698,64698
64699,64699
64700,64700
64701,64701
64702,64702
64703,64703
64704,64704
64705,64705
64706,64706
64707,64707
64708,64708
64711,64711
64712,64712
64713,64713
64714,64714
64715,64715
64716,64716
64717,64717
64718,64718
64720,64720
64721,64721
64722,64722
64723,64723
64724,64724
64726,64726
64728,64728
64729,64729
64731,64731
64732,64732
64733,64733
64734,64734
64735,64735
64736,64736
64737,64737
64739,64739
64740,64740
64741,64741
64746,64746
64748,64748
64749,64749
64750,64750
64751,64751
64752,64752
64753,64753
64756,64756
64757,64757
64758,64758
64759,64759
64760,64760
64761,64761
64762,64762
64764,64764
64765,64765
64766,64766
64767,64767
64768,64768
64769,64769
64770,64770
64774,64774
64775,64775
64776,64776
64777,64777
64778,64778
64779,64779
64783,64783
64784,64784
64785,64785
64786,64786
64787,64787
64788,64788
64789,64789
64790,64790
64791,64791
64792,64792
64793,64793
64794,64794
64795,64795
64796,64796
64797,64797
64798,64798
64799,64799
64800,64800
64801,64801
64802,64802
64803,64803
64804,64804
64805,64805
64806,64806
64807,64807
64808,64808
64809,64809
64810,64810
64811,64811
64812,64812
64813,64813
64814,64814
64815,64815
64816,64816
64818,64818
64819,64819
64820,64820
64821,64821
64822,64822
64823,64823
64824,64824
64825,64825
64826,64826
64827,64827
64829,64829
64830,64830
64831,64831
64832,64832
64833,64833
64835,64835
64836,64836
64837,64837
64838,64838
64839,64839
64840,64840
64841,64841
64842,64842
64843,64843
64844,64844
64845,64845
64846,64846
64847,64847
64848,64848
64849,64849
64850,64850
64851,64851
64853,64853
64854,64854
64855,64855
64856,64856
64857,64857
64868,64868
64872,64872
64873,64873
64874,64874
64875,64875
64876,64876
64877,64877
64878,64878
64879,64879
64880,64880
64881,64881
64882,64882
64883,64883
64884,64884
64885,64885
64886,64886
64887,64887
64888,64888
64889,64889
64890,64890
64891,64891
64892,64892
64893,64893
64897,64897
64898,64898
64899,64899
64900,64900
64901,64901
64905,64905
64913,64913
64914,64914
64915,64915
64916,64916
64917,64917
64918,64918
64919,64919
64920,64920
64921,64921
64922,64922
64923,64923
64924,64924
64925,64925
64926,64926
64927,64927
64928,64928
64929,64929
64930,64930
64931,64931
64932,64932
64933,64933
64934,64934
64936,64936
64937,64937
64938,64938
64939,64939
64941,64941
64942,64942
64943,64943
64944,64944
64945,64945
64947,64947
64948,64948
64951,64951
64953,64953
64957,64957
64958,64958
64961,64961
64962,64962
64963,64963
64964,64964
64965,64965
64966,64966
64967,64967
64968,64968
64969,64969
64971,64971
64972,64972
64973,64973
64978,64978
64979,64979
64981,64981
64982,64982
64983,64983
64984,64984
64985,64985
64986,64986
64987,64987
64988,64988
64989,64989
64990,64990
64991,64991
64992,64992
64993,64993
64994,64994
64995,64995
64996,64996
64997,64997
64998,64998
64999,64999
65000,65000
65002,65002
65003,65003
65004,65004
65007,65007
65008,65008
65009,65009
65010,65010
65013,65013
65015,65015
65016,65016
65017,65017
65018,65018
65019,65019
65021,65021
65022,65022
65023,65023
650240001314,91282
650240001864,91175
650240003196,93176
650240003974,87340
650240004001,93167
650240004216,87386
650240004643,88505
650240004681,93415
650240004803,93416
650240007019,92205
650240007408,95357
650240007828,93414
650240009563,92960
650240009709,92176
65024001141,93162
650240011832,95556
650240014581,98348
650240023835,95555
650240027468,95232
650240027543,94117
650240027727,94707
650240028731,97342
650240028823,91631
650240029950,93172
650240031823,92963
650240032332,94209
650240032349,94210
650240032356,93014
650240032363,92473
650240032455,93942
650240032462,93169
650240032479,93168
650240032516,93164
650240032677,94708
650240032684,05433
650240032691,93943
650240032738,94934
650240033193,94954
650240035166,95554
650240035401,93166
650240035647,95778
650240036965,92080
650240038280,96704
650240040160,94954
650240051029,97034
650240055607,96128
650240057540,97604
650240062063,96273
650240063213,98597
650240063244,98597
650240066443,98384
650240069192,98597
650240069208,98597
650240070037,93165
65025,65025
65026,65026
65027,65027
65028,65028
65029,65029
65030,65030
65031,65031
65033,65033
65034,65034
65035,65035
65036,65036
65037,65037
65039,65039
65042,65042
65043,65043
65044,65044
65045,65045
65046,65046
65048,65048
65049,65049
65050,65050
65052,65052
65053,65053
65054,65054
65056,65056
65057,65057
65058,65058
65059,65059
65060,65060
65061,65061
65063,65063
65064,65064
65065,65065
65066,65066
65067,65067
65069,65069
65070,65070
65071,65071
65072,65072
65073,65073
65074,65074
65075,65075
65076,65076
65077,65077
65078,65078
65079,65079
65080,65080
65081,65081
65082,65082
65083,65083
65084,65084
65085,65085
65086,65086
65087,65087
65088,65088
65089,65089
65092,65092
65093,65093
65094,65094
65095,65095
65096,65096
65097,65097
65100,65100
65102,65102
65103,65103
65104,65104
65105,65105
65106,65106
65107,65107
65109,65109
65110,65110
65111,65111
65112,65112
65113,65113
65115,65115
65116,65116
65119,65119
65120,65120
65121,65121
65122,65122
65123,65123
65125,65125
65127,65127
65128,65128
65129,65129
65130,65130
65131,65131
65132,65132
65133,65133
65134,65134
65135,65135
65136,65136
65137,65137
65138,65138
65139,65139
65140,65140
65141,65141
65142,65142
65143,65143
65144,65144
65145,65145
65146,65146
65147,65147
65148,65148
65151,65151
65152,65152
65153,65153
65154,65154
65155,65155
65156,65156
65157,65157
65158,65158
65159,65159
65160,65160
65161,65161
65162,65162
65163,65163
65164,65164
65165,65165
65166,65166
65167,65167
65168,65168
65170,65170
65171,65171
65173,65173
65174,65174
65175,65175
65176,65176
65177,65177
65178,65178
65180,65180
65183,65183
65184,65184
65185,65185
65186,65186
65187,65187
65190,65190
65191,65191
65194,65194
65197,65197
65198,65198
65199,65199
65200,65200
65201,65201
65202,65202
65204,65204
65207,65207
65208,65208
65209,65209
65213,65213
65217,65217
65219,65219
65220,65220
65221,65221
65222,65222
65223,65223
65224,65224
65225,65225
65227,65227
65228,65228
65229,65229
65230,65230
65231,65231
65232,65232
65233,65233
65234,65234
65235,65235
65236,65236
65237,65237
65238,65238
65241,65241
65242,65242
65243,65243
65244,65244
65245,65245
65246,65246
65247,65247
65249,65249
65250,65250
65251,65251
65252,65252
65253,65253
65254,65254
65255,65255
65256,65256
65257,65257
65258,65258
65259,65259
65260,65260
65261,65261
65262,65262
65263,65263
65264,65264
65265,65265
65266,65266
65267,65267
65268,65268
65269,65269
65270,65270
65271,65271
65272,65272
65273,65273
65274,65274
65275,65275
65276,65276
65277,65277
65278,65278
65279,65279
65288,65288
65289,65289
65290,65290
65291,65291
65292,65292
65293,65293
65294,65294
65295,65295
65297,65297
65298,65298
65299,65299
65300,65300
65301,65301
65302,65302
65303,65303
65304,65304
65305,65305
65306,65306
65307,65307
65309,65309
65310,65310
65311,65311
65312,65312
65313,65313
65314,65314
65315,65315
65316,65316
65317,65317
65320,65320
65321,65321
65322,65322
65323,65323
65324,65324
65326,65326
65327,65327
65328,65328
65329,65329
65330,65330
65331,65331
65332,65332
65333,65333
65335,65335
65336,65336
65337,65337
65338,65338
65339,65339
65340,65340
65341,65341
65342,65342
65344,65344
65345,65345
65346,65346
65348,65348
65350,65350
65353,65353
65354,65354
65355,65355
65356,65356
65357,65357
6535920,93812
65360,65360
65361,65361
65362,65362
65363,65363
65365,65365
65366,65366
65367,65367
65368,65368
65370,65370
65371,65371
65372,65372
65373,65373
65374,65374
65375,65375
65376,65376
65378,65378
65380,65380
65381,65381
65382,65382
65383,65383
65384,65384
65385,65385
65386,65386
65387,65387
65388,65388
65390,65390
65395,65395
65396,65396
65397,65397
65399,65399
65400,65400
65404,65404
65407,65407
65409,65409
65411,65411
65413,65413
65417,65417
65418,65418
65419,65419
65422,65422
65423,65423
65425,65425
65426,65426
65428,65428
65429,65429
65430,65430
65431,65431
65432,65432
65433,65433
65434,65434
65436,65436
65437,65437
65438,65438
65439,65439
65440,65440
65441,65441
65442,65442
65443,65443
65444,65444
65445,65445
65446,65446
65447,65447
65448,65448
65450,65450
65451,65451
65453,65453
65454,65454
65455,65455
65456,65456
65459,65459
65460,65460
65461,65461
65464,65464
65465,65465
65466,65466
65467,65467
65468,65468
65471,65471
65472,65472
65479,65479
65480,65480
65481,65481
65482,65482
65483,65483
65484,65484
65485,65485
65486,65486
65492,65492
65494,65494
65496,65496
65497,65497
65498,65498
65499,65499
65500,65500
65501,65501
65502,65502
65503,65503
65504,65504
65506,65506
65507,65507
65508,65508
65509,65509
65510,65510
65511,65511
65512,65512
65513,65513
65514,65514
65515,65515
65516,65516
65518,65518
65520,65520
65523,65523
65524,65524
65525,65525
65526,65526
65527,65527
65528,65528
65529,65529
65531,65531
65533,65533
65534,65534
65535,65535
65537,65537
65538,65538
65541,65541
65546,65546
65547,65547
65548,65548
65549,65549
65550,65550
65553,65553
65554,65554
65559,65559
65563,65563
65564,65564
65565,65565
65568,65568
65570,65570
65571,65571
65572,65572
65573,65573
65574,65574
65575,65575
65576,65576
65577,65577
65578,65578
65579,65579
65580,65580
65581,65581
65582,65582
65583,65583
65584,65584
65585,65585
65586,65586
65587,65587
65588,65588
65589,65589
65590,65590
65591,65591
65592,65592
65593,65593
65594,65594
65595,65595
65596,65596
65597,65597
65598,65598
65599,65599
65600,65600
65601,65601
65602,65602
65603,65603
65604,65604
65607,65607
65608,65608
65609,65609
65610,65610
65611,65611
65612,65612
65613,65613
65614,65614
65615,65615
65616,65616
65617,65617
65618,65618
65622,65622
65623,65623
65624,65624
65625,65625
65626,65626
65627,65627
65628,65628
65629,65629
65630,65630
65631,65631
65632,65632
65633,65633
65635,65635
65636,65636
65637,65637
65638,65638
65639,65639
65640,65640
65641,65641
65642,65642
65643,65643
65644,65644
65645,65645
65646,65646
65647,65647
65648,65648
65650,65650
65651,65651
65652,65652
65653,65653
65654,65654
65655,65655
65656,65656
65657,65657
65658,65658
65659,65659
65660,65660
65661,65661
65662,65662
65663,65663
65664,65664
65665,65665
65667,65667
65668,65668
65669,65669
65670,65670
65671,65671
65672,65672
65673,65673
65674,65674
65675,65675
65676,65676
65678,65678
65681,65681
65682,65682
65683,65683
65684,65684
65685,65685
65686,65686
65687,65687
65688,65688
65689,65689
65690,65690
65691,65691
65692,65692
65693,65693
65694,65694
65695,65695
65696,65696
65697,65697
65698,65698
65699,65699
65700,65700
65701,65701
65702,65702
65703,65703
65704,65704
65705,65705
65706,65706
65707,65707
65708,65708
65709,65709
65710,65710
65711,65711
65712,65712
65713,65713
65714,65714
65715,65715
65716,65716
65717,65717
65718,65718
65719,65719
65720,65720
65721,65721
65722,65722
65723,65723
65724,65724
65725,65725
65726,65726
65727,65727
65728,65728
65729,65729
65730,65730
65731,65731
65732,65732
65733,65733
65739,65739
65741,65741
65749,65749
65750,65750
65751,65751
65754,65754
65755,65755
65756,65756
65757,65757
65758,65758
65759,65759
65760,65760
65761,65761
65762,65762
65763,65763
65764,65764
65765,65765
65766,65766
65767,65767
65768,65768
65769,65769
65770,65770
65771,65771
65773,65773
65774,65774
65775,65775
65776,65776
65777,65777
65778,65778
65779,65779
65780,65780
65781,65781
65782,65782
65783,65783
65784,65784
65785,65785
65786,65786
65787,65787
65788,65788
65789,65789
65790,65790
65791,65791
65792,65792
65793,65793
65794,65794
65795,65795
65796,65796
65797,65797
65798,65798
65802,65802
65803,65803
65804,65804
65806,65806
65807,65807
65808,65808
65809,65809
65810,65810
65811,65811
65812,65812
65813,65813
65819,65819
65820,65820
65821,65821
65822,65822
65823,65823
65828,65828
65829,65829
65830,65830
65831,65831
65832,65832
658325046052,93476
6583251560348,98341
658325391299,97497
65834,65834
65835,65835
65836,65836
65837,65837
65838,65838
65840,65840
65841,65841
65842,65842
65843,65843
65844,65844
65845,65845
65846,65846
65848,65848
65849,65849
65850,65850
65851,65851
65853,65853
65859,65859
65860,65860
65861,65861
65862,65862
65863,65863
65864,65864
65865,65865
65866,65866
65868,65868
65869,65869
65871,65871
65872,65872
65873,65873
65877,65877
65878,65878
65880,65880
65881,65881
65882,65882
65883,65883
65884,65884
65885,65885
65886,65886
65887,65887
65888,65888
65889,65889
65890,65890
65891,65891
65892,65892
65894,65894
65897,65897
65898,65898
65899,65899
65900,65900
65902,65902
65903,65903
65904,65904
65906,65906
65907,65907
65908,65908
65910,65910
65911,65911
65912,65912
65914,65914
65915,65915
65916,65916
65917,65917
65918,65918
65919,65919
65920,65920
65921,65921
65922,65922
65924,65924
65926,65926
65927,65927
65928,65928
65929,65929
65936,65936
65937,65937
65939,65939
65940,65940
65942,65942
65943,65943
65944,65944
65945,65945
65946,65946
65947,65947
65948,65948
65949,65949
65950,65950
65951,65951
65952,65952
65953,65953
65954,65954
65955,65955
65956,65956
65957,65957
65958,65958
65959,65959
65960,65960
65961,65961
65962,65962
65963,65963
65964,65964
65966,65966
65967,65967
65968,65968
65969,65969
65970,65970
65971,65971
65972,65972
65973,65973
65974,65974
65975,65975
65976,65976
65978,65978
65979,65979
65980,65980
65981,65981
65982,65982
65983,65983
65984,65984
65985,65985
65986,65986
65987,65987
65988,65988
65989,65989
65991,65991
65998,65998
65999,65999
66000,66000
66001,66001
66002,66002
66003,66003
66004,66004
66005,66005
66006,66006
66007,66007
66008,66008
66009,66009
66010,66010
66011,66011
66012,66012
66013,66013
66014,66014
66015,66015
66017,66017
66018,66018
66019,66019
66022,66022
66023,66023
66024,66024
66025,66025
66026,66026
66027,66027
66029,66029
66032,66032
66033,66033
66034,66034
66035,66035
66036,66036
66038,66038
66039,66039
66040,66040
66041,66041
66042,66042
66044,66044
66045,66045
66046,66046
66047,66047
66048,66048
66056,66056
66057,66057
66060,66060
66061,66061
66063,66063
66064,66064
66065,66065
66066,66066
66067,66067
66070,66070
66071,66071
66072,66072
66073,66073
66074,66074
66075,66075
66078,66078
66079,66079
66080,66080
66082,66082
66083,66083
66084,66084
66085,66085
66086,66086
66087,66087
66088,66088
66089,66089
66090,66090
66095,66095
66096,66096
66097,66097
66098,66098
66100,66100
66101,66101
66102,66102
66103,66103
66104,66104
66105,66105
66106,66106
66107,66107
66108,66108
66109,66109
66110,66110
66111,66111
66112,66112
66113,66113
66114,66114
66115,66115
66116,66116
66117,66117
66118,66118
66119,66119
66121,66121
66122,66122
66123,66123
66124,66124
66125,66125
66126,66126
66127,66127
66128,66128
66129,66129
66130,66130
66131,66131
66132,66132
66133,66133
66134,66134
66135,66135
66136,66136
66137,66137
66138,66138
66139,66139
66140,66140
66141,66141
66142,66142
66143,66143
66144,66144
66145,66145
66146,66146
66147,66147
66149,66149
66150,66150
66151,66151
66152,66152
66153,66153
66154,66154
66155,66155
66156,66156
66157,66157
66158,66158
66159,66159
66160,66160
66161,66161
66162,66162
66163,66163
66164,66164
66165,66165
66166,66166
66167,66167
66168,66168
66169,66169
66170,66170
66171,66171
66172,66172
66173,66173
66174,66174
66175,66175
66177,66177
66178,66178
66179,66179
66180,66180
66183,66183
66184,66184
66185,66185
66187,66187
66188,66188
66189,66189
66190,66190
66191,66191
66192,66192
66193,66193
66194,66194
66195,66195
66197,66197
66198,66198
66199,66199
66205,66205
66208,66208
66209,66209
66210,66210
66211,66211
66212,66212
66213,66213
66214,66214
66215,66215
66216,66216
66217,66217
66218,66218
66219,66219
66220,66220
66221,66221
66222,66222
66223,66223
66224,66224
66225,66225
66226,66226
66227,66227
66228,66228
66229,66229
66230,66230
66231,66231
66232,66232
66233,66233
66234,66234
66236,66236
66238,66238
66242,66242
66244,66244
66245,66245
66246,66246
66247,66247
66248,66248
66249,66249
66250,66250
66251,66251
66252,66252
66253,66253
66254,66254
66255,66255
66256,66256
66257,66257
66259,66259
66260,66260
66261,66261
66262,66262
66263,66263
66264,66264
66265,66265
66266,66266
66267,66267
66268,66268
66269,66269
66270,66270
66271,66271
66272,66272
66273,66273
66274,66274
66275,66275
66276,66276
66277,66277
66278,66278
66279,66279
66280,66280
66281,66281
66282,66282
66283,66283
66284,66284
66285,66285
66288,66288
66290,66290
66293,66293
66294,66294
66295,66295
66296,66296
66297,66297
66298,66298
66300,66300
66301,66301
66302,66302
66304,66304
66305,66305
66306,66306
66307,66307
66308,66308
66309,66309
66311,66311
66312,66312
66313,66313
66314,66314
66315,66315
66316,66316
66317,66317
66318,66318
66319,66319
66320,66320
66321,66321
66322,66322
66324,66324
66327,66327
66328,66328
66329,66329
66330,66330
66331,66331
66332,66332
66333,66333
66334,66334
66335,66335
66336,66336
66337,66337
66338,66338
66339,66339
66340,66340
66342,66342
66343,66343
66344,66344
66345,66345
66347,66347
66348,66348
66350,66350
66356,66356
66358,66358
66359,66359
66360,66360
66361,66361
66362,66362
66363,66363
66364,66364
66365,66365
66366,66366
66367,66367
66368,66368
66369,66369
66370,66370
66371,66371
66372,66372
66373,66373
66374,66374
66375,66375
66376,66376
66377,66377
66378,66378
66379,66379
66380,66380
66381,66381
66382,66382
66383,66383
66384,66384
66385,66385
66386,66386
66387,66387
66388,66388
66389,66389
66390,66390
66395,66395
66396,66396
66398,66398
66399,66399
66400,66400
66401,66401
66402,66402
66403,66403
66404,66404
66405,66405
66406,66406
66407,66407
66408,66408
66409,66409
66410,66410
66411,66411
66412,66412
66413,66413
66414,66414
66415,66415
66416,66416
66417,66417
66418,66418
66419,66419
66420,66420
66421,66421
66422,66422
66423,66423
66424,66424
66425,66425
66426,66426
66427,66427
66428,66428
66429,66429
66431,66431
66440,66440
66444,66444
66445,66445
66446,66446
66447,66447
66448,66448
66449,66449
66450,66450
66451,66451
66454,66454
66457,66457
66458,66458
66459,66459
66460,66460
66461,66461
66462,66462
66463,66463
66464,66464
66465,66465
66467,66467
66468,66468
66469,66469
66471,66471
66472,66472
66473,66473
66474,66474
66475,66475
66476,66476
66477,66477
66481,66481
66483,66483
66488,66488
66489,66489
66490,66490
66491,66491
66492,66492
66493,66493
66494,66494
66495,66495
66496,66496
66498,66498
66499,66499
66500,66500
66501,66501
66502,66502
66504,66504
66505,66505
66506,66506
66507,66507
66508,66508
66509,66509
66510,66510
66511,66511
66512,66512
66513,66513
66517,66517
66518,66518
66522,66522
66523,66523
66527,66527
66528,66528
66529,66529
66530,66530
66531,66531
66532,66532
66534,66534
66535,66535
66536,66536
66538,66538
66539,66539
66541,66541
66542,66542
66543,66543
66544,66544
66545,66545
66546,66546
66547,66547
66548,66548
66549,66549
66550,66550
66551,66551
66552,66552
66553,66553
66555,66555
66556,66556
66558,66558
66559,66559
66560,66560
66561,66561
66562,66562
66563,66563
66564,66564
66565,66565
66566,66566
66567,66567
66569,66569
66570,66570
66571,66571
66572,66572
66573,66573
66574,66574
66575,66575
66579,66579
66580,66580
66581,66581
66582,66582
66583,66583
66585,66585
66588,66588
66590,66590
66592,66592
66593,66593
66594,66594
66595,66595
66596,66596
66597,66597
66599,66599
66601,66601
66602,66602
66604,66604
66606,66606
66608,66608
66609,66609
66610,66610
66611,66611
66612,66612
66613,66613
66614,66614
66615,66615
66617,66617
66618,66618
66619,66619
66620,66620
66621,66621
66622,66622
66623,66623
66624,66624
66626,66626
66627,66627
66628,66628
66629,66629
66630,66630
66631,66631
66634,66634
66635,66635
66636,66636
66638,66638
66640,66640
66641,66641
66642,66642
66643,66643
66644,66644
66645,66645
66646,66646
66647,66647
66649,66649
66650,66650
66651,66651
66652,66652
66654,66654
66655,66655
66656,66656
66657,66657
66658,66658
66659,66659
66660,66660
66661,66661
66662,66662
66663,66663
66665,66665
66666,66666
66667,66667
66670,66670
66671,66671
66672,66672
66673,66673
66674,66674
66676,66676
66677,66677
66678,66678
66679,66679
66680,66680
66681,66681
66682,66682
66683,66683
66684,66684
66685,66685
66686,66686
66687,66687
66688,66688
66689,66689
66690,66690
66691,66691
66692,66692
66693,66693
66694,66694
66695,66695
66696,66696
66697,66697
66698,66698
66699,66699
66700,66700
66702,66702
66703,66703
66704,66704
66705,66705
66706,66706
66707,66707
66708,66708
66710,66710
66711,66711
66712,66712
66713,66713
66714,66714
66715,66715
66716,66716
66717,66717
66718,66718
66719,66719
66720,66720
66721,66721
66722,66722
66723,66723
66724,66724
66725,66725
66726,66726
66727,66727
66729,66729
66731,66731
66732,66732
66733,66733
66734,66734
66735,66735
66736,66736
66737,66737
66738,66738
66740,66740
66741,66741
66742,66742
66743,66743
66744,66744
66749,66749
66750,66750
66752,66752
66753,66753
66754,66754
667548514507,95368
667548999359,95371
66755,66755
667550688753,95369
667550707645,95894
667550707652,95896
667550707676,95895
66756,66756
66758,66758
66759,66759
66760,66760
66761,66761
66762,66762
66763,66763
66764,66764
66765,66765
66766,66766
66767,66767
66768,66768
66769,66769
66770,66770
66771,66771
66772,66772
66773,66773
66774,66774
66775,66775
66776,66776
66777,66777
66778,66778
66779,66779
66780,66780
66781,66781
66782,66782
66783,66783
66784,66784
66787,66787
66788,66788
66789,66789
66790,66790
66791,66791
66794,66794
66796,66796
66797,66797
66798,66798
66799,66799
66800,66800
66801,66801
66802,66802
66803,66803
66804,66804
66806,66806
66807,66807
66808,66808
66809,66809
66810,66810
66811,66811
66812,66812
66813,66813
66817,66817
66818,66818
66821,66821
66822,66822
66823,66823
66824,66824
66825,66825
66826,66826
66827,66827
66828,66828
66829,66829
66830,66830
66832,66832
66833,66833
66836,66836
66839,66839
66840,66840
66841,66841
66842,66842
66843,66843
66844,66844
66845,66845
66846,66846
66847,66847
66848,66848
66849,66849
66850,66850
66852,66852
66853,66853
66854,66854
66855,66855
66856,66856
66857,66857
66858,66858
66859,66859
66860,66860
66861,66861
66862,66862
66863,66863
66864,66864
66865,66865
66866,66866
66867,66867
66870,66870
66871,66871
66872,66872
66873,66873
66874,66874
66876,66876
66877,66877
66883,66883
66884,66884
66885,66885
66886,66886
66887,66887
66888,66888
66889,66889
66890,66890
66893,66893
66894,66894
66895,66895
66896,66896
66897,66897
66900,66900
66902,66902
66903,66903
66905,66905
66906,66906
66908,66908
66909,66909
66910,66910
66912,66912
66913,66913
66914,66914
66915,66915
66916,66916
66917,66917
66918,66918
66920,66920
66922,66922
66928,66928
66929,66929
66931,66931
66932,66932
66933,66933
66935,66935
66936,66936
66937,66937
66938,66938
66940,66940
66948,66948
66949,66949
66950,66950
66951,66951
66952,66952
66956,66956
66957,66957
66960,66960
66961,66961
66962,66962
66963,66963
66964,66964
66966,66966
66967,66967
66969,66969
66971,66971
66972,66972
66973,66973
66974,66974
66976,66976
66977,66977
66978,66978
66979,66979
66980,66980
66981,66981
66982,66982
66983,66983
66984,66984
66985,66985
66988,66988
66990,66990
66991,66991
66992,66992
66993,66993
66994,66994
66996,66996
66997,66997
66998,66998
66999,66999
67001,67001
67002,67002
67003,67003
67004,67004
67005,67005
67006,67006
67007,67007
67009,67009
67010,67010
67011,67011
67012,67012
67013,67013
67014,67014
67015,67015
67016,67016
67017,67017
67019,67019
67021,67021
67022,67022
67023,67023
672153905343,95218
672153905350,95221
672153905411,95217
689407949848,94110
689407951124,93248
689407951131,93249
689407951148,98641
6908116867156,90730
6909312707123,63127
6909717000010,95993
6909717000027,95993
6910021007206,93571
6921875005997,94775
6921875050034,94081
6923700977523,98390
6923700977561,98389
6926347945627,95608
6930518000534,63494
6930518000657,62972
6931708341215,97015
6931848017452,97932
6935079124910,97368
6935079124927,97495
6935079124941,98207
6935079124958,97858
6935079126051,97931
6935091601611,97133
6936613211509,89501
6942468132937,85880
6942468132951,94164
6943742362316,97469
6945040100188,95647
6945115400052,00025
6949153913062,04477
6949153915066,63494
6949153915080,63494
6949236203691,96981
6949236203714,00911
6952286144425,97430
6954574903264,98846
6956338370060,92333
6959554908086,91980
6970029279029,97461
6970029279036,97461
6970029279043,97461
6971770050844,88787
6972645275317,98455
6973240990292,96272
6974009540239,97800
6974499190112,82063
6974499190136,96550
6974499190174,63467
6974499190358,96549
6975727690114,92882
6980501815058,91981
6988846859652,98456
6995068100073,98461
6999564768669,98459
700083726896,79508
702433293402,80036
705578167505,89276
705928001008,98254
705928003002,98255
705928045309,98851
705928050754,98256
705928500754,98257
7071726874995,81236
7071726875053,81237
7109501452028,95674
718715838367,88716
719565425622,97053
722776020029,86486
7228829,90099
726669089537,85412
726669089568,84747
726669089674,84748
730170696344,03751
7319470066786,95074
732013082055,91993
732013086091,90599
732013088026,75154
732013088033,90425
732013088088,89521
732013250188,91893
732013250218,96042
732013251031,96618
732013300074,89865
732013300104,91897
732013300128,91896
732013300135,91895
732013300302,94746
732013300401,94066
732013300425,91893
732013300470,90600
732013300883,94330
732013301354,96618
732013301477,96008
732013301484,96009
732013301507,98016
732013301545,97044
732013301569,91894
732013301583,94747
732013301606,95740
732013301651,96755
732013302511,98078
732013303013,91894
732013303068,98732
7350012550592,90100
7350012551681,90019
7350012553319,98764
7350012553975,96100
7350012555528,98139
736085280005,50107
736085405996,92121
736085406504,92218
736085409642,96196
736085410334,88847
736085410396,89598
736085410433,97332
736085410471,88630
736085410624,88670
736085410693,89692
736085410822,90926
736085410860,91050
736085412956,88670
736085413694,96360
736085414615,89896
736085416169,98950
736372024756,96220
736372024800,96220
736372024848,88716
736372024855,89643
736372025029,00906
736372025043,00911
736372025067,00914
736372025142,61854
736372025173,79762
736372025203,00025
736372025227,89651
736372025258,94001
736372025272,63232
736372025470,00004
736372025548,91892
736372025616,96220
7401005909450,97990
7401036100505,00493
7401156604112,93459
7401156604211,93279
7401156604419,96320
7401156607113,94945
7401156616214,98943
7401156626213,98073
7401156632214,98017
7401156632412,98817
7401156643111,98591
74043,74043
7406048002069,95607
740985223901,96478
7413142,91108
7441024723002,97788
7441024723101,90668
7441026001276,03873
7441026001283,89404
7441026003225,87521
7441082117829,95543
7441145400455,85228
7451079002663,04460
7451079003387,95627
7451079003424,94740
7451079003486,97498
7451079003509,94740
7451079003516,87473
7453078526669,89527
745853479336,97656
745853642440,98332
745853837198,97764
745853837211,97653
745853837228,97655
745853837235,97654
745853837242,77113
745853837259,96368
745853837303,97962
745853837327,97659
745853837334,97961
7460134300903,98643
7460536520152,86022
7460536520183,88937
7460536520206,85848
7460536520237,85437
7460536520732,85466
7460536520749,86328
7460536521272,85607
7460536550906,86066
7460536554317,86304
7460536555475,86872
7460536556144,89965
7460536556489,90215
7460536556496,92675
7460536556731,85967
7460536557424,90032
7460536557431,90030
7460536557448,90031
7460536557707,88004
7460536558063,86287
7460536558520,91001
7460536559190,91250
7460536560547,93098
7460536560684,95102
7460536561506,95637
7460536561513,94704
7460536561544,93826
7460536561551,93445
7460536561643,96674
7460536571185,97728
7460536571673,85466
74747,74747
74748,74748
74749,74749
74750,74750
74752,74752
74754,74754
74755,74755
74756,74756
74757,74757
74758,74758
74759,74759
74760,74760
74761,74761
74763,74763
74764,74764
74765,74765
74767,74767
74768,74768
74773,74773
74775,74775
74776,74776
74777,74777
74778,74778
74779,74779
74780,74780
74781,74781
74782,74782
74783,74783
74784,74784
74785,74785
74786,74786
74789,74789
74791,74791
74792,74792
74793,74793
74794,74794
74796,74796
74797,74797
74798,74798
74799,74799
74800,74800
74801,74801
74802,74802
74803,74803
74804,74804
74805,74805
74806,74806
74807,74807
74808,74808
74810,74810
74811,74811
74812,74812
74814,74814
74815,74815
74816,74816
74818,74818
74819,74819
74820,74820
74821,74821
74823,74823
74824,74824
74825,74825
748252429612,93056
74826,74826
74828,74828
74830,74830
74831,74831
74832,74832
74833,74833
74834,74834
74835,74835
74837,74837
74838,74838
74839,74839
74841,74841
74842,74842
74843,74843
74844,74844
74845,74845
74847,74847
74849,74849
74852,74852
74853,74853
74854,74854
74855,74855
74856,74856
74858,74858
74859,74859
74860,74860
74861,74861
74862,74862
74863,74863
74864,74864
74865,74865
74867,74867
74868,74868
74869,74869
74870,74870
74871,74871
74872,74872
74873,74873
74874,74874
74875,74875
74877,74877
74879,74879
74881,74881
74885,74885
74886,74886
74887,74887
74888,74888
74889,74889
74890,74890
74891,74891
748927022810,97928
748928006895,94227
748928006901,94283
748928006918,89760
748928006925,94284
748928006956,94228
748928006970,94226
748928009636,95255
748928009643,95254
748928009650,95256
748928009667,95257
74893,74893
74894,74894
74901,74901
74909,74909
74911,74911
74912,74912
74913,74913
74914,74914
74915,74915
74916,74916
74917,74917
74918,74918
74919,74919
74923,74923
74924,74924
74925,74925
74926,74926
74927,74927
74928,74928
74931,74931
74933,74933
74938,74938
74940,74940
74945,74945
74947,74947
74954,74954
74955,74955
74958,74958
749618818798,61721
749618818859,61722
74964,74964
74966,74966
74969,74969
74970,74970
74972,74972
74974,74974
74978,74978
74979,74979
74980,74980
74981,74981
74983,74983
74984,74984
74985,74985
74986,74986
74990,74990
74994,74994
74996,74996
74997,74997
74998,74998
75001,75001
75002,75002
75003,75003
75004,75004
7500435019514,93465
7500435019712,64777
7500435019828,40972
7500435019880,93027
7500435020008,83684
7500435020046,95111
7500435020084,94020
7500435020244,83681
7500435020251,93504
7500435020299,95114
7500435107006,87074
7500435108027,93577
7500435108034,93576
7500435108058,93575
7500435110174,94376
7500435112536,93976
7500435113465,97918
7500435115759,92731
7500435116763,84223
7500435118293,97866
7500435120050,97406
7500435120067,98224
7500435122610,94430
7500435124966,94888
7500435125130,81257
7500435126809,98322
7500435128612,95777
7500435128650,66608
7500435129367,03957
7500435129374,82404
7500435129503,94308
7500435129510,94019
7500435130684,93500
7500435130691,93501
7500435130707,93502
7500435130714,93503
7500435131100,94435
7500435131421,95465
7500435133746,96895
7500435134699,94433
7500435137737,94431
7500435138000,95112
7500435139113,91572
7500435140157,95057
7500435140591,97139
7500435140607,97139
7500435141789,96715
7500435141796,96715
7500435142557,95113
7500435143769,96717
7500435144735,96949
7500435145701,98368
7500435145718,98600
7500435145732,04398
7500435146746,96703
7500435148375,96703
7500435154390,81224
7500435154437,81224
7500435155496,97466
7500435155847,97917
7500435155915,97865
7500435156875,87049
7500435157513,97927
7500435157650,98920
7500435157667,98367
7500435166249,93030
7500435170024,06040
7500435173667,53630
7500435177443,96562
7500435179713,98910
7500435184236,87503
7500435186780,80870
7500435191524,98314
7500435202695,97974
7500435204040,97897
7500435206976,65755
7500435206983,62759
7500435214667,98489
7500435221115,90997
7500435225359,97779
7500435231015,93840
7500435233477,65798
7500435233484,65795
7500435240789,98077
7500435249126,97779
7500435251136,98445
7500435255677,90312
75006,75006
75009,75009
7501001163983,60136
7501001164003,04930
7501001164645,60824
7501001165246,84760
7501001165277,66005
7501001165321,81066
7501001168797,94584
7501001168995,83062
7501001170073,97868
7501001170080,96062
7501001170288,81675
7501001246730,03573
7501001303464,87029
7501001303518,91943
7501001309060,94654
7501001309077,94654
7501001355012,89030
7501001355029,84744
7501001355036,87942
7501001355104,86876
7501001355142,86825
7501001355173,88441
7501006721119,93505
7501006721133,92724
7501006721317,93581
7501006740219,98925
7501007457796,88198
7501007457826,65804
7501007492568,93288
7501009072591,88658
7501009072607,87053
7501022105191,94989
7501022150092,94991
7501022150405,94992
7501022150801,94990
7501027209221,98934
7501027221780,98935
7501032911454,96952
7501032911478,97798
7501032923679,97215
7501032925505,97891
7501032927202,97791
7501033955815,88182
7501033958793,84258
7501033959516,88656
7501033961151,81976
7501033961168,95394
7501033961175,95395
7501033961182,94865
7501033961199,94864
7501033961649,93968
7501033961816,88570
7501033962202,87682
7501033962219,84003
7501033962615,85775
7501033962899,97167
7501035911376,92163
7501035912410,83374
7501043183024,02006
7501049703950,94608
7501049713454,62024
7501050618861,89202
7501050618878,89514
7501050619738,83627
7501050620291,88270
7501050620307,96123
7501050632317,95153
7501054519133,98473
7501054548829,96064
7501054550211,97101
7501056325169,84743
7501056325176,84742
7501056325381,84740
7501056325398,84739
7501056325442,84422
7501056326142,84741
7501056330255,87134
7501056330262,87195
7501056330293,84443
7501056330309,87194
7501056330323,93981
7501056330484,87137
7501056330491,88748
7501056332068,93348
7501056332075,93220
7501056342999,95253
7501056344085,93015
7501056344092,93464
7501056344221,93016
7501056346058,87194
7501058635334,97143
7501058635419,93688
7501058642561,96341
7501058643926,02895
7501058645623,82288
7501058645630,95275
7501058645968,95274
7501059227484,95143
7501059227675,95277
7501059227682,94931
7501059232884,93533
7501059240438,94356
7501059240445,95276
7501059240452,85883
7501059365506,95107
7501065054432,75789
7501065054449,75668
7501065054456,75791
7501065054463,88049
7501065922243,88109
7501065922724,91937
7501070980955,95573
7501082212105,81338
7501082212310,50036
7501086454181,92857
7501086454617,87964
7501086472017,92856
7501092708025,00968
7501092708032,03658
7501092721154,94629
7501092721468,91690
7501092722304,03661
7501092771265,85454
7501092793038,89407
7501092793045,87313
7501094916015,89195
7501094916022,87725
7501098605007,01446
7501098606752,90050
7501098606776,86445
7501098606790,86896
7501098609739,88556
7501098609746,96097
7501098609869,82953
7501098609883,82496
7501098610964,85434
75011,75011
7501122900313,92157
7501124103118,66471
7501124181789,95995
7501124181802,97263
7501124181888,95362
7501124182205,96671
7501124182342,95996
7501124182380,95994
7501124182786,94743
7501124814090,90281
7501159033312,88644
7501159033565,87892
7501159033749,91705
7501159731133,88145
7501159731232,98280
7501165007956,91468
7501165010444,93557
7501165010994,88422
7501165012455,96015
7501199428024,98328
7501287691057,75169
7501287691132,66527
7501287691217,00322
7501287695789,02492
7501298209067,78553
7501298214399,94996
7501298214436,95524
7501298217901,91169
7501298222431,91994
7501298222813,92008
7501298223094,93448
7501298223100,94933
7501298223452,87077
7501298223476,85517
7501298223902,90303
7501298234700,78552
7501298244907,94455
7501303443301,66080
7501303443554,93058
7501303494396,66080
7501384503765,98064
7501385430015,02660
7501385430121,02681
7501385430152,66836
7501390943937,94385
7501406829002,85227
7501438301897,98329
7501559601333,92683
75016,75016
75017,75017
7501871721320,90664
75019,75019
7501943471337,96657
75020,75020
75022,75022
7502214739620,86194
7502221183898,87545
7502221184390,87301
7502221186509,89452
7502221187025,94349
7502221187032,94350
7502221187506,94347
7502221187582,88524
7502241940907,82736
7502244761158,95450
7502244761165,95448
7502244761196,95452
7502246642059,96125
7502246642066,96126
7502253070531,89894
7502253070609,95622
7502253070623,93161
7502253073341,95621
7502253073358,95620
7502253073365,97007
7502253073389,95623
7502253073433,94161
7502253073457,95619
7502253073464,93159
7502253073471,75733
75026,75026
75027513,92703
75027537,92702
75028978,96132
75029982,87537
7503013040658,91155
7503013040689,06597
7503026029626,98199
7503026029695,97891
7503032206288,97457
7503032208299,97018
75031060,94936
75032,75032
75033,75033
75034238,92701
75037,75037
75038,75038
75038687,95211
75041,75041
75043,75043
75045,75045
75046,75046
75046224,94937
75047,75047
75048,75048
75050,75050
75051,75051
75056,75056
75058838,95210
75060244,95040
7506078926912,92436
7506078926929,92431
7506195124512,92106
7506195129128,83926
7506195129838,91936
7506195130957,62087
7506195148679,92379
7506195148686,92380
7506195160435,92603
7506195160466,92604
7506195167113,92712
75062,75062
7506205803604,94222
7506205804847,93880
7506205804991,91155
7506205805004,91156
7506205807831,94598
7506205810398,90831
7506205812040,94390
7506205812606,95928
7506205812705,95927
7506205813375,96169
7506205814969,98241
7506205816284,91156
7506205816291,91155
75062613,62745
7506267905766,95451
7506267905827,95462
7506267913501,95448
7506267913556,95449
7506267913594,95450
75062835,92703
7506295388487,62085
75063,75063
7506306202825,94710
7506306202832,93977
7506306204829,94073
7506306205079,94074
7506306206625,94070
7506306210523,95730
7506306210578,87432
7506306213920,95209
7506306216921,98391
7506306216938,98392
7506306217003,98936
7506306226746,94709
7506306237100,92903
7506306237155,98922
7506306237315,87966
7506306237322,95731
7506306237339,90367
7506306237421,98915
7506306237889,92906
7506306237902,87968
7506306237940,88723
7506306240520,95109
7506306241152,87984
7506306241183,87982
7506306241190,92700
7506306241206,87984
7506306244177,95735
7506306249714,87984
7506306249974,98279
7506306249981,89448
7506306252844,98361
7506306252851,98362
7506306252868,98360
7506306252875,98364
7506306252882,98363
7506306255227,98938
7506309837246,94436
7506309837253,96888
7506309839141,94379
7506309839202,94502
7506309840000,93507
7506309840024,93508
7506309840581,91944
7506309840628,94437
7506309846224,94486
7506309864778,82135
7506309873701,93183
7506309898889,94378
7506339305029,96716
7506339305722,93285
7506339323078,98365
7506339325256,06051
7506339325263,98490
7506339326048,98491
7506339326055,91935
7506339326468,94503
7506339349023,82135
7506339349030,87048
7506339349047,77946
7506339349061,93287
7506339349146,93980
7506339390230,92851
7506339390247,94375
7506339390254,92694
7506339394535,80850
7506339394603,88543
7506339395518,85392
7506460101064,83436
75065,75065
75066,75066
75066857,95057
75067069,97914
75068677,87431
75069209,92747
75072,75072
75074,75074
75076436,98840
75076719,98773
75077,75077
75077334,87953
75077341,98839
75080136,92703
75080143,98774
75080150,98281
75083,75083
75084,75084
75086,75086
75087,75087
75089,75089
75090,75090
75091,75091
75093,75093
75094,75094
75095,75095
7509546000350,92564
7509546000985,86633
7509546003108,92013
7509546003122,83238
7509546015040,93571
7509546031828,85414
7509546052892,85660
7509546054650,95138
7509546055152,93570
7509546056623,94890
7509546061160,84327
7509546061306,91814
7509546063331,92564
7509546065465,98776
7509546068558,96769
7509546070292,90911
7509546074122,94510
7509546074221,94095
7509546074429,94142
7509546076645,93848
7509546079400,95341
7509546651019,98968
7509546651682,83131
7509546651705,82872
7509546651712,96463
7509546666396,98421
7509546666501,96822
7509546671536,98775
7509546671550,97045
7509546673004,97320
7509546676111,98929
7509552656640,98387
7509552796216,98924
7509552800968,79335
7509552802672,94528
7509552802726,95002
7509552802825,88409
7509552818062,94521
7509552818079,94256
7509552818086,94524
7509552818093,94245
7509552818109,94523
7509552824643,94522
7509552831191,95006
7509552831214,95005
7509552837179,85937
7509552837193,89144
7509552837209,95242
7509552838824,95246
7509552839166,79334
7509552841794,98398
7509552844191,98918
7509552844207,98913
7509552844214,98912
7509552844221,98919
7509552845884,98911
7509552845914,98285
7509552848069,98287
7509552848076,98286
7509552849523,98399
7509552875409,98923
7509552888713,94254
7509552888812,94527
7509552888867,94247
7509552889543,92435
7509552889574,98916
7509552900156,96112
7509552900163,96111
7509552902082,98945
7509552905366,93356
7509552906233,92432
7509552906950,93925
7509552906974,92434
7509552908527,92438
7509552908558,92433
7509552910797,98937
7509552912937,90798
7509552913002,91284
7509552913057,91283
75097,75097
75100,75100
75102,75102
75104,75104
75107,75107
75108,75108
75111,75111
75113,75113
75114,75114
75116,75116
75118,75118
75119,75119
75121,75121
75124,75124
75125,75125
75126,75126
75127,75127
75129,75129
75130,75130
75131,75131
75133,75133
75137,75137
75138,75138
75140,75140
75143,75143
75146,75146
75147,75147
75148,75148
75149,75149
75150,75150
75153,75153
75154,75154
75155,75155
75159,75159
75160,75160
75161,75161
75162,75162
75163,75163
75164,75164
75165,75165
75169,75169
75170,75170
75171,75171
75172,75172
75174,75174
75175,75175
75176,75176
75177,75177
75178,75178
75179,75179
75180,75180
75181,75181
75182,75182
75183,75183
75187,75187
75190,75190
75192,75192
75193,75193
75199,75199
75200,75200
75205,75205
75206,75206
75207,75207
75208,75208
75209,75209
75210,75210
75212,75212
75214,75214
75218,75218
75219,75219
75220,75220
75221,75221
75222,75222
75223,75223
75224,75224
75226,75226
75227,75227
75228,75228
75229,75229
75231,75231
75235,75235
75236,75236
75238,75238
75239,75239
75240,75240
75241,75241
75242,75242
75243,75243
75244,75244
75245,75245
75246,75246
75247,75247
75248,75248
75249,75249
75250,75250
75251,75251
75252,75252
75253,75253
75254,75254
75255,75255
75256,75256
75258,75258
75259,75259
75260,75260
75262,75262
75263,75263
75264,75264
75266,75266
75267,75267
75269,75269
75272,75272
75273,75273
75275,75275
75277,75277
75278,75278
75279,75279
75280,75280
75281,75281
75282,75282
75283,75283
75284,75284
75287,75287
75288,75288
75292,75292
75293,75293
75294,75294
75295,75295
75296,75296
75297,75297
75298,75298
75299,75299
75301,75301
75303,75303
75304,75304
75305,75305
75306,75306
75307,75307
75311,75311
75312,75312
75313,75313
75314,75314
75319,75319
75320,75320
75321,75321
75323,75323
75324,75324
75325,75325
75326,75326
75338,75338
75340,75340
75341,75341
75342,75342
75343,75343
75345,75345
75346,75346
75347,75347
75349,75349
75351,75351
75352,75352
75353,75353
75355,75355
75356,75356
75357,75357
75358,75358
75359,75359
75362,75362
75364,75364
75366,75366
75367,75367
75368,75368
75369,75369
75370,75370
75373,75373
75375,75375
75376,75376
75378,75378
75379,75379
75380,75380
75381,75381
75382,75382
75383,75383
75384,75384
75385,75385
75386,75386
75387,75387
75388,75388
75389,75389
75390,75390
75391,75391
75392,75392
75396,75396
75397,75397
75399,75399
75400,75400
75402,75402
75404,75404
75405,75405
75406,75406
75408,75408
75410,75410
75412,75412
75413,75413
75416,75416
75417,75417
75418,75418
75419,75419
75421,75421
75444,75444
75448,75448
75452,75452
75463,75463
75464,75464
75465,75465
75466,75466
75467,75467
75468,75468
75469,75469
75472,75472
75473,75473
75474,75474
75475,75475
75476,75476
75477,75477
75478,75478
75479,75479
75480,75480
75481,75481
75482,75482
75484,75484
75486,75486
75487,75487
75490,75490
75491,75491
75493,75493
75494,75494
75495,75495
75497,75497
75498,75498
75500,75500
75501,75501
75502,75502
75504,75504
75506,75506
75507,75507
75508,75508
75510,75510
75511,75511
75512,75512
75513,75513
75514,75514
75515,75515
75516,75516
75517,75517
75518,75518
75520,75520
75521,75521
75522,75522
75523,75523
75524,75524
75525,75525
75526,75526
75527,75527
75528,75528
75529,75529
75530,75530
75531,75531
75532,75532
75533,75533
75534,75534
75535,75535
75536,75536
75537,75537
75540,75540
75541,75541
75542,75542
75543,75543
75544,75544
75545,75545
75546,75546
75547,75547
75548,75548
75555,75555
75556,75556
75557,75557
75558,75558
75559,75559
75560,75560
75561,75561
75562,75562
75563,75563
75564,75564
75565,75565
75566,75566
75567,75567
75568,75568
75569,75569
75570,75570
75571,75571
75572,75572
75573,75573
75574,75574
75575,75575
75577,75577
75578,75578
75579,75579
75580,75580
75581,75581
75582,75582
75583,75583
75584,75584
75585,75585
75586,75586
75591,75591
75592,75592
75593,75593
75594,75594
75595,75595
75598,75598
75599,75599
75600,75600
75601,75601
75602,75602
75603,75603
75604,75604
75605,75605
75609,75609
75610,75610
75611,75611
75612,75612
75613,75613
75614,75614
75617,75617
75618,75618
75624,75624
75625,75625
75626,75626
75627,75627
75628,75628
75629,75629
75630,75630
75633,75633
75634,75634
75637,75637
75638,75638
75639,75639
75640,75640
75641,75641
75642,75642
75643,75643
75644,75644
75645,75645
75646,75646
75647,75647
75648,75648
75649,75649
75650,75650
75651,75651
75652,75652
75653,75653
75654,75654
75655,75655
75656,75656
75657,75657
75658,75658
75659,75659
75660,75660
75661,75661
75662,75662
75663,75663
75666,75666
75667,75667
75668,75668
75671,75671
75672,75672
75673,75673
75674,75674
75675,75675
75676,75676
75677,75677
75678,75678
75679,75679
75681,75681
75682,75682
75683,75683
75684,75684
75689,75689
75690,75690
75692,75692
75694,75694
75696,75696
75697,75697
75698,75698
75699,75699
75700,75700
75705,75705
75706,75706
75708,75708
75712,75712
75713,75713
75714,75714
75715,75715
75716,75716
75717,75717
75718,75718
75719,75719
75720,75720
75721,75721
75722,75722
75723,75723
75724,75724
75728,75728
75729,75729
75730,75730
75731,75731
75733,75733
75734,75734
75735,75735
75737,75737
75738,75738
75739,75739
75741,75741
75742,75742
75743,75743
75744,75744
75745,75745
75746,75746
75747,75747
75748,75748
75749,75749
75750,75750
75751,75751
75752,75752
75753,75753
75754,75754
75755,75755
75756,75756
75759,75759
75760,75760
75761,75761
75762,75762
75763,75763
75764,75764
75765,75765
75766,75766
75767,75767
75768,75768
75769,75769
75770,75770
75771,75771
75772,75772
75773,75773
75774,75774
75775,75775
75776,75776
75777,75777
75778,75778
75779,75779
75780,75780
75781,75781
75782,75782
75783,75783
75784,75784
75785,75785
75786,75786
75787,75787
75788,75788
75789,75789
75790,75790
75791,75791
75792,75792
75793,75793
75794,75794
75796,75796
75797,75797
75798,75798
75799,75799
75800,75800
75801,75801
75802,75802
75803,75803
75804,75804
75805,75805
75806,75806
75807,75807
75808,75808
75809,75809
75810,75810
75811,75811
75812,75812
75813,75813
75814,75814
75815,75815
75816,75816
75817,75817
75818,75818
75819,75819
75820,75820
75821,75821
75822,75822
75823,75823
75824,75824
75825,75825
75826,75826
75827,75827
75828,75828
75829,75829
75830,75830
75831,75831
75832,75832
75833,75833
75835,75835
75836,75836
75837,75837
75838,75838
75839,75839
75840,75840
75841,75841
75842,75842
75843,75843
75844,75844
75845,75845
75846,75846
75847,75847
75848,75848
75849,75849
75850,75850
75851,75851
75853,75853
75854,75854
75855,75855
75856,75856
75857,75857
75858,75858
75859,75859
75860,75860
75861,75861
75862,75862
75863,75863
75864,75864
75865,75865
75866,75866
75867,75867
75868,75868
75869,75869
75870,75870
75871,75871
75872,75872
75873,75873
75874,75874
75875,75875
75876,75876
75877,75877
75878,75878
75879,75879
75880,75880
75881,75881
75882,75882
75883,75883
75884,75884
75885,75885
75886,75886
75887,75887
75888,75888
75889,75889
75891,75891
75892,75892
75893,75893
75894,75894
75895,75895
75896,75896
75897,75897
75899,75899
75900,75900
75900020089,88108
7590002008904,94780
7590002012468,03575
7590002012475,03576
7590011205158,94515
75902,75902
75903,75903
75904,75904
75905,75905
75906,75906
75907,75907
75908,75908
75909,75909
75910,75910
7591005004924,96953
7591005996632,96954
7591044006163,63618
7591044008952,52834
7591044009010,06029
7591044107983,63333
7591044207560,65577
7591044401166,61724
7591044401180,85789
7591044402156,63317
7591044402224,01342
7591044402255,02176
7591044403153,65541
7591044403184,01345
7591066701015,89101
7591083011081,97958
7591083011104,86767
75911,75911
7591165840158,89799
7591165860484,75311
75912,75912
7591257001979,04251
7591257002501,63234
7591257002679,90966
7591257002730,53590
7591257002747,00309
75913,75913
75915,75915
7591519000580,98245
7591519000634,98244
7591519000764,98187
7591519001389,98185
7591519001532,98186
75916,75916
75917,75917
75918,75918
75919,75919
75920,75920
75921,75921
75922,75922
7592229002680,79080
7592229002802,87527
7592229003151,89057
7592229003403,90934
7592231000674,82594
75923,75923
75924,75924
7592485501170,02567
75925,75925
75926,75926
75927,75927
75928,75928
75929,75929
75930,75930
75931,75931
75932,75932
75934,75934
75935,75935
75936,75936
75937,75937
75938,75938
75939,75939
75940,75940
7594002621729,85333
75941,75941
75942,75942
75943,75943
75944,75944
75945,75945
75946,75946
75947,75947
75948,75948
75949,75949
75950,75950
75951,75951
75952,75952
75953,75953
75954,75954
75955,75955
75956,75956
75957,75957
75958,75958
75960,75960
75961,75961
75962,75962
75963,75963
75965,75965
75966,75966
75967,75967
75968,75968
75969,75969
75970,75970
75971,75971
75972,75972
75973,75973
75974,75974
75975,75975
75976,75976
75977,75977
75978,75978
75979,75979
75980,75980
75981,75981
75982,75982
75983,75983
75984,75984
75985,75985
75986,75986
75987,75987
75988,75988
75989,75989
75990,75990
75991,75991
75992,75992
75993,75993
75994,75994
75995,75995
75998,75998
75999,75999
76004,76004
76005,76005
76006,76006
76007,76007
76008,76008
76010,76010
76011,76011
76012,76012
76013,76013
76014,76014
76016,76016
76017,76017
76018,76018
76019,76019
76020,76020
76022,76022
76023,76023
76024,76024
76025,76025
76026,76026
76027,76027
76028,76028
76029,76029
76030,76030
76031,76031
76032,76032
76033,76033
76034,76034
76035,76035
76036,76036
76037,76037
76038,76038
76039,76039
76040,76040
76041,76041
76042,76042
76043,76043
76044,76044
76045,76045
76046,76046
76047,76047
76048,76048
76050,76050
76052,76052
76057,76057
76058,76058
76059,76059
76060,76060
76061,76061
76062,76062
76065,76065
76066,76066
76068,76068
76069,76069
76070,76070
76071,76071
76072,76072
76073,76073
76074,76074
76075,76075
76076,76076
76077,76077
76078,76078
76079,76079
76080,76080
76081,76081
76082,76082
76083,76083
76084,76084
76085,76085
76086,76086
76087,76087
76088,76088
76089,76089
76091,76091
76095,76095
76096,76096
76099,76099
76100,76100
76101,76101
76102,76102
76103,76103
76104,76104
76105,76105
76106,76106
76107,76107
76108,76108
76109,76109
7610939001646,01676
76110,76110
76111,76111
76112,76112
76113,76113
76114,76114
76115,76115
76116,76116
76117,76117
7611760651000,94312
7611760651024,94310
7611760651048,94313
7611760651062,94311
76118,76118
76119,76119
76120,76120
7612076457256,95065
7612076457430,95061
76121,76121
76122,76122
76123,76123
76124,76124
76125,76125
76126,76126
76127,76127
7612787422557,66922
7612797160749,87868
7612797204344,86917
7612797238257,88553
7612797238837,84228
7612797239261,89726
7612797239278,95816
7612797239339,98020
7612797242612,93948
7612797242629,90768
7612797251485,06129
7612797257579,87155
7612797257609,82833
7612797260821,93336
7612797262733,97236
7612797304334,89805
7612797376287,91771
7612797403280,94519
7612797403297,94518
7612797417577,87938
7612797424186,88634
7612797435601,64221
7612797437421,89002
7612797467930,86917
7612797511169,95726
7612797524978,94013
7612797524992,90279
7612797525012,90806
7612797526231,95726
7612797703052,88553
76128,76128
76129,76129
76130,76130
7613032490669,92914
7613033954368,79165
7613033972720,66950
7613034027610,85743
7613034966650,05305
7613035248625,66893
7613035652583,87472
7613035802308,51440
7613036076470,93533
7613036880565,66229
7613039819333,97266
76131,76131
76132,76132
76133,76133
76134,76134
7613427010236,96620
7613427010519,96602
7613427011493,96601
76135,76135
76136,76136
76137,76137
76138,76138
76139,76139
76140,76140
76141,76141
76142,76142
76143,76143
76144,76144
76145,76145
76146,76146
76147,76147
76148,76148
76149,76149
76150,76150
76151,76151
76152,76152
76153,76153
76154,76154
76155,76155
76156,76156
76157,76157
76158,76158
76159,76159
76160,76160
76161,76161
76162,76162
76163,76163
76164,76164
76165,76165
76166,76166
76167,76167
76168,76168
76169,76169
76170,76170
76171,76171
76172,76172
76173,76173
76174,76174
76175,76175
76176,76176
76177,76177
76178,76178
76179,76179
76180,76180
76181,76181
76182,76182
76183,76183
76184,76184
76185,76185
76186,76186
76188,76188
76189,76189
76190,76190
76191,76191
76197,76197
76198,76198
76199,76199
76200,76200
76201,76201
76202,76202
76203,76203
76204,76204
76205,76205
76206,76206
762071782710,97158
762071782727,97105
762071782765,97417
76208,76208
76209,76209
76210,76210
76211,76211
76212,76212
76213,76213
76214,76214
76215,76215
76216,76216
76217,76217
76219,76219
76220,76220
76221,76221
76222,76222
7622210427045,94446
7622210427076,94447
7622210427106,94448
7622210599919,94589
7622210675569,94841
7622210754318,94840
76223,76223
7622300116521,94591
7622300117245,94445
7622300124526,94590
7622300212230,94842
7622300258061,94514
7622300758943,94513
7622300788636,94843
76224,76224
76225,76225
76226,76226
76227,76227
76228,76228
76229,76229
76230,76230
76231,76231
76232,76232
76233,76233
76234,76234
76235,76235
76239,76239
76240,76240
76241,76241
76242,76242
76245,76245
76246,76246
76247,76247
76248,76248
76250,76250
76251,76251
76252,76252
76253,76253
76254,76254
76255,76255
76256,76256
76257,76257
76258,76258
76260,76260
76261,76261
76262,76262
76263,76263
76264,76264
76265,76265
76266,76266
76267,76267
76268,76268
76269,76269
76270,76270
76271,76271
76272,76272
76273,76273
76274,76274
76275,76275
76276,76276
76277,76277
76278,76278
76279,76279
76280,76280
76281,76281
76282,76282
76283,76283
76284,76284
76285,76285
76286,76286
76287,76287
76288,76288
76289,76289
76290,76290
76292,76292
76293,76293
76294,76294
76295,76295
76296,76296
76297,76297
76298,76298
76299,76299
76301,76301
76302,76302
76303,76303
76304,76304
76305,76305
76306,76306
76308,76308
76309,76309
76311,76311
76312,76312
76313,76313
76314,76314
76315,76315
76317,76317
76319,76319
76321,76321
76322,76322
76323,76323
76324,76324
76325,76325
76326,76326
76327,76327
76328,76328
76329,76329
76330,76330
76331,76331
76333,76333
763331546110,98436
763331546189,98558
76334,76334
76335,76335
76336,76336
76338,76338
76339,76339
76342,76342
76343,76343
76344,76344
76345,76345
76346,76346
76347,76347
76348,76348
76349,76349
76350,76350
76352,76352
76353,76353
76354,76354
76355,76355
76356,76356
76357,76357
76358,76358
76359,76359
76361,76361
76362,76362
76363,76363
76364,76364
76365,76365
76370,76370
76371,76371
76372,76372
76373,76373
76374,76374
76375,76375
76376,76376
76377,76377
76378,76378
76379,76379
76380,76380
76381,76381
76382,76382
76383,76383
76384,76384
76385,76385
76387,76387
76388,76388
76389,76389
76391,76391
76392,76392
76393,76393
76394,76394
76395,76395
76396,76396
76397,76397
76398,76398
76399,76399
76400,76400
76401,76401
7640107471360,60661
7640114721410,88427
7640114721809,95426
7640114722783,94630
7640114724107,96597
7640114724893,86224
7640114724909,86225
7640114724985,85654
7640114724992,96221
7640114725111,97536
7640114725128,60231
7640137410018,89532
7640137410216,90864
7640137410223,91159
7640137410407,93373
7640137410414,97445
7640137412104,90864
7640137412203,91159
7640137413910,97646
7640137417017,97144
7640137610012,90864
7640137610104,91159
7640137610203,90865
7640137810016,93373
7640140190914,92153
7640149610864,84548
7640149616880,95502
7640173590194,97494
7640173590217,97493
7640180265535,97832
76403,76403
76404,76404
76405,76405
76406,76406
76407,76407
76408,76408
76409,76409
76410,76410
76411,76411
76412,76412
76413,76413
76414,76414
76415,76415
76416,76416
76417,76417
76418,76418
76420,76420
76421,76421
76422,76422
7642216412630,02845
76423,76423
76424,76424
76425,76425
76426,76426
76429,76429
76430,76430
76431,76431
76432,76432
76435,76435
76437,76437
76438,76438
76439,76439
76440,76440
76441,76441
76443,76443
76445,76445
764451034600,98086
764451034631,98798
76446,76446
76460,76460
76467,76467
76468,76468
76469,76469
76471,76471
76472,76472
76473,76473
76474,76474
76475,76475
76476,76476
76477,76477
76478,76478
76479,76479
76480,76480
76481,76481
76482,76482
76483,76483
76484,76484
76485,76485
76486,76486
76487,76487
76488,76488
76489,76489
76491,76491
76493,76493
76494,76494
76495,76495
76496,76496
76497,76497
76498,76498
76499,76499
76500,76500
76501,76501
76502,76502
76503,76503
76504,76504
76505,76505
76506,76506
76507,76507
76508,76508
76509,76509
76510,76510
76512,76512
76513,76513
76514,76514
76517,76517
76518,76518
76519,76519
76520,76520
76521,76521
76523,76523
76524,76524
76525,76525
76526,76526
76527,76527
76528,76528
76529,76529
76530,76530
76531,76531
76532,76532
76536,76536
76537,76537
76538,76538
76539,76539
76540,76540
76541,76541
76542,76542
76543,76543
76544,76544
76545,76545
76546,76546
76547,76547
76549,76549
76550,76550
76552,76552
76553,76553
76557,76557
76558,76558
76560,76560
76561,76561
76562,76562
76563,76563
76564,76564
76565,76565
76566,76566
76567,76567
76568,76568
76569,76569
76572,76572
76573,76573
76574,76574
76575,76575
76576,76576
76577,76577
76579,76579
76580,76580
76581,76581
76582,76582
76583,76583
76584,76584
76585,76585
76587,76587
76588,76588
76590,76590
76591,76591
76592,76592
76593,76593
76594,76594
76595,76595
76596,76596
76597,76597
76598,76598
76599,76599
76600,76600
76601,76601
76602,76602
76603,76603
76604,76604
76605,76605
76606,76606
76607,76607
76609,76609
76611,76611
76612,76612
76613,76613
76614,76614
76615,76615
76616,76616
76617,76617
76618,76618
76619,76619
76620,76620
76621,76621
76622,76622
76623,76623
76624,76624
76625,76625
76626,76626
76627,76627
76628,76628
76629,76629
76630,76630
76631,76631
76633,76633
76634,76634
76635,76635
76636,76636
76637,76637
76638,76638
76639,76639
76640,76640
76641,76641
76643,76643
76644,76644
76645,76645
76646,76646
76647,76647
76649,76649
76650,76650
76651,76651
76652,76652
76653,76653
76654,76654
76655,76655
76656,76656
76657,76657
76658,76658
76659,76659
76660,76660
76661,76661
76662,76662
76663,76663
76664,76664
76665,76665
76666,76666
76667,76667
76668,76668
76669,76669
76670,76670
76671,76671
76672,76672
76673,76673
76674,76674
76676,76676
76677,76677
76681,76681
76683,76683
76684,76684
76685,76685
76686,76686
76687,76687
76688,76688
76690,76690
76691,76691
76692,76692
76693,76693
76694,76694
76695,76695
76696,76696
76697,76697
76698,76698
76699,76699
76701,76701
76704,76704
76708,76708
76709,76709
76710,76710
76713,76713
76714,76714
76715,76715
76720,76720
76721,76721
76723,76723
76724,76724
76727,76727
76728,76728
76729,76729
76735,76735
76737,76737
76739,76739
76741,76741
76744,76744
76746,76746
76747,76747
76748,76748
76749,76749
76750,76750
76751,76751
76752,76752
76753,76753
76754,76754
76755,76755
76756,76756
76757,76757
76758,76758
76759,76759
76760,76760
76761,76761
76762,76762
76763,76763
76764,76764
76769,76769
76776,76776
76777,76777
76778,76778
76781,76781
76783,76783
76784,76784
76786,76786
76789,76789
76792,76792
76793,76793
76797,76797
76799,76799
76801,76801
76802,76802
76803,76803
76805,76805
76808,76808
76809,76809
76812,76812
76824,76824
76825,76825
76826,76826
76827,76827
76828,76828
76829,76829
76830,76830
76831,76831
76832,76832
76833,76833
76834,76834
76837,76837
76839,76839
768455107896,98025
76855,76855
76857,76857
76858,76858
76859,76859
76865,76865
76867,76867
76868,76868
76870,76870
76871,76871
76872,76872
76873,76873
76877,76877
76878,76878
76879,76879
76880,76880
76881,76881
76884,76884
76888,76888
76889,76889
76890,76890
76891,76891
76892,76892
76893,76893
76894,76894
76895,76895
76896,76896
76897,76897
76898,76898
76899,76899
768990461200,91399
768990461224,97772
768990461514,98044
768990461583,94703
768990461606,93273
768990462504,93941
768990462535,98050
768990463501,97759
768990467103,91400
768990467127,97009
768990467134,97206
768990467417,95769
768990467424,95769
768990467431,91402
768990467707,93103
768990467837,91532
768990467851,93104
768990467875,92302
768990467899,96414
768990467905,91403
768990467936,97819
768990467967,95633
768990468612,97543
768990469886,97820
768990469916,93697
768990469923,93881
768990469930,98046
768990469947,96957
768990469954,97771
768990469961,98045
768990469985,97207
768990469992,97955
76900,76900
76901,76901
76902,76902
76903,76903
76904,76904
76905,76905
76906,76906
76907,76907
76908,76908
76909,76909
76911,76911
76912,76912
76913,76913
76914,76914
76915,76915
76916,76916
76917,76917
76918,76918
76919,76919
76921,76921
76922,76922
76924,76924
76925,76925
76928,76928
76929,76929
76932,76932
76933,76933
76934,76934
76935,76935
76937,76937
76938,76938
76939,76939
76940,76940
76944,76944
76945,76945
76946,76946
76947,76947
76948,76948
76952,76952
76954,76954
76955,76955
76956,76956
76959,76959
76960,76960
76964,76964
76966,76966
76967,76967
76968,76968
76969,76969
76973,76973
76974,76974
76975,76975
76976,76976
76977,76977
76978,76978
76979,76979
76980,76980
76981,76981
76982,76982
76983,76983
76986,76986
76987,76987
76989,76989
76990,76990
76991,76991
76994,76994
76995,76995
76996,76996
76997,76997
76998,76998
76999,76999
77000,77000
77001,77001
77003,77003
77004,77004
77005,77005
77006,77006
77007,77007
77008,77008
77009,77009
77010,77010
77011,77011
77012,77012
77013,77013
77014,77014
77015,77015
77016,77016
77017,77017
77018,77018
77019,77019
77020,77020
7702003006913,96268
7702003008504,95093
7702003010743,96519
7702003469527,52450
7702006202350,95252
7702006202367,95925
7702006202923,93426
7702006202947,95732
7702006207850,97749
7702006208369,93426
7702006208611,92000
7702006208628,86105
7702006208635,83064
7702006208642,84712
7702006208659,84722
7702006208666,95207
7702006298889,95334
7702006298940,97750
7702006299046,92293
7702006299091,91815
7702006299442,92939
7702006299459,92940
7702006299541,92294
7702006299558,92659
7702006299701,93353
7702006299718,92664
7702006299817,93345
7702006299879,93769
7702006299978,92420
7702006300094,89829
7702006300124,95120
7702006300247,92419
7702006300292,90732
7702006301572,98921
7702006400114,90365
7702006401128,90255
7702006404013,98914
7702006405980,98394
7702006406017,98397
7702006406048,98396
7702006406444,98372
7702006406451,98371
7702006653411,98373
7702006653473,98393
7702006653510,87969
7702010051906,93582
7702010111464,66978
7702010112003,93991
7702010120015,83131
7702010344510,83139
7702010410314,86086
7702010410321,84146
7702010410840,96203
7702010420153,91812
7702010420337,97271
7702010420344,97272
7702010420382,92877
7702010420467,97213
7702010420917,97321
7702010420955,94021
7702010420979,94463
7702010420993,95141
7702010421013,91811
7702010421037,83376
7702010470431,88583
7702010630422,90355
7702010631191,92352
7702010631207,92565
7702010631382,87080
7702010660252,96202
7702010660276,92633
7702010660542,91031
7702010920875,91813
7702010972287,60413
7702018001071,94652
7702018013326,87044
7702018037803,94653
7702018037865,95050
7702018037896,95051
7702018072217,97315
7702018072361,97465
7702018072392,96864
7702018072439,85391
7702018314515,05981
7702018314850,88602
7702018880409,81991
7702018913619,97869
7702018913640,84223
7702018913664,84223
7702018913688,87607
7702018951185,62745
7702026144579,93468
7702026144630,92904
7702026147198,97892
7702026153618,98201
7702026156770,92875
7702026174149,97083
7702026174309,93219
7702026174996,95121
7702026175009,94386
7702026177119,94935
7702026177546,90635
7702026178512,88007
7702026178901,92901
7702026179106,95175
7702026179113,90897
7702026179212,96718
7702026179656,94935
7702026181062,98358
7702026182083,97269
7702026184445,98933
7702026192723,87210
7702027040252,65837
7702027040467,86034
7702027040474,67011
7702027041587,85734
7702027041648,87211
7702027042942,85291
7702027044014,88043
7702027044090,87685
7702027044199,93163
7702027044502,92752
7702027044571,96271
7702027047961,92234
7702027402876,96718
7702027414763,92268
7702027416880,92115
7702027419126,85338
7702027434020,04692
7702027435300,88315
7702027435409,88314
7702027435508,87843
7702027435607,87844
7702027436505,90933
7702027444647,92606
7702027444654,92607
7702027444685,90634
7702027473418,92233
7702027474750,90493
7702027477669,95174
7702027478611,93444
7702027478642,92872
7702027478710,92875
7702027478741,92312
7702027479632,93591
7702027479656,97084
7702027479731,92874
7702027479755,92312
7702027484803,92608
7702027494499,87210
7702027494512,92751
7702027494529,88007
7702031036746,87476
7702031132844,77956
7702031200314,81399
7702031244455,98313
7702031244585,98218
7702031244608,98667
7702031244622,97833
7702031244639,96921
7702031288213,93833
7702031291510,79289
7702031291527,82479
7702031291534,64616
7702031291565,65592
7702031293217,96757
7702031293248,94889
7702031293255,96151
7702031293323,95176
7702031293361,95356
7702031293415,93188
7702031293439,79692
7702031310914,96727
7702031318293,98500
7702031338772,98386
7702031338789,98499
7702031363972,82703
7702031401049,96865
7702031407362,84802
7702031407393,96156
7702031407416,96154
7702031407423,94141
7702031407447,96158
7702031413424,93982
7702031413462,95354
7702031414322,96155
7702031414346,84519
7702031500605,83328
7702031514992,05476
7702031515203,83095
7702031532590,97935
7702031563327,85129
7702031571261,83608
7702031575337,92239
7702031583363,81399
7702031599043,92596
7702031604112,92897
7702031604143,94501
7702031668497,93251
7702031685036,92597
7702031734628,98219
7702031800682,66594
7702031800828,93297
7702031872900,84784
7702031887911,88883
7702031887942,88884
7702031900566,84272
7702031900962,94141
7702031902935,53114
7702031902959,78135
7702031902997,85508
7702031918875,96117
7702031919667,93078
7702031927433,87561
7702031927440,93746
7702031927471,91830
7702031976387,95413
7702031976493,05063
7702031998150,87818
7702031998174,94649
7702035406811,04499
7702035422323,93298
7702035430090,89575
7702035432117,92372
7702035432339,90079
7702035432445,96870
7702035833815,88883
7702035833839,92756
7702045067330,95614
7702045167559,04135
7702045238839,97402
7702045288711,64289
7702045335385,62797
7702045520187,84302
7702045530872,87042
7702045530902,95611
7702045530919,85093
7702045530926,87674
7702045530933,87058
7702045530964,87043
7702045531022,85092
7702045531039,87496
7702045531053,87065
7702045531107,87852
7702045534085,96019
7702045534108,96020
7702045555318,95617
7702045555332,95613
7702045555356,95615
7702045555400,95612
7702045555424,95616
7702045555462,92093
7702045555806,95037
7702045555813,04919
7702045557893,93662
7702045557909,93662
7702045559422,63051
7702045564709,63051
7702045796315,95617
7702045856880,62804
7702098029842,97407
7702098029859,97960
7702098036987,98691
7702098036994,98692
7702098401778,98412
7702098401785,98246
77021,77021
7702113042405,97460
7702123008453,96031
7702123008460,95671
7702123011316,94315
7702132011024,65871
7702133006661,94845
7702133862793,94449
7702133862816,94450
7702134313416,85154
7702134335548,01698
7702134705457,05595
7702191000915,92925
7702195215063,93669
7702207101414,93055
7702207103838,91020
7702207695982,95618
7702207704691,93040
7702207704868,93969
7702207705025,95378
7702207705063,95921
77023,77023
7702354029777,89827
7702354029791,92418
7702354929589,90732
7702354936082,89829
7702354936099,92058
7702354942021,94373
7702354942038,94372
7702354945244,94962
7702354945763,94963
7702354946906,94372
7702354946913,98926
7702354951368,98927
7702354954703,97926
77024,77024
7702418000704,63413
7702418003576,05174
7702425524965,87352
7702425540897,62570
7702425543782,94277
7702425546059,84491
7702425546066,84491
7702425549876,96700
7702425552258,84491
7702425640757,85445
7702425800700,89152
7702425800717,90898
7702425800779,89205
7702425801288,92764
7702425801387,92226
7702425802148,86614
7702425802155,94682
7702425802179,95291
7702425802278,97390
7702425803855,94306
7702425804463,95480
7702425804562,94507
7702425805187,96694
7702425806498,94124
7702425806511,93300
7702425808287,94306
7702425808720,97383
7702425811072,94306
7702433289740,92446
7702433289801,90592
7702433289887,94249
7702433289948,94253
7702433290104,94525
7702433290135,93365
7702433290197,94248
7702433290364,66415
7702433290777,95007
7702433290784,94262
7702433290852,94536
7702433290869,94535
7702433291767,62597
7702433292771,94537
7702433292832,79329
7702433293402,79333
7702433298445,94252
7702433298520,94526
7702433298544,91054
7702433298551,95003
7702433298629,89145
7702433298667,92441
7702433298681,93370
7702433298803,93362
7702433298810,94250
7702433298834,92445
7702433298889,95239
7702433298926,94532
7702433299008,92441
7702433299053,92440
7702433299077,93369
7702433299107,95247
7702433299121,95244
7702433299138,93371
7702433299169,93364
7702433299176,90581
7702433299220,93361
7702433299237,91055
7702433299473,94255
7702433299725,94257
7702433299732,94258
7702433299749,94091
7702433314244,95248
7702433318525,94085
7702433318600,94090
7702433322423,94531
7702433322461,88465
7702433322478,94088
7702433322485,94529
7702433322515,94530
7702433322522,88410
7702433322560,95001
7702433322584,95241
7702433322591,94089
7702433322614,94251
7702433322652,76748
7702433324625,94264
7702433326391,94534
7702433327077,95004
7702433327107,95243
7702433327145,79327
7702433327152,90583
7702433327169,95245
7702433330244,94244
77025,77025
7702502006896,65907
7702502215106,01239
7702538121501,79290
7702538251925,97176
7702538261191,94561
77026,77026
7702605150014,93615
7702605150021,54079
7702605150052,90629
7702605150069,96722
7702605150076,62508
7702605150083,92941
7702605150120,94982
7702605150137,88533
7702605150298,87176
7702605150304,93562
7702605150335,94321
7702605150441,93616
7702605150458,96554
7702605150472,94723
7702605150496,93683
7702605150502,84199
7702605150656,93800
7702605150724,95402
7702605150731,95401
7702605150755,93684
7702605150762,93563
7702605150779,95676
7702605150786,91881
7702605150793,86126
7702605150823,86010
7702605150878,95808
7702605150953,86940
7702605150991,83630
7702605151004,87751
7702605151011,92816
7702605151035,52284
7702605151097,86024
7702605151158,91956
7702605151196,87158
7702605151202,95403
7702605151219,84115
7702605151226,92768
7702605151257,83605
7702605151301,87190
7702605151318,95070
7702605151325,95366
7702605151356,92270
7702605151394,83018
7702605151400,61507
7702605151509,82826
7702605151523,86309
7702605151622,93114
7702605151660,86250
7702605151684,92769
7702605151721,85498
7702605151790,94932
7702605151851,63259
7702605151882,92146
7702605151899,98309
7702605151943,95384
7702605152001,83916
7702605152049,81230
7702605152087,86260
7702605152094,95508
7702605152117,83508
7702605152308,92946
7702605152346,90287
7702605152469,89181
7702605152476,84214
7702605152551,94221
7702605152797,89691
7702605152810,91986
7702605152841,04188
7702605152858,93952
7702605152919,96725
7702605152957,92408
7702605152988,94323
7702605153008,92946
7702605153022,93486
7702605153039,93487
7702605153084,96445
7702605153176,89476
7702605153213,89713
7702605153282,93452
7702605153299,93686
7702605153329,93488
7702605153541,85622
7702605153558,95946
7702605153565,95408
7702605153701,94327
7702605153817,94724
7702605153862,94329
7702605153879,05925
7702605153886,93947
7702605153916,94549
7702605153930,94325
7702605153954,95815
7702605153978,96794
7702605153992,62509
7702605154029,97027
7702605154074,94900
7702605154142,95069
7702605326730,93883
7702605326785,95364
7702605335152,98638
7702605337750,80075
7702605337774,88993
7702626204215,94961
7702626214214,83437
7702626214856,93311
7702626215235,97432
7702626215808,87888
77027,77027
7702771009475,63644
7702771009482,79112
77028,77028
7702870002636,92998
7702870008416,87836
7702870009048,91181
7702870009888,96566
7702870011096,93238
7702870011102,93239
7702870011119,93240
7702870011355,94661
7702870011461,94557
7702870011478,94556
7702870064108,85987
7702870070727,85118
7702870207741,97637
7702870228715,91205
7702870333747,96524
7702870653364,96424
7702870684207,93221
7702870714140,86223
7702870728994,97888
7702870897966,95666
7702870976623,94116
77029,77029
77030,77030
77031,77031
7703153001131,84481
7703153008161,85244
7703153008215,85708
7703153011413,84310
7703153011529,85862
7703153012359,85581
7703153012540,86182
7703153012908,86020
7703153015763,87702
7703153016234,87941
7703153016340,83389
7703153016852,95691
7703153017354,86178
7703153017415,63828
7703153018498,91265
7703153018672,86873
7703153018849,90552
7703153019129,88939
7703153019471,91226
7703153020392,87785
7703153020545,92199
7703153021184,90479
7703153021955,85189
7703153022693,91547
7703153023140,92366
7703153023874,91203
7703153023911,89890
7703153023959,90452
7703153024079,90978
7703153024093,88416
7703153024383,90977
7703153024512,95135
7703153024536,93639
7703153024550,94453
7703153024710,93595
7703153025380,90496
7703153025397,80212
7703153025519,93822
7703153025571,97726
7703153025656,90453
7703153026592,90955
7703153026608,91193
7703153027407,91117
7703153028329,91369
7703153029449,91347
7703153029906,91369
7703153029913,91370
7703153029920,92185
7703153030544,95878
7703153030797,94551
7703153030827,94609
7703153031077,94997
7703153031084,93905
7703153031152,93674
7703153032852,95877
7703153033200,97803
7703153033293,95646
7703153033477,95948
7703153033828,94547
7703153033835,94546
7703153034801,93596
7703153036164,94404
7703153036195,96699
7703153037901,95830
7703153038694,96024
7703153038953,97787
7703153038960,95829
7703153038977,96022
7703153039769,96023
7703153040819,97510
7703153041625,97230
7703153042752,78940
7703153046187,91547
7703186585110,85376
7703186621412,75705
7703186621511,75706
7703186920713,64575
7703186921413,74801
7703186995018,53490
77032,77032
7703202001563,93072
7703202009095,03199
7703202009101,03200
7703202009156,03205
7703202009163,86394
7703202009187,95941
7703202009194,88310
7703202009200,01576
7703202009224,03198
7703202009231,03212
7703281000259,90570
7703281000297,87293
7703281000365,96033
7703281000563,93449
7703281000587,93805
7703281000662,96041
7703281000679,61203
7703281000754,93233
7703281001041,92560
7703281001058,96041
7703281001072,92201
7703281001102,92165
7703281001188,93940
7703281001195,93605
7703281001362,91747
7703281001423,88719
7703281001447,87291
7703281001454,88546
7703281001461,83843
7703281001485,88504
7703281001515,93534
7703281001522,93535
7703281001539,93270
7703281001584,92484
7703281001591,91748
7703281001614,63457
7703281001652,92557
7703281001881,93100
7703281001935,93548
7703281001942,96390
7703281002024,93549
7703281002062,96780
7703281002086,93551
7703281002109,94309
7703281002338,96195
7703281002345,94063
7703281002352,94065
7703281002369,94064
7703281002451,94606
7703281002468,95336
7703281002475,96092
7703281002482,94605
7703281002499,95335
7703281002543,96159
7703281003762,83207
7703281003793,90671
7703281004325,89499
7703281007616,90316
7703281008316,87163
7703281008415,87437
7703281008439,90439
7703281020004,96664
7703281020011,96669
7703281020028,96665
7703281020035,96666
7703281020042,96667
7703281020059,96668
7703281020257,96389
7703281020332,97709
7703281020356,97021
7703281020363,97020
7703281020424,63457
7703281020738,96357
7703281020912,86085
7703281021230,97802
7703283401498,88383
77033,77033
7703323500648,85775
7703323501423,86497
7703331710879,84003
7703332003352,75209
7703332003550,76296
7703332003680,93431
7703333007038,63533
7703333007045,77597
7703333007274,93743
7703333007458,76295
7703333007465,75210
7703333007601,87865
7703333007618,89669
7703333007700,61202
7703363001600,88693
7703363006452,95165
7703363006469,94032
7703381503292,90315
7703381503476,01576
7703381503568,63543
7703381503575,03224
77034,77034
7703445031778,84175
7703445120021,90291
7703445210012,86444
7703454120692,87175
7703454121279,93301
7703454122009,90228
7703454123099,91235
7703454123587,93524
7703454124027,96079
7703454124331,97519
7703454124577,96500
7703454124584,87527
7703454124775,96522
7703454128940,92276
7703454128957,92413
7703454128971,82593
7703454128988,90677
7703454129183,92787
77036,77036
77037,77037
7703712070097,96038
77041,77041
77042,77042
77043,77043
77044,77044
77045,77045
77046,77046
77050,77050
77051,77051
77053,77053
7705849004013,61197
7705849004211,86522
77059,77059
7705959009533,83923
7705959832698,94322
7705959880019,88477
7705959880569,93564
7705959880958,92227
7705959880996,93685
7705959881023,94721
7705959881030,91990
7705959881078,94866
7705959881085,95478
7705959881115,94867
7705959881245,95414
7705959881290,98105
7705959881313,85869
7705959881337,94096
7705959881351,93447
7705959881504,92768
7705959881580,95508
7705959882129,94324
7705959882136,94022
7705959882174,94328
7705959882303,95405
7705959882310,93617
7705959882327,92466
7705959882372,94105
7705959882389,94106
7705959882396,94097
7705959882402,94725
7705959882464,95949
7705959882525,95724
7705959882624,97209
7705959882648,96692
7705959882655,96544
7705959882662,96792
7705959882679,97488
7705959882686,86279
7705959884185,96793
7705959884192,96037
7706263001718,88568
7706263007109,90510
7706263016088,78862
7706263666009,93211
7706263666016,90963
77063,77063
7706634021550,60607
7706634035984,96025
77068,77068
77070,77070
77071,77071
7707172687437,90317
7707172689684,94273
7707189521083,90068
77072,77072
7707204490028,90131
7707213870637,01236
7707213872341,97033
7707213872709,82734
7707213873874,82737
7707213876417,83627
7707213878190,96518
7707213878442,94319
7707213879159,97033
7707213879401,96518
7707213879814,87098
7707221290045,62148
7707221290472,95790
7707221290489,95814
7707221290496,83698
7707221290502,83635
7707221290519,95791
7707221290731,95898
7707221290755,62995
7707221290779,62996
7707221291165,88596
7707221291172,94644
7707236121761,98057
7707236123086,88992
7707236127480,90678
7707236128623,92499
7707236670153,94855
7707236670177,90235
7707236670627,90861
7707236672454,89937
7707236672881,97806
7707236674274,90954
7707236674328,91824
7707236677732,92307
7707239270022,88206
7707239270039,63557
7707239270060,95886
7707239270077,98041
7707239272682,96447
7707239273627,94722
7707239275249,91540
7707239275775,93733
7707239276291,97280
7707239278677,97809
7707271451328,97264
7707271451342,94744
7707271451724,96026
7707271451755,95326
7707271451762,95327
7707271451816,95363
7707271451830,95674
7707271451984,97029
7707271451991,96134
7707271452011,95327
7707271452028,95674
7707271452059,96675
7707271452066,97640
7707271452073,96278
7707271452080,96553
7707271452097,97647
7707271452103,98130
7707271452110,97028
7707271452127,96444
7707271452134,98618
7707271452158,95363
7707271452196,96504
7707271452202,96505
7707271452219,94744
7707271452707,98820
7707271452844,98663
7707274980078,95325
7707274980115,95350
7707286573343,97862
77073,77073
7707300510071,96396
7707331332031,95582
7707331332116,96436
7707331332161,95168
7707331332208,95407
7707355050171,89095
7707355050744,89731
7707355050881,90174
7707355050973,90739
7707355052298,93944
7707355052328,93945
7707355053967,96219
7707355053981,94112
7707355057392,89731
7707355057668,89731
7707357830160,93212
77076,77076
77077,77077
77078,77078
77083,77083
77090,77090
77097,77097
7709990424676,84471
77104,77104
77105,77105
77106,77106
77107,77107
77108,77108
77109,77109
77110,77110
77111,77111
77112,77112
77113,77113
77114,77114
77115,77115
77116,77116
77117,77117
77118,77118
77119,77119
77120,77120
77121,77121
77122,77122
77123,77123
77124,77124
77125,77125
77126,77126
77127,77127
77128,77128
77134,77134
77140,77140
77142,77142
77144,77144
77148,77148
77149,77149
77150,77150
77152,77152
77155,77155
77157,77157
77158,77158
77159,77159
77160,77160
77161,77161
77163,77163
77173,77173
77174,77174
77175,77175
77176,77176
77177,77177
77178,77178
77179,77179
77180,77180
77183,77183
77184,77184
77185,77185
77186,77186
77187,77187
77188,77188
77189,77189
77190,77190
77191,77191
77192,77192
77193,77193
77194,77194
77195,77195
77196,77196
77197,77197
77198,77198
77199,77199
77200,77200
77201,77201
772010470448,93582
77202,77202
77203,77203
77204,77204
77205,77205
77206,77206
77207,77207
77208,77208
77209,77209
77210,77210
77211,77211
77212,77212
77213,77213
77214,77214
77215,77215
77216,77216
77217,77217
77218,77218
77219,77219
77220,77220
77221,77221
77222,77222
77223,77223
77224,77224
77225,77225
77226,77226
77227,77227
77228,77228
77229,77229
77230,77230
77231,77231
77232,77232
77233,77233
77234,77234
77235,77235
77236,77236
77237,77237
77238,77238
77239,77239
77240,77240
77241,77241
77242,77242
77243,77243
77244,77244
77245,77245
77246,77246
77247,77247
77248,77248
77249,77249
77250,77250
77251,77251
77252,77252
77254,77254
77255,77255
77256,77256
77257,77257
77258,77258
77259,77259
77260,77260
77261,77261
772618232950,90507
772618233001,90565
77262,77262
77263,77263
77264,77264
77265,77265
77266,77266
77267,77267
77268,77268
77269,77269
77270,77270
77271,77271
77272,77272
77277,77277
77278,77278
77280,77280
77285,77285
77290,77290
77291,77291
77293,77293
77295,77295
77296,77296
77297,77297
77298,77298
77299,77299
77300,77300
77302,77302
7730215002232,88135
7730215002249,88133
7730512740264,97797
7730512750263,97797
77306,77306
7730698000121,66038
7730698003382,87174
7730698004204,86257
7730698004396,80908
7730698004532,03844
7730698004679,88972
7730698005485,89412
7730698005836,67021
7730698005874,86500
7730698006468,86085
7730698007281,88137
7730698008226,87255
7730698011493,94155
7730698011875,94145
7730698012247,83669
7730698012711,96170
7730698013183,92667
7730698013749,85455
7730698014609,00116
7730698015903,88135
7730698015910,88133
7730698020792,89036
7730698334400,87090
7730698335087,79962
7730698348087,00108
7730698348094,00110
7730699001448,86330
77307,77307
7730766000237,03661
7730766000336,91690
7730766000343,91726
7730766002804,98635
7730766003207,98653
77309,77309
7730969300073,94964
7730969300103,95470
7730969300578,94153
7730969300592,93845
7730969300622,94727
7730969300998,86257
7730969301124,88164
7730969301131,88956
7730969301216,96142
7730969301230,96122
7730969301247,87716
7730969301254,88790
7730969301261,53988
7730969301735,91127
7730969301766,94157
7730969301834,94706
7730969301889,96751
7730969301896,97326
7730969302220,94474
7730969302442,63130
7730969302923,94727
7730969302930,93845
7730969303340,92667
7730969303449,96071
7730969303784,00095
7730969303883,83669
7730969304569,89967
7730969304743,96960
7730969305153,90570
7730969305672,96770
7730969305689,97031
7730969305801,91003
7730969306174,94425
7730969306235,89015
7730969306402,96841
7730969306501,97711
7730969306518,97683
7730969306525,98104
7730969306587,96872
7730969306662,97008
7730969306761,97204
7730969306778,97077
7730969307010,97059
7730969307027,97058
7730969307102,97987
7730969307218,97328
7730969307225,97989
7730969307232,98252
7730969307423,97506
7730969308413,98048
7730969308710,98171
7730979090285,88768
7730979090308,91363
7730979090346,89921
7730979090520,88917
7730979090599,89060
7730979090926,90509
7730979091039,97635
7730979091046,89319
7730979091237,84296
7730979091640,97599
7730979091749,95473
7730979091756,93975
7730979091923,90832
7730979092036,96676
7730979092043,91011
7730979092050,95651
7730979092074,88796
7730979092210,86102
7730979093507,85888
7730979094290,91144
7730979095815,92670
7730979095921,92516
7730979096188,92368
7730979096201,92849
7730979096218,92798
7730979096270,89984
7730979096317,96652
7730979096478,91251
7730979096485,98977
7730979097086,80862
7730979097178,93699
7730979097185,94239
7730979097918,95720
7730979097925,96085
7730979098113,96262
7730979098458,96670
7730979098465,96791
7730979098472,96525
7730979098489,96216
7730979098496,66122
7730979098502,96978
7730979098793,96744
7730979098809,91430
7730979098892,98803
7730979099080,98649
7730979099325,86979
7730979099547,97780
7730979099554,97947
7730979099820,98072
7730979511216,96930
77310,77310
77311,77311
77313,77313
77314,77314
77315,77315
77316,77316
77318,77318
77319,77319
77325,77325
77326,77326
77327,77327
77328,77328
77329,77329
77330,77330
77331,77331
77332,77332
77333,77333
77334,77334
77335,77335
77336,77336
77337,77337
77338,77338
77339,77339
77340,77340
77341,77341
77342,77342
77343,77343
77344,77344
77345,77345
77346,77346
77347,77347
77348,77348
77349,77349
77350,77350
77351,77351
77353,77353
77356,77356
77357,77357
77358,77358
77359,77359
77360,77360
77362,77362
77363,77363
77364,77364
77365,77365
77366,77366
77367,77367
77368,77368
77369,77369
77370,77370
77371,77371
77372,77372
77373,77373
77384,77384
77385,77385
77386,77386
77387,77387
77388,77388
77389,77389
77390,77390
77391,77391
77392,77392
77393,77393
77394,77394
77395,77395
77396,77396
77397,77397
77398,77398
77399,77399
77400,77400
77401,77401
77402,77402
77403,77403
77404,77404
77405,77405
77406,77406
77409,77409
77413,77413
77414,77414
77415,77415
77416,77416
77417,77417
77418,77418
77419,77419
77420,77420
77421,77421
77422,77422
77423,77423
77424,77424
77425,77425
77426,77426
77428,77428
77429,77429
77430,77430
77431,77431
77432,77432
77433,77433
77435,77435
77437,77437
77438,77438
77439,77439
77440,77440
77441,77441
77442,77442
77443,77443
77444,77444
77445,77445
77446,77446
77447,77447
77448,77448
77449,77449
77450,77450
77451,77451
77452,77452
77453,77453
77454,77454
77455,77455
77456,77456
77457,77457
77458,77458
77459,77459
77460,77460
77461,77461
77462,77462
77463,77463
77464,77464
77465,77465
77466,77466
77468,77468
77469,77469
77472,77472
77474,77474
77477,77477
77479,77479
77480,77480
77481,77481
77482,77482
77483,77483
77484,77484
77486,77486
77487,77487
77488,77488
77490,77490
77491,77491
77492,77492
77493,77493
77494,77494
77495,77495
77497,77497
77498,77498
77499,77499
77500,77500
7750000054703,98096
7750000067208,97367
7750000070147,98059
7750019000197,89216
7750021001502,80474
7750021004169,92854
7750021004206,92059
7750021004893,97907
7750021006170,96152
7750021006750,96461
7750021007313,94217
7750021007658,93299
7750021008921,96460
7750021009010,94363
7750021009027,94770
7750021009201,93078
7750021009218,93078
7750021585927,82791
7750023000282,95397
7750023000299,94781
775004512003,88716
7750045120203,88716
7750045120227,89643
7750045120241,83628
7750045120531,93476
7750045123044,95598
7750045135078,94756
7750045136808,53215
7750045136907,96646
7750045136921,96644
7750045136945,96647
7750045140607,53571
7750045170024,98424
7750045170031,98428
7750045170086,98425
7750045170093,98429
7750045171267,94763
7750045173100,94760
7750045173131,83823
7750045175562,96565
7750045180252,94755
7750045180276,95278
7750045180290,95279
7750045180573,80990
7750045180580,80990
7750045180627,90148
7750045180634,94759
7750045181198,95285
7750045181228,79357
7750045181495,95281
7750045181730,96486
7750045181884,96487
7750045181921,95282
7750045181976,95283
7750045185813,96267
7750045186018,94485
7750045186032,83980
7750045186056,88369
7750045186070,86541
7750045189156,05886
7750045189163,81874
7750045189200,92189
7750045189224,60799
7750045189507,98482
7750045189521,98481
7750045190107,93200
7750045199865,96489
7750045201124,98430
7750045215107,98485
7750045220002,86278
7750045220057,89742
7750045220071,86988
7750045220101,89922
7750045220255,88947
7750045220354,88948
7750045220408,94476
7750045220484,94902
7750045220507,86841
7750045221016,90047
7750045221023,89925
7750045221030,86206
7750045221047,89743
7750045221108,89744
7750045221207,89023
7750045221306,93734
7750045221429,81454
7750045222099,93202
7750045222112,93202
7750045223201,86847
7750045223249,86849
7750045223263,86317
7750045223287,86848
7750045223300,98479
7750045223324,88946
7750045224208,86276
7750045224314,90444
7750045224321,90795
7750045224383,95557
7750045225328,98486
7750045225441,88210
7750045225458,93203
7750045225472,88211
7750045225816,86853
7750045225892,94758
7750045225915,86316
7750045226325,92317
7750045226370,88949
7750045226387,88949
7750045226394,88949
7750045228107,94773
7750045228121,88448
7750045228145,75200
7750045228183,04747
7750045250573,98483
7750045250719,95660
7750045251044,95596
7750045251563,65087
7750045251921,95284
7750045252263,94762
7750045258647,94757
7750045258685,98427
7750045258753,98426
7750045267403,90046
7750045268035,88214
7750045268110,88172
7750045270106,95873
7750045276009,98487
7750045292078,98484
7750045296052,98480
7750045320504,95036
7750045321945,95280
77500526,95595
77500533,89881
7750060000047,96788
7750060000054,85419
7750060000078,85836
7750060000108,94185
7750060000115,62188
7750060000214,85853
7750060000221,85783
7750060000276,88561
7750060000283,62189
7750060000313,86168
7750060000320,77385
7750060000351,85351
7750060000375,94173
7750060000412,87216
7750060000436,86377
7750060000443,86375
7750060000450,95511
7750060000467,94366
7750060000498,82315
7750060000504,87745
7750060000511,89108
7750060000702,77572
7750060000788,76601
7750060000795,80738
7750060000818,84107
7750060000863,94185
7750060000870,94186
7750060000887,94187
7750060000894,87910
7750060000900,94189
7750060000917,94188
7750060000924,82867
7750060000931,96587
7750060000948,90770
7750060001099,92931
7750060001112,61398
7750060001204,94190
7750060001235,91949
7750060001402,96510
7750060001433,79586
7750060001488,94465
7750060001686,93776
7750060001853,82770
7750060001952,92203
7750060001990,82316
7750060002027,85200
7750060002041,85200
7750060002188,94316
7750060002287,96511
7750060002294,96512
7750060002300,96799
7750060002317,96797
7750060002379,94190
7750060002447,65033
7750060002454,75969
7750060002485,85351
7750060002515,75968
7750060002522,80997
7750060002553,61448
7750060002652,82318
7750060002683,62214
7750060002768,76598
7750060002782,06282
7750060002836,75968
7750060002874,95196
7750060002881,80996
7750060002898,95195
7750060002904,76600
7750060002911,82864
7750060002942,62188
7750060002997,96800
7750060003017,93776
7750060003062,96265
7750060003079,85836
7750060003086,76825
7750060003123,90770
7750060003130,76599
7750060003185,79586
7750060003208,92203
7750060003215,92203
7750060003307,97861
7750060003314,97561
7750060003338,97561
7750060003369,97462
7750060003376,97562
7750060003390,97562
7750060003703,85970
7750060228687,97689
7750060329629,62491
7750060329636,97587
7750060329643,61007
7750060386721,76825
7750060386752,76599
7750060386769,84293
7750060386776,82319
7750060576832,94185
7750067000170,85278
7750067000187,60843
7750075055360,97538
77501,77501
7750130444603,94107
7750145000047,95687
7750145000061,96502
7750182000697,94516
7750182001137,94149
7750182001199,86907
7750182001205,96672
7750182001229,92930
7750182001373,90096
7750182001397,92966
7750182001892,94861
7750182002714,93458
7750182003049,90153
7750182003308,94200
7750182003827,94481
7750182003834,94480
7750182004466,90243
7750182004626,97738
7750182004640,97738
7750182004879,95806
7750182005685,94716
7750182005982,94563
7750182006088,97592
7750182006095,97593
7750182006453,93458
7750182006460,96426
7750182007092,96136
7750182007269,96783
7750182007672,97557
7750182007719,97444
7750182155656,94601
77502,77502
7750215000342,65338
7750215000502,84330
7750215000564,62267
7750215000892,63963
7750215001455,62181
7750215001486,63935
7750215001509,93077
7750215001721,84496
7750215001844,82805
7750215001851,96450
7750215002117,91905
7750215002261,96577
7750215002483,89004
7750215002629,84410
7750215002711,89690
7750215002759,90275
7750215002766,90844
7750215002780,96439
7750215002988,96833
7750215003299,98094
7750215003602,88171
7750215003756,61826
7750215003817,96568
7750215003893,92617
7750215004371,80774
7750215004388,96801
7750215004531,92037
7750215005675,97455
7750215005699,95811
7750215005873,90895
7750215007204,90969
7750215007259,87723
7750215007471,92370
7750215007600,98299
7750215007631,90483
7750215007648,61626
7750215007747,97752
7750215007846,95766
7750215007860,90889
7750215008188,92793
7750215008522,91068
7750215008553,93180
7750215008737,97210
7750215008744,97254
7750215008843,90837
7750215008959,65340
7750215008973,63886
7750215009215,91566
7750215009635,95872
7750215009949,92792
7750215012093,97881
7750215012291,85406
7750215012833,95264
7750215012987,63895
7750215012994,03404
7750215013007,63937
7750215013403,90648
7750215013458,96829
7750215013489,94151
7750215013496,92615
7750215013502,90843
7750215013519,91917
7750215013564,96832
7750215013588,96831
7750215013670,83751
7750215014523,63038
7750215014530,63038
7750215014677,84543
7750215014684,92805
7750215015551,93816
7750215015568,93817
7750215015575,92154
7750215015582,95444
7750215015605,76221
7750215015803,97212
7750215015810,95515
7750215016374,94152
7750215016718,96840
7750215016749,96072
7750215016855,92456
7750215017012,95568
7750215017524,92795
7750215017920,94925
7750215018323,93715
7750215018828,96835
7750215018835,96836
7750215018842,96837
7750215018873,94852
7750215018880,96834
7750215018897,93326
7750215018934,94853
7750215018965,92508
7750215019160,96824
7750215019214,96826
7750215019580,97252
7750215020128,96528
7750215020173,94871
7750215020234,94790
7750215020333,61545
7750215020364,61545
7750215020548,98303
7750215020555,93133
7750215020609,93818
7750215020739,94458
7750215020791,93471
7750215020807,93472
7750215020814,90648
7750215020821,94685
7750215020845,93618
7750215020890,97983
7750215020906,82499
7750215020913,82499
7750215020937,97982
7750215020968,95971
7750215020982,95969
7750215020999,95970
7750215021033,98298
7750215021392,94594
7750215021408,98770
7750215021446,93728
7750215021880,94669
7750215021903,94508
7750215022467,79833
7750215022535,92804
7750215023440,94597
7750215023457,04716
7750215023464,94596
7750215023471,94595
7750215023488,84208
7750215023495,95198
7750215023501,95199
7750215023594,98302
7750215024065,98449
7750215024102,97391
7750215024140,94151
7750215024393,89068
7750215024416,94685
7750215024423,81834
7750215024430,93325
7750215024454,96827
7750215024461,96828
7750215024720,95192
7750215025000,63999
7750215025260,96830
7750215025413,98274
7750215025840,95569
7750215025994,96825
7750215026045,98275
7750215026090,60858
7750215026113,84206
7750215026144,95743
7750215026168,95744
7750215027097,97392
7750215027295,02646
7750215027981,85860
7750215028124,96833
7750215028261,97071
7750215028421,84352
7750215028629,98784
7750215028643,98783
7750215028650,97677
7750215028667,97676
7750215028674,97984
7750215028681,97343
7750215028698,97522
7750215028704,97521
7750215028711,97520
7750215028728,84543
7750215028742,97427
7750215028759,93324
7750215028766,95444
7750215028773,97426
7750215028780,06042
7750215028797,93816
7750215029107,98450
7750215029534,82870
7750215029541,85573
7750215029558,92807
7750215029565,81179
7750215029572,63672
7750215029589,79736
7750215030523,97882
7750215030714,86880
7750215054017,52869
7750215091647,01363
7750215091654,66845
7750215091661,63970
7750215091678,62180
7750215091685,62182
7750215091692,62927
7750215091722,62174
7750215102954,92766
7750215102978,90521
7750215103111,81387
7750215103371,60930
7750215103388,60874
7750215103586,60858
7750215103593,54147
7750215103623,81207
7750215103661,81182
7750215103692,65342
7750215136225,86061
7750215141076,61670
7750215161470,82500
7750215284117,84169
7750215336007,93780
7750215397442,97296
7750215432976,97253
7750215439012,87115
7750215496886,95626
7750215556764,79832
7750215604250,65691
7750215604267,51583
7750215635032,63672
7750215635056,79736
7750215635100,81395
7750215635131,79667
7750215635162,63942
7750215635179,63943
7750215728185,84206
7750215796634,95137
7750215869161,94597
7750215869178,04716
7750215869185,94596
7750215869192,94595
7750215962473,80261
7750215998441,91230
7750218000752,98192
7750218001391,96449
7750218002275,90857
7750218002343,95958
7750218003210,97131
7750218004163,97140
7750218004637,96397
7750218005504,96951
7750218005528,96401
7750218006273,96540
7750218009465,95944
7750218009687,85345
7750218010218,96475
7750218010522,95883
7750218010621,96986
7750218010768,98292
7750218010775,97964
7750218010782,97549
7750219001987,92478
7750219002175,92510
7750236173896,94592
7750243063807,97300
7750243063814,97301
7750243071925,97299
7750243071949,97475
7750243072205,98294
7750243072243,98296
7750243072267,98295
7750243072274,98297
7750243073837,98377
7750243073851,98383
7750243073905,98381
7750243073974,98376
7750243073981,98380
7750243074025,98379
7750243074032,98377
7750243076487,98375
7750243076500,98382
7750243078733,98378
7750243080125,98293
7750243080132,88453
7750243080149,93456
7750243080187,98930
7750243080200,98931
7750243080361,98932
7750243081061,98414
7750243081207,98413
7750253001448,90681
7750254000013,89392
7750254001249,82092
7750254001300,88951
7750281000017,88986
7750281000055,92948
7750281000277,92949
7750281000475,92412
7750281001496,95601
7750281001724,95819
7750281001755,95602
7750281001984,98015
7750281066655,50193
7750281067690,92950
7750281074483,89087
7750281388214,95197
7750281851701,96140
7750298000727,90440
77503,77503
7750304000000,85465
7750304000017,85100
7750304000031,88918
7750304000086,89088
7750304000093,93650
7750304000109,87188
7750304000154,85681
7750304000161,85374
7750304000178,93654
7750304000192,92353
7750304000208,92354
7750304000215,86399
7750304000673,85682
7750304001113,85387
7750304001137,90369
7750304001168,87360
7750304001342,87189
7750304001359,93653
7750304001434,87398
7750304001946,85237
7750304001953,85236
7750304002141,91160
7750304002295,02951
7750304002318,87514
7750304002462,89754
7750304002479,88094
7750304002493,87168
7750304002653,86395
7750304002868,85828
7750304002875,90296
7750304002899,91016
7750304002981,81213
7750304003001,67016
7750304003018,96101
7750304003032,60942
7750304003056,84597
7750304003087,84341
7750304003094,85908
7750304003162,86361
7750304003179,79984
7750304003230,84551
7750304003261,80345
7750304003292,85139
7750304003339,61848
7750304003445,85094
7750304003452,84550
7750304003476,97412
7750304003490,85235
7750304003506,85299
7750304003544,86060
7750304003551,85948
7750304003568,86796
7750304003582,89111
7750304003629,87926
7750304003667,85752
7750304003766,94368
7750304003872,88009
7750304003889,85919
7750304003971,85938
7750304003988,86939
7750304003995,94870
7750304004046,89488
7750304004244,87399
7750304004251,86916
7750304004305,80434
7750304004343,90720
7750304004428,54398
7750304004473,84734
7750304004572,88643
7750304004596,88300
7750304004626,92666
7750304004633,92908
7750304004657,89591
7750304004671,87235
7750304004763,89194
7750304004855,87365
7750304004961,90515
7750304004992,87839
7750304005005,79661
7750304005036,86414
7750304005326,00854
7750304005333,87400
7750304005357,88181
7750304005395,90203
7750304005487,88266
7750304005524,89515
7750304005531,89291
7750304005548,87856
7750304005555,83134
7750304005579,91753
7750304005586,90233
7750304005593,86308
7750304005623,87343
7750304005630,87324
7750304005678,84283
7750304005692,88987
7750304005722,87936
7750304005753,87532
7750304005760,90941
7750304005777,95583
7750304005814,88318
7750304005821,85067
7750304005838,91197
7750304005845,05551
7750304005906,90348
7750304005920,81663
7750304005937,84300
7750304005975,84490
7750304006033,88180
7750304006057,88159
7750304006132,87753
7750304006286,94872
7750304006347,89124
7750304006392,93320
7750304006439,87857
7750304006491,87872
7750304006583,89696
7750304006606,90017
7750304006613,87883
7750304006620,97447
7750304006668,82468
7750304006675,82467
7750304006712,03004
7750304006798,89034
7750304006811,79780
7750304006842,88126
7750304006859,90745
7750304006897,90129
7750304006910,93675
7750304007115,03033
7750304007221,85987
7750304007238,90322
7750304007252,93236
7750304007276,89607
7750304007436,88384
7750304007443,93655
7750304007498,94464
7750304007559,89654
7750304007573,89642
7750304007580,89670
7750304007627,91248
7750304007726,94067
7750304007795,90594
7750304007801,90018
7750304007870,89641
7750304007887,89639
7750304007931,90487
7750304007948,91346
7750304007955,96029
7750304007962,91838
7750304007986,87344
7750304008143,90185
7750304008174,93648
7750304008358,84860
7750304008365,85438
7750304008570,53949
7750304008617,91545
7750304008754,91915
7750304008884,66952
7750304008976,85575
7750304009058,93070
7750304009157,97313
7750304009201,92198
7750304009218,92195
7750304009225,92197
7750304009232,92194
7750304009249,90662
7750304009263,66539
7750304009324,95708
7750304009348,92145
7750304009355,92144
7750304009362,93613
7750304009379,94339
7750304009386,92196
7750304009393,92224
7750304009409,89406
7750304009423,92861
7750304009454,05380
7750304009478,95947
7750304009492,90244
7750304009560,79063
7750304009577,88397
7750304009621,92810
7750304009638,92809
7750304009676,84736
7750304009683,84599
7750304009713,93061
7750304009720,93060
7750304009812,98107
7750304009836,96137
7750304009874,93651
7750304009898,97129
7750304009904,97129
7750304009911,96593
7750304009928,96592
7750304009959,93967
7750304010009,94555
7750304010245,05225
7750304010252,90004
7750304010269,90638
7750304010313,89515
7750304010351,95182
7750304010382,87832
7750304010399,87082
7750304010405,90132
7750304010412,90164
7750304010429,95821
7750304010443,54399
7750304010450,94940
7750304010474,94475
7750304010498,96088
7750304010504,95330
7750304010528,95266
7750304010542,94612
7750304010559,94614
7750304010566,94616
7750304010573,95773
7750304010603,94815
7750304010610,97239
7750304010801,95567
7750304010856,95679
7750304010887,95578
7750304010917,96636
7750304010931,98053
7750304010955,66929
7750304011006,96696
7750304011013,96586
7750304011037,87324
7750304011044,98084
7750304011051,98119
7750304011082,95552
7750304011099,95991
7750304011280,97290
7750304011372,93521
7750304011389,96779
7750304011433,98235
7750304011549,66368
7750304011594,81140
7750304011730,91271
7750304011778,87839
7750304011785,82655
7750304052207,85147
7750304052214,85090
7750304052269,92803
7750304052290,85366
7750304095617,00557
7750304105033,86675
7750304106139,63247
7750304106610,87160
7750304113410,05095
7750304113533,66937
7750304113885,52258
7750304130318,54060
7750304132213,00639
7750304133715,66929
7750304140256,92363
7750304140263,54040
7750304142014,85820
7750304144681,53378
7750304145619,05970
7750304148511,85730
7750304148610,86451
7750304150019,96393
7750304151122,05525
7750304155823,05999
7750304235556,89746
7750304253710,89093
7750304261487,83244
7750304309417,88677
7750304309745,83413
7750304309967,60940
7750304311175,78598
7750304311281,85146
7750304322171,01219
7750304351027,76314
7750304467254,84834
7750304496001,82337
7750304539494,81985
7750304634977,82656
7750304641593,82488
7750304644976,96452
7750304773003,83245
7750304780209,93649
7750304780216,03927
7750304780223,84215
7750304780261,83172
7750304780278,83319
7750304801034,66006
7750304806602,83404
7750304858922,83591
7750304858939,84776
7750304858946,84492
7750304964555,65301
7750304964562,62334
7750304964579,78049
7750304964586,65948
7750304964593,65946
7750304964609,65947
7750304964678,78736
7750304964685,76174
7750304964708,84704
7750304964715,84705
7750304987189,88093
7750304995016,88269
7750305001402,93245
7750305002614,93404
7750305002775,93244
7750305002799,93522
7750305002805,93523
7750305002836,93247
7750305002881,95321
7750305002942,93242
7750305002959,93406
7750305002966,93243
7750305002997,93405
7750305003000,95454
7750305003055,95084
7750305003079,95083
7750305003291,97702
7750305003321,93522
7750307001103,91024
7750307001172,78642
7750307002131,95261
7750307066324,93109
7750320002408,95563
7750320002415,90426
7750373002219,65685
7750373002660,98085
7750373002677,60898
7750373002820,95186
7750373011723,98760
7750373013512,95986
7750373013543,92634
7750373014366,98761
7750373046008,87690
7750373048668,89792
7750373165006,65387
7750373165013,05197
7750373165037,90460
7750373165051,89795
7750373165068,90852
7750373165075,86494
77503954,86047
77503961,85657
77504,77504
7750424830020,97732
7750429190013,60439
7750429190020,63492
7750429190037,60440
7750429190044,89424
7750429190051,61047
7750429190068,63490
7750441740005,92503
7750441740135,92917
7750441740326,94160
7750441740364,97540
77504449,92455
7750446640003,97828
7750446940011,98022
7750453040049,98103
7750458770019,90486
7750465005302,89614
7750465005319,89613
7750465005371,89572
7750465005449,81915
7750465005456,88638
7750465005463,81914
7750465005630,76371
7750465005654,93401
7750465005746,82399
7750465005944,94393
7750465006231,93399
7750465006255,93396
7750465006477,94382
7750465006552,88960
7750465006569,89572
7750465006613,98952
7750465006644,86410
7750465006873,82300
7750465006897,95351
7750465006903,95128
7750465006934,94976
7750465006941,95047
7750465006958,87355
7750465006965,96686
7750465006972,96687
7750465007153,77328
7750465007412,95129
7750465007443,95352
7750465007481,86208
7750465007603,94988
7750465007610,95193
7750465007627,87724
7750465007689,95723
7750465007726,96546
7750465007740,89948
7750465007825,94987
7750465007832,87006
7750465008518,96547
7750465009133,96719
7750465009317,89565
7750465009904,88841
7750465009911,88841
7750465010177,93397
7750465010184,88640
77505,77505
7750500000378,96530
7750500000415,84300
7750500000460,95809
7750500000545,94957
7750500000651,89558
7750500000712,85143
7750500000880,89460
7750500000941,96531
7750500000996,52280
7750500001047,95919
7750500001078,94775
7750500001139,86468
7750500001184,79961
7750500001214,98620
7750500001221,94775
7750500001238,97285
7750500001399,92968
7750500001504,97973
7750500001573,95259
7750500001948,96590
7750525220010,92501
7750525220034,92811
7750525220041,92917
7750525220058,98906
7750525220072,93629
7750525220096,93970
7750525220102,97540
7750525220119,97934
7750525220171,98967
7750525220188,98905
7750525220201,97661
7750540010023,98903
77505408,95810
77505743,02498
7750577000011,65968
7750577000066,01418
7750577000165,02196
7750577000349,95950
7750577000387,54146
7750577000875,66581
7750577001476,94493
7750577001827,88122
7750577001872,94491
7750577001971,92918
7750577001995,91689
7750577002138,94492
7750577002169,96651
7750577002244,81334
7750577002718,94490
7750577002817,04130
7750577317935,01191
7750577464851,63611
7750577464868,86417
7750577785734,92618
7750577785741,54153
77505842,93482
77505934,00444
77505958,63251
77506,77506
77506238,93480
7750625000420,01532
77506252,98717
7750625903165,88415
7750629000907,85096
7750629000914,93254
7750629000921,92678
7750629000969,85096
7750629000976,93254
7750629000983,92678
7750629001225,92173
7750629001645,92677
7750629001669,92677
7750629001980,98580
7750629002307,94361
7750629002321,94361
77506375,84479
77506429,79710
77506467,88144
77506559,51738
7750658000992,96752
77507,77507
7750721000027,94451
7750721000195,90830
7750721000256,90830
7750721000294,96404
7750721000317,96437
7750721000478,94318
7750721000744,96438
7750721001307,96011
7750778000032,81339
7750778000056,84347
7750778000063,92277
7750778000087,90945
7750778000094,91078
7750778000117,91187
7750778000124,51354
7750778000230,90345
7750778000247,78827
7750778000353,92423
7750778000377,95410
7750778000469,83901
7750778000520,92602
7750778000537,91135
7750778000544,88628
7750778000575,95479
7750778000582,89936
7750778000704,92422
7750778000728,91380
7750778000759,90640
7750778000773,90984
7750778000810,96119
7750778000834,94163
7750778000841,97748
7750778000865,96034
7750778000926,93271
7750778001015,97696
7750778001022,96477
7750778001077,90640
7750778001152,96648
7750778001435,97112
7750778001725,98671
7750778001770,88711
7750778001787,98024
7750778001848,86630
7750778001862,98624
7750778001909,85329
7750778592278,95704
7750778592292,89044
7750778853515,88711
7750778853522,84348
7750787000016,60440
7750787000023,61047
7750787000078,63492
7750787000085,60439
7750787000092,89424
7750787000108,63490
7750787000115,63491
77508,77508
7750831000009,91556
7750831002324,93017
7750831017465,90504
7750831017533,85157
7750831017625,87335
7750831017663,93059
7750831017694,05524
7750831017700,90932
7750831017717,01813
7750831017724,90282
7750831017748,01398
7750831017847,01207
7750831017854,85978
7750831017861,87529
7750831017878,00938
7750831017885,89961
7750831017892,91089
7750831017922,74841
7750831017939,01992
7750831017953,96039
7750831018011,01005
7750831018028,85833
7750831018035,01200
7750831018066,86004
7750831018097,81047
7750831018110,89933
7750831018127,90925
7750831018134,93902
7750831018202,88209
7750831018264,88694
7750831018271,90901
7750831018295,95599
7750831018301,81819
7750831018370,79542
7750831018387,81335
7750831018400,85624
7750831018431,91869
7750831018448,91870
7750831018509,85876
7750831018516,92620
7750831018592,79781
7750831018608,79091
7750831018622,04435
7750831018721,62245
7750831018745,79592
7750831018769,83807
7750831018776,83807
7750831018875,01004
7750831018882,01124
7750831018929,01003
7750831018943,90066
7750831018950,85757
7750831019018,89378
7750831019063,92852
7750831019148,01123
7750831019179,92762
7750831019216,93901
7750831019223,95400
7750831019230,63028
7750831019278,95233
7750831019308,94104
7750831019315,83026
7750831019339,89379
7750831019377,89970
7750831019407,93351
7750831019414,93350
7750831019483,94729
7750831019520,89550
7750831019582,95745
7750831019636,79031
7750831019643,91089
7750831019650,89961
7750831019698,94683
7750831019704,95469
7750831019759,95518
7750831019780,88791
7750831019803,96264
7750831019827,96560
7750831019841,86789
7750831019858,96853
7750831019872,97485
7750831019902,96138
7750831019919,81335
7750831019926,76643
7750831019933,63664
7750831020021,01207
7750831020045,85265
7750831020113,85157
7750831020205,74841
7750831020229,90344
7750831096255,97986
7750831212341,95746
7750831271423,66910
7750831851786,86789
7750867000332,94400
77509,77509
7750915264686,66714
7750929000157,95453
7750929000188,91140
7750929000218,93897
7750929000294,94776
7750929000607,83046
7750929000683,96214
7750929000713,94024
7750929000898,96589
7750929001031,94162
7750929001369,92644
7750929001383,86198
7750929001574,95468
7750929002090,92149
7750929002106,90370
7750936000126,86402
7750936000201,87767
7750936000362,96653
7750936000461,92184
7750936000959,98576
7750936001406,92136
7750936001437,96854
7750936001529,95577
7750936001673,97812
7750936001871,85825
7750936001956,95727
7750936001963,88088
7750936001970,98004
7750936002281,91853
7750936002366,90913
7750936002564,87254
7750936002700,89548
7750936003035,95804
7750936003189,93044
7750936003196,93073
7750936003288,87321
7750936003615,96851
7750936003707,89153
7750936003738,95692
7750936003745,93349
7750936004551,92643
7750936004629,91918
7750936004650,88910
7750936004735,94198
7750936004803,87714
7750936004919,96941
7750936005022,97857
7750936005237,94728
7750936005251,94939
7750936005459,97856
7750936005602,96585
7750936005619,95328
7750936005725,98208
7750936005732,98019
7750936005824,91182
7750936005978,90532
7750936006005,95575
7750936006227,86746
7750936006357,95728
7750936006500,98143
7750936006777,94489
7750936006890,92481
7750936006982,97853
7750936007149,96367
7750936007286,97004
7750936007415,98120
7750936007460,95673
7750936007477,97226
7750936007583,89600
7750936007668,95546
7750936007873,95127
7750936008139,97242
7750936008214,97117
7750936008245,97813
7750936008276,00351
7750936008290,91070
7750936008368,96709
7750936008764,98121
7750936008801,98161
7750936008818,94487
7750936008924,96621
7750936008955,97852
7750936009020,97418
7750936009044,97385
7750936009112,88325
7750936009129,97229
7750936009167,95510
7750936009174,98253
7750936009570,96476
7750936009594,96938
7750936009648,97403
7750936009891,98577
7750936010194,97997
7750936010330,97032
7750936010354,96985
7750936010378,97168
7750936010484,97063
7750936010576,93277
7750936010668,94733
7750936010682,97500
7750936010811,97238
7750936011122,95943
7750936011153,93044
7750936011276,87714
7750936011320,97062
7750936011337,97855
7750936011481,98142
7750936011566,97244
7750936011863,97761
7750936011870,97812
7750936012204,97502
7750936012297,98715
7750936012488,92136
7750936012655,95048
7750936012846,95682
7750936012853,83135
7750936012860,88967
7750936012877,95510
7750936012884,97948
7750936012891,94489
7750936012914,88910
7750936012945,90816
7750936013065,86402
7750936013218,96543
7750936013232,87707
7750936013287,98202
7750936013379,97852
7750936013461,90987
7750936013706,98170
7750936014178,98554
7750936014314,98331
7750936014741,91853
7750936065835,86919
7750936065866,85740
7750936065897,95683
7750936065989,91381
7750936066030,88967
7750936087271,90000
7750936087349,95477
7750936089169,94906
7750936089244,89764
7750936089343,89370
7750936300691,91051
7750936305238,91951
7750936308239,98038
7750936308253,89592
7750936313493,90824
7750936313509,95920
7750936431746,96129
7750936431784,93990
7750936431814,86743
7750936531576,92890
7750936541728,96850
7750936550270,95682
7750936552205,97948
7750936633645,91992
7750936633751,95491
7750936718281,90658
7750936718304,85781
7750936719639,90987
7750936719745,88866
7750936719752,95752
7750936719783,92475
7750936719813,87320
7750936719820,87412
7750936740923,87468
7750936741104,95000
7750936745331,96939
7750936745393,95683
7750936745706,91212
7750939000055,79112
7750939000123,63644
7750939000260,90211
7750939000307,85632
7750939000314,91004
7750939000321,91664
7750939000352,91691
7750939002646,79073
7750939002653,79072
7750939002974,63589
7750939003032,85385
7750942000011,92911
7750942000110,86536
7750942000677,78950
7750942000806,96081
7750942001438,83869
7750942001452,90547
7750942001582,91544
7750942001827,86421
7750942001889,93554
7750942001896,93091
7750942001964,96995
7750942001995,90378
7750942002039,90319
7750942002077,91475
7750942002121,90349
7750942002145,89066
7750942002169,93092
7750942002183,91758
7750942002213,91107
7750942002244,91728
7750942002251,90241
7750942002312,91772
7750942003180,97068
7750942003210,90010
7750942003227,92117
7750942003326,91130
7750942003333,82566
7750942003449,96659
7750942003494,95385
7750942003500,91164
7750942004088,95317
7750942004118,91560
7750942004224,96055
7750942004392,87392
7750942004699,92303
7750942004712,93553
7750942004736,91355
7750942004743,95579
7750942004750,91356
7750942004798,93093
7750942004835,91066
7750942004859,92668
7750942004873,96970
7750942004903,96333
7750942004910,98117
7750942004934,96334
7750942004965,95009
7750942004972,95008
7750942004996,97566
7750942005016,92942
7750942005047,96839
7750942005108,96819
7750942005115,91278
7750942005122,97672
7750942005139,92753
7750942005146,94214
7750942005160,95710
7750942005177,95741
7750942005214,97565
7750942005252,91619
7750942005306,91586
7750942005719,93891
7750942005764,95017
7750942005771,91279
7750942005832,96408
7750942005894,92600
7750942006020,93441
7750942006037,95021
7750942006044,95020
7750942006051,95018
7750942006082,93442
7750942006099,91280
7750942006105,95924
7750942006471,97061
7750942006488,95580
7750942006495,91580
7750942006501,95022
7750942006518,94345
7750942006532,95119
7750942007034,95016
7750942007065,96292
7750942007263,94469
7750942007287,95019
7750942007317,96089
7750942007324,92943
7750942007379,95348
7750942007461,98628
7750942007508,97274
7750942007676,92910
7750942007720,96976
7750942007744,97567
7750942007867,93821
7750942007959,96811
7750942007966,98145
7750942007997,92808
7750942008055,95492
7750942008161,96319
7750942008277,98165
7750942008291,95507
7750942008369,97000
7750942008376,95024
7750942008406,97583
7750942008420,95023
7750942008444,97633
7750942008475,95012
7750942008529,97634
7750942008543,98585
7750942008611,91617
7750942008710,96847
7750942008727,96541
7750942008741,97277
7750942008758,98060
7750942008765,97303
7750942008796,97582
7750942008826,97644
7750942008857,97776
7750942009076,98062
7750942009144,97327
7750942009250,85140
7750942009335,86787
7750942009373,98552
7750942009540,98222
7750942009557,98546
7750942009717,92267
7750942435011,97425
7750942435059,97109
7750942435080,40986
7750942435172,86280
7750942450052,86990
7750942450205,95493
7750942450250,95640
7750942529963,96204
7750942529970,96863
7750942530013,97994
7750942530020,61942
7750942530075,91579
7750942633394,85255
7750942749903,96124
7750942749941,82964
7750949000373,00538
7750949000489,94915
7750949000540,97729
7750949000557,93127
7750949000564,00556
7750949000571,00553
7750949000595,98097
7750949000618,86398
7750949000625,97399
7750949000632,97400
7750949000649,97282
7750949000656,90331
7750949455456,10576
7750949560211,02577
7750958000029,85421
7750958000173,86434
7750958000210,87791
7750958000258,88306
7750958000319,87153
7750958000333,96048
7750958000449,96473
7750958000494,94541
7750958000531,87368
7750958000562,94427
7750958000579,86005
7750958000586,91003
7750958000630,86263
7750958000647,86264
7750958002269,96058
7750958003075,97734
7750958003334,86005
7750960003834,86521
7750960003841,96681
7750960004671,96680
7750960004695,82112
7750960004916,94650
7750960004923,94648
7750960005081,94656
7750960005395,90327
7750961000177,61412
7750961000184,93352
7750961000191,91032
7750961000245,94359
7750961000306,65413
7750961000627,94319
7750961000641,91967
7750961000672,97205
7750961000689,97033
7750961000696,83627
7750961000702,96518
7750961000818,88019
7750961000856,90455
7750961000863,87349
7750972000340,75841
7750972000593,97969
7750972000647,84493
7750972000654,96595
7750972001569,87528
7750999002204,96165
7750999002303,97929
7750999006202,66912
7750999006806,97923
7750999083104,97963
7750999091505,98374
7750999091604,98402
7750999091703,98401
7750999091802,98400
7750999113306,82868
7750999127402,98501
7750999131607,98292
7750999132802,97858
7750999144508,05319
77510,77510
7751030000159,98582
7751030000173,97386
7751030000180,89209
7751030000234,93206
7751030000258,96624
7751030000265,96222
7751030000333,75129
7751030000357,91608
7751030000401,94854
7751030000456,96852
7751030000494,96693
7751030169795,86944
7751030170968,87111
7751030253722,81146
7751030705627,62376
7751030705641,79157
7751032000294,95706
77510778,79341
77511,77511
7751128000108,93293
7751128000351,95768
7751128000689,96263
7751128000986,78747
7751128001037,79959
7751128001228,96448
7751128001273,97775
7751128001396,89682
7751128001952,97736
7751128002553,96527
7751128003338,93293
77511751,97638
7751198000169,79790
7751198000183,84156
7751198000237,85245
7751198000282,78199
7751198000312,81642
7751198000336,77651
7751198000343,80863
7751198000442,97324
7751198000459,79589
7751198000480,86437
7751198000510,79065
7751198000848,85668
7751198000879,90131
7751198001005,88414
7751198001104,88469
7751198001111,89165
7751198001128,91146
7751198001203,87334
7751198001296,87881
7751198001333,81468
7751198001364,90231
7751198001449,85834
77512000,86432
7751204000039,96999
7751204000091,89424
7751204000121,63491
7751204001104,63494
7751204001166,97162
7751207000005,92252
7751207000388,92051
7751207000463,92049
7751207000654,94457
7751207000722,92047
7751207000760,88297
7751207000784,92046
7751207000807,89021
7751207000876,92252
7751207000944,88299
7751207001026,91931
7751207001033,91930
7751207001040,93333
7751207001064,92989
7751207001071,94784
7751207001170,92253
7751207001187,00727
7751207001194,94665
7751207001217,91841
7751207001279,97577
7751207001477,93334
7751207001491,92717
7751207001545,89955
7751207001569,91128
7751207001576,92046
7751207001583,94666
7751207001613,02767
7751207001620,92252
7751207001637,96763
7751207001675,97203
7751207001682,88297
7751207001699,96054
7751207001743,93541
7751207001781,03820
7751207001897,91842
7751207002023,91239
7751207002047,89006
7751207002054,88319
7751207002092,91128
7751207002153,95421
7751207002214,05114
7751207002375,96375
7751207002412,97883
7751207002474,98102
7751207002504,01605
7751207002580,97154
7751207002597,97270
7751207002603,97884
7751207002658,97578
7751207002719,97617
7751207002801,95562
7751207002849,91683
7751207002962,98623
7751207003037,96763
7751207003242,98734
7751207003273,06198
7751207254095,05114
7751207256594,91239
7751207965410,96293
7751219468831,86392
77512321,82877
77512482,01361
7751257001724,91543
7751257004190,91533
7751257004206,97186
7751257006903,93566
7751257006996,87427
7751257007016,95178
7751257007252,95179
7751257008310,91286
7751257009263,93137
7751257009355,87415
7751257012904,01334
7751257014175,95625
7751257014472,91414
7751257014601,88811
7751257014878,97652
7751257016070,91285
7751257018432,87551
7751257018456,94341
7751257018463,97564
7751257019026,84485
7751257019132,81054
7751257019231,97413
7751257019248,97413
7751257019309,97413
7751257019576,97124
7751257019583,98354
7751257019606,98353
7751257019613,98355
7751257019781,97125
7751257019842,93593
7751257019927,93592
7751257020008,97612
7751257020060,91797
7751257020145,89025
7751257020220,97613
7751257021142,95181
7751257021234,95151
7751257021456,97118
7751257021555,84484
7751257021562,85241
7751257021579,01747
7751257021753,96080
7751257021760,97314
7751257021784,96378
7751257021791,95685
7751257021807,95049
7751257021838,86351
7751257021845,95503
7751257021852,89026
7751257021869,94552
7751257021876,92063
7751257021883,89025
7751257021890,95419
7751257022002,95420
7751257022019,86845
7751257022033,95418
7751257022163,88706
7751257022286,98237
7751257022293,01024
7751257022347,98356
7751257022354,98357
7751257022385,98291
7751257022392,98349
7751257022903,85207
7751257023092,97614
7751257023160,96462
7751257023238,87415
7751257023283,97489
7751257023375,97550
7751257023436,97397
7751257023443,97606
7751257023450,97591
7751257023467,97551
7751257023474,97221
7751257023481,97977
7751257066648,88051
7751257090568,82946
7751257384360,86953
7751257388269,84235
7751257498807,87413
7751257511810,01747
7751257545020,92279
7751257545051,01336
7751257545105,93542
7751257604215,65842
7751257620499,78600
7751257620871,87416
7751257707695,86452
7751257707718,88675
7751257713207,96734
7751257752978,84478
7751257785693,87165
7751257968850,85241
7751257970037,91186
7751257995108,84484
7751271022187,92562
7751271022194,92563
7751299000136,96639
7751299000471,92800
7751299000792,92899
7751299000921,96406
7751299000945,93041
7751299001126,92898
7751299001133,92802
7751299001140,92801
7751299001171,98026
7751299001188,98027
7751299001195,95999
7751299001201,95998
7751299001294,96000
7751299001300,95677
7751299001348,93573
7751299001355,93572
7751299001386,94622
7751299001423,96001
7751299001492,97023
7751299001577,95458
7751299001607,92800
7751299001621,95386
7751299001645,92755
7751299001676,97423
7751299001713,95997
7751299001782,96962
7751299001812,92801
7751299001829,95387
7751299001843,96002
7751299001850,95665
7751299001881,97422
7751299001942,95999
7751299001959,95998
7751299001966,98584
7751299001980,96480
7751299002024,96479
7751299002031,96481
7751299002062,98236
7751299002079,96482
7751299002383,98976
7751299002437,97698
7751299002505,92801
7751299002895,92754
77513,77513
7751309000019,89091
7751309000064,89818
7751309000071,90744
7751309000118,90064
7751319000511,95184
7751333000009,98477
7751333000016,01633
7751333000023,04545
7751333000054,66956
7751333000085,86613
7751333000092,85905
7751333000108,89628
7751333000153,89053
7751333000221,90642
7751333000290,94499
7751333000467,97743
7751333000504,93934
7751333000528,93994
7751333000580,98071
7751333000733,01633
7751333000740,98478
7751349000932,98099
7751349088374,78062
7751349104517,82163
7751349138130,75469
7751349138147,80426
7751349153621,77421
7751349211482,77418
7751358001760,04268
7751370000338,95767
7751370000352,92953
7751370000369,92952
7751370000376,94628
7751370000383,88035
7751370000390,63279
7751370000406,92208
7751370000420,94115
7751370000932,92952
7751384000119,92386
7751384000126,91984
7751384000171,85654
7751384000188,88775
7751384000201,86225
7751384000300,97104
7751384000331,79516
7751384000348,92187
7751384129780,00964
7751384129797,92761
7751384147388,02142
7751384198663,63553
7751384263125,83059
7751384303104,83239
7751384355851,79155
7751384573040,63554
7751384708046,83338
7751384739972,02014
7751384741692,01222
7751393496019,85800
77514,77514
7751439000057,86335
7751439000064,90181
7751439000071,91345
7751439000187,97605
7751439000484,88629
7751439001207,92371
7751439001221,63174
7751439001306,86927
7751439001368,85758
7751439001375,66895
7751439001382,82720
7751439001405,91091
7751439001504,92638
7751439001535,63388
7751439001580,84112
7751439001658,81825
7751439001665,82796
7751439001672,00286
7751439001726,02823
7751439001740,91091
7751439001832,96430
7751439002020,04556
7751439002037,90181
7751439002051,83928
7751439006462,94365
7751439120168,88678
7751439120236,89895
7751439594525,96821
7751439670090,65780
7751439712530,92729
7751490000034,95756
7751490000041,91542
7751490000096,90534
7751493000154,94739
7751493000413,95576
7751493000642,94307
7751493001182,94511
7751493001564,97174
7751493003940,97279
7751493004367,95705
7751493004589,85103
7751493004824,96509
7751493004831,95446
7751493008327,95374
7751493008334,95212
7751493008396,84340
7751493008402,96077
7751493008419,96076
7751493008426,84532
7751493008433,84532
7751493008440,96290
7751493008457,95290
7751493008464,93603
7751493008471,85117
7751493008495,91750
7751493008846,94911
7751493009119,95292
7751493009126,87824
7751493009133,95293
7751493009140,95294
7751493009164,97387
7751493009171,97388
7751493009188,97389
7751493009287,95039
7751493009393,96695
7751493009720,90729
7751493009843,97348
7751493009874,96785
7751493009881,96570
7751493010139,98249
7751493010146,98251
7751493010153,98250
7751493010269,87689
7751493010672,98248
7751493010801,96700
7751493011327,90729
7751493264723,53534
7751493264730,53535
7751495000008,98854
7751495000091,85686
7751495000107,86400
7751495000114,06590
7751495000190,88969
7751495000268,65217
7751495000275,86945
7751495000305,90234
7751495000404,89154
7751495000428,78885
7751495000619,88795
7751495000671,87172
7751495000688,87159
7751495000701,89518
7751495000718,88919
7751495000794,95383
7751495000824,90217
7751495000831,93485
7751495000862,91584
7751495000923,01654
7751495000947,89736
7751495000954,86901
7751495000961,86900
7751495000978,91733
7751495000985,89602
7751495000992,90643
7751495001142,92005
7751495001203,91072
7751495001227,85079
7751495001289,92191
7751495001340,82882
7751495001364,89736
7751495001388,78558
7751495001432,94367
7751495001449,94910
7751495001463,95338
7751495001470,95183
7751495001500,96413
7751495001517,96412
7751495001524,96269
7751495001531,96269
7751495001548,96572
7751495001555,96893
7751495001579,97451
7751495001586,97484
7751495001593,98221
7751495001616,97822
7751495001623,97483
7751495001654,96572
7751495001661,91072
7751495001692,65219
7751495001708,98220
7751495001722,97879
7751495001760,86323
7751495001821,92582
7751495159027,65213
7751495162874,79541
7751495162881,79624
7751495705552,81275
7751495705569,81276
7751495707495,81277
7751495858982,87218
7751495953250,84159
77515,77515
7751583000828,97841
7751583001399,97842
77516,77516
7751638000117,90985
7751638000162,91015
7751638000339,93332
7751638000490,98573
7751638000506,98575
7751638000513,98574
7751655001326,86955
7751655001357,86955
7751655001470,98215
7751655001487,98215
7751658020768,94351
7751658021222,94352
7751658021239,88388
7751658021253,92569
7751658022939,04907
77517,77517
7751720000162,94617
7751720000247,82593
7751741020217,94272
7751741020538,94094
7751741020569,94550
7751741020606,94271
7751741020736,94241
7751741020767,94243
7751741020774,94242
7751741036478,97012
7751741036485,97011
77518,77518
7751823000182,83890
7751823000342,83896
7751827003509,97919
7751827003516,97920
7751827003530,97899
7751827003561,97900
7751851001724,86943
7751851006750,85063
7751851006767,85062
7751851006774,88016
7751851008921,91647
7751851008945,94285
7751851015264,94285
7751851015271,94285
7751851015288,86089
7751851022774,93455
7751851022781,93457
7751851027359,88454
7751851032421,92868
7751851032438,98278
7751859000019,84818
7751859000026,97064
7751859000033,03656
7751859000040,63573
7751859000156,85824
7751859000163,85582
7751859000194,84518
7751859000217,85870
7751859000224,87084
7751859000248,97545
7751859000309,84499
7751859000316,88102
7751859000408,91620
7751859000415,94623
7751859000422,94625
7751859000439,94624
7751859000446,96927
7751859000453,96928
7751859000460,97067
7751859000477,97180
7751859000552,95392
7751859000675,97694
7751859000712,95772
7751859000736,95393
7751859000743,95709
7751859000767,96018
7751859000835,97586
7751859000897,03656
7751859000903,78024
7751859000910,84517
7751859000927,94354
7751859000934,98637
7751859000941,84518
7751859000958,98645
7751859000965,98769
77519,77519
7751940000010,64067
7751940000119,02113
7751940000126,02114
7751940000225,02880
7751940000232,96940
7751940000249,02881
7751940000256,02878
7751940000270,02879
7751940000287,63669
7751940000324,75751
7751940000362,87393
7751940000447,88199
7751940000782,89074
7751940000850,63472
7751940000874,63665
7751940000881,94783
7751940000898,85884
7751940000904,87760
7751940000911,94014
7751940000997,97790
7751940001000,94559
7751940001017,76438
7751940001123,00781
7751940001130,92147
7751940001161,86752
7751940001253,96737
7751940001277,97302
7751940001338,96737
7751940001345,97302
7751946000106,95431
7751946000304,92258
7751946000779,93303
7751946000786,98821
7751946000830,87076
7751946000878,77070
7751946000915,87665
7751946000922,87504
7751946001035,95689
7751946001059,03636
7751946001127,95447
7751946001141,89930
7751946001202,95603
7751946001318,89010
7751946001325,95333
7751946001639,89932
7751946001653,91886
7751946001806,92383
7751946001820,95690
7751946001950,96582
7751946002032,98350
7751946002063,96351
7751946002124,63155
7751946002155,98589
7751946002261,98763
7751946002346,98054
7751946002476,95664
7751946002513,95681
7751946002742,91958
7751946002780,95574
7751946002841,97911
7751946002902,93434
7751946002919,98590
7751946002926,97799
7751946002957,98240
7751946003022,98733
7751946003046,95763
7751946003220,91751
7751946003329,96241
7751946003367,98959
7751946003381,95604
7751946003466,96325
7751946003589,97486
7751946003978,93510
7751946004203,86346
7751946004333,98583
7751980005006,97163
77520,77520
77520449,96878
77520470,97442
77520494,93621
77520692,89471
7752092000019,60935
7752092000026,97440
77521,77521
7752124000437,85490
7752124001151,90179
7752124001199,96109
7752124001250,96107
77522,77522
7752219000267,94001
7752219000465,89651
7752219000762,63492
7752285003766,94370
7752285003773,93005
7752285020909,90536
7752285024280,84708
7752285025379,84708
7752285034166,90458
7752285034210,94647
7752285034227,94646
7752285034234,94646
7752285034241,93469
7752285034272,83925
7752285034548,93006
7752285035323,97022
7752285035347,96891
7752285036450,95737
7752285038133,95499
7752285038140,95500
77523,77523
7752313000149,94660
7752329001147,93713
7752329001178,95597
7752329001369,91213
7752329001376,93018
7752329001413,95541
7752329001420,98163
7752329001468,98159
7752329001482,98158
7752329001703,96885
7752329001802,97685
7752329001819,98305
7752329001932,98160
7752329002212,98828
7752329002366,98944
7752343000010,85045
7752343000041,95191
7752343000171,93732
7752343000188,97700
7752343000195,96805
7752343000294,95632
7752382000019,89651
77524,77524
77525,77525
7752567000247,96845
77526,77526
7752623000013,89415
7752650000017,92208
7752650000277,98642
7752650000307,06155
7752650109215,60961
7752650109222,60962
7752650109239,60963
7752650109246,60964
7752650109253,60965
7752650109260,60966
7752690000657,87454
7752690001043,94821
7752690001050,94822
7752690001098,96534
7752690001128,94821
7752690001173,92642
7752690001180,94818
7752690001197,94818
7752690001890,94816
7752690001906,94814
7752690001913,94817
7752690001920,95485
7752690002170,86892
7752690002194,92313
7752690002231,95484
7752690002484,96533
7752690002538,96532
7752690003207,94823
7752692000419,96032
77527,77527
7752750023398,91611
77528,77528
7752836000015,62951
7752836000046,95234
7752836000060,95235
7752836000077,90850
7752836000084,95236
7752836000091,97428
7752836000114,95912
7752836000121,89146
7752836000138,95237
7752836000367,63127
7752836000435,91565
7752836000442,90851
7752836000459,90849
7752836000619,00912
7752836000640,96060
7752836000657,96084
7752836000664,96059
7752836000688,98182
7752836000695,97999
7752867000039,93094
77529,77529
7752902001052,88979
7752902455183,93403
77529763,95201
77529770,94948
7752999007098,98571
77530,77530
77531,77531
77532,77532
7753282407342,95190
77533,77533
77534,77534
7753442000390,79101
7753455000257,95509
7753455000264,96984
7753455000288,95010
7753455000646,95610
7753464000019,86818
7753464000033,01363
7753464000040,95758
7753464000095,95066
7753464000118,96529
7753464000125,96538
7753464000132,62406
7753464000149,96146
7753464000187,81470
7753464000224,92247
7753464000248,63942
7753464000323,78393
7753464000361,63943
7753464000378,95725
7753464000408,93108
7753464000415,96574
7753464000446,63948
7753464000552,98081
7753464000576,98063
7753464000583,97344
7753464000767,95496
7753464000828,81180
7753464001221,63391
7753464001245,97346
7753464001252,97371
7753464001276,97370
7753464001283,97345
77535,77535
7753515000630,95398
7753515000647,95043
7753515000685,95136
7753540000148,98179
7753540000209,97121
7753540000216,94670
7753572000833,93788
7753572002042,88522
7753572002783,87595
7753572002882,93791
7753572002967,94348
7753572004435,92586
7753572005050,87850
7753572005067,87851
7753572005463,93790
77536,77536
77536334,60045
77536556,65339
7753658000269,97169
7753658001082,96197
7753658001747,98198
7753658002157,97110
7753658003291,96366
7753658003444,93713
7753658003468,95597
7753658003871,95656
7753658003925,98158
77537,77537
7753709000125,95951
7753709000279,94898
7753709000491,96381
7753736000242,98965
7753736000747,94626
7753736000891,94627
7753748000162,90626
7753748000285,92583
7753748000407,89714
7753748000728,95968
7753748000735,95967
7753748000957,98021
7753748000964,98661
7753748000995,98660
7753748001763,98232
77538,77538
7753803000274,94957
7753803000687,81070
7753803000717,98555
7753803000816,97976
7753820000066,54082
7753820000257,86469
7753820000264,94774
7753820000318,96329
7753820000332,95126
7753820000394,94899
7753820000493,92669
7753820000684,91385
7753820000981,95916
7753820001117,95962
7753820001339,89077
7753820001513,92275
7753820001575,91120
7753820001704,95985
7753820001711,95983
7753820002190,95984
7753895000305,94779
7753895000374,97938
77539,77539
7753943000011,91633
7753943000400,91632
7753943000509,50001
7753943001216,97152
7753954000000,98800
7753954000581,84563
7753954001335,84123
7753954002202,90259
7753954002240,94136
7753954002257,78056
7753954002318,63440
7753954002417,97149
7753954002431,02933
7753954002592,01094
7753954002608,96963
7753954002615,90006
7753954002660,01055
7753954002677,01054
7753954002714,94782
7753954002752,63440
7753954002783,82968
7753954002790,95445
7753954002912,87055
7753954002936,01849
7753954002943,97596
7753954002950,97755
7753954002981,98799
7753954003063,85746
77540,77540
77541,77541
7754102000903,97998
7754111524803,97080
7754196000018,97731
77542,77542
77543,77543
77544,77544
7754477000355,95471
7754477001345,97706
77545,77545
77545428,03821
7754579000024,98680
7754579000031,98679
7754579000116,98676
7754579000123,98677
7754579000345,98746
7754579000352,98745
7754579000369,98678
7754579000437,98681
7754579000444,98682
77546,77546
7754610000143,94281
7754610000556,91290
7754610000570,91291
7754610000747,93250
7754610001447,96228
7754610001492,93809
7754662000610,91932
7754662000757,95978
7754662000962,92945
7754662001099,95980
7754662001136,93999
7754662001167,95124
7754662001327,95167
7754662001396,95982
7754662001525,94918
7754662001570,95979
7754662001587,95975
7754662001662,95974
7754662001877,94917
7754662001945,94916
7754662001983,95125
7754662002058,91385
7754662002065,92945
7754662002386,95976
7754662002393,95973
7754662002416,95123
7754662002430,95981
7754662002874,95977
77546654,97431
77547,77547
77547101,97178
77547125,97398
77547187,95897
7754734000463,98836
7754734000586,95561
7754734000944,98188
7754734000951,98189
7754734001088,97530
7754734001415,93319
7754734001446,93917
7754734001453,93916
7754734001743,97401
7754734002382,96162
7754734002504,95779
7754734002566,98441
7754734002573,98608
7754734002580,98441
7754734002634,96635
7754734002740,95987
7754734002757,95639
77548,77548
77548412,02496
77549,77549
7754981000032,96402
7754981000148,96391
7754981000193,53958
7754981000209,90484
7754981000223,96697
7754981000285,96362
7754981000407,97113
7754981000414,97165
7754981000612,98598
7754981000636,97293
7754981000643,96198
7754981000681,94113
7754981000766,83016
7754981000919,94737
7754981000926,76643
7754981000933,63664
7754981000940,85265
7754981001008,89440
7754981001015,84201
7754981001145,87792
7754981001152,87793
7754981001367,93607
7754981001510,91908
7754981001534,92900
7754981002227,93861
7754981002234,93742
7754981090507,84473
7754981357105,87178
7754981435360,94114
77549822,95149
77550,77550
77551,77551
77551603,95170
7755167000419,86107
77552,77552
7755224000284,98337
7755224000291,98338
7755224000352,98464
7755224000376,98335
7755224000413,98465
77553,77553
77554,77554
7755614000023,93157
77556226,05456
7755738001449,95044
7755738001456,93912
7755738001494,95396
7755774000260,98665
7755807000014,91216
7755807000038,91266
7755807000045,92430
77558459,98300
77558466,98301
7755860000013,96194
7755860000068,95905
7755860000440,95707
7755860000754,96558
7755860000785,96861
7755860001089,89574
7755860001232,83408
7755969000266,06470
7755969000280,04477
7755969000334,88716
7755969000389,96982
7755969000426,97421
7755969000525,03995
7755969000556,83129
7755969000563,93335
7755969000570,93428
7755969000594,63375
7755969000631,04268
7755969000730,86866
7755969000747,91892
7755969000754,76036
7755969000761,91892
7755969000778,63024
7755969000792,63069
7755969000860,90855
7755969000877,93998
7755969001584,95598
7755969001621,94772
7755975000083,91302
7755975000090,91131
7755975000175,94338
7755975000182,91680
7755975000274,91298
7755975000304,92152
7755975000311,91681
7755975000359,93099
7755975000366,91299
7755975000373,92503
7755975000380,92502
7755975000403,92812
7755975000410,93635
7755975000427,93634
7755975000441,93628
7755975000458,93631
7755975000465,93630
7755975000502,91297
7755975000519,91576
7755975000526,93627
7755975000533,93626
7755975000540,93625
7755975000557,94160
7755975000564,93633
7755975000571,93632
7755975000588,93895
7755975000601,94179
7755975000649,93851
7755975000670,94583
7755975000687,95263
7755975000694,95262
7755975000731,94180
7755975000847,95147
7755975000908,97231
7755975000946,97541
7756020000294,94769
7756025000091,96637
7756050000301,90115
7756050000394,66195
7756050000493,85841
7756050000776,84411
7756050000820,93876
7756050000899,93871
7756050000936,93872
7756050001087,88982
7756050001094,88983
7756050001100,94219
7756050001186,93874
7756050001209,93875
7756050001247,93877
7756050001254,93879
7756050001261,85709
7756050001278,94391
7756050001452,93636
7756050001469,94389
7756050001544,93873
7756050001735,95483
7756050001797,95144
7756050001803,95146
7756050001810,95770
7756050001834,96104
7756050001841,95145
7756050001872,85709
7756054001748,95377
7756054001922,94466
7756054002196,98047
7756054118248,85832
7756054170277,85814
7756133000051,01613
7756178000337,92238
7756178000399,79812
7756178000498,92238
7756178000559,79813
7756205000903,97658
7756205000910,97657
7756281000118,98973
7756281000231,98907
7756281000309,98713
77563,77563
77564,77564
7756459000117,98385
7756459000209,91583
7756459000421,96892
7756459000476,97142
7756459000889,91631
7756459001015,98431
7756459001114,97046
7756489000033,91058
77565,77565
7756523000180,97681
7756523000890,89991
7756523000951,97435
77565297,60994
7756597000024,90558
77566,77566
7756679000034,66471
7756679000041,97871
7756679000058,98116
77567,77567
77568,77568
7756847000019,96812
7756847000026,96814
7756847000033,96813
7756847000040,96815
77569,77569
7756969000027,88716
7756969000041,83628
7756969000072,90855
7756969000089,95598
7756969000188,63121
7756969000218,96859
7756969000232,63378
7756969000263,84448
7756969000287,93339
7756969000461,96220
7756969000911,79762
7756969001178,98310
7756969001499,96220
7756969001819,85328
7756969002014,94618
7756999000011,97190
77570,77570
7757007000009,97351
7757007000016,94639
7757007000023,94641
7757007000030,94640
7757007000054,94636
7757007000061,94638
7757007000078,96118
7757007000115,97504
7757007000122,97503
7757007000139,97505
7757007000153,97678
7757007000160,97665
7757007000177,97664
7757007000184,97680
7757007000207,97679
7757007000221,94636
7757007000238,94638
7757007000245,97666
7757007000269,98233
7757007000276,97607
7757007000306,96923
7757007000313,97352
7757007000368,97505
7757007000375,94637
7757007000382,97504
7757007000399,94636
7757016000311,98176
7757016000328,97380
7757016000335,97380
7757016000434,97632
7757016000540,97631
7757093628019,90743
7757093628026,90111
7757093628118,95789
7757093630524,80897
7757093630890,80900
7757093631972,95915
7757093631996,80899
7757093632078,80902
7757093632542,95914
7757093683520,04268
7757093683544,86538
7757093683568,85328
7757174384926,88091
7757174553025,86994
7757181000017,97735
7757181000055,90907
7757181000864,91415
7757181001113,95472
7757181001588,95641
7757181004022,96871
7757181004091,98315
77572,77572
7757236676082,96632
7757310000031,93900
7757310000499,88794
7757310000642,87675
7757310000659,96730
7757310001151,94621
7757310001168,87384
7757310001175,89596
7757310001281,04496
7757310001304,87576
7757310001502,87934
7757310001519,87463
7757310001601,93526
7757310001755,92180
7757310002356,77180
7757310002622,90769
7757310002639,90860
7757310003247,81053
7757310003308,97885
7757310003322,97616
7757310003360,00150
7757310003506,63008
7757310003858,98264
7757310003889,97374
7757310003926,96324
7757310004534,96050
7757310004763,98327
7757310004855,63701
7757310005104,97411
7757310005111,96139
7757310005234,01153
7757310005258,97850
7757310005746,83378
7757310005777,95423
7757310005937,96950
7757310006262,81200
7757310006934,96458
7757310007733,96551
7757310007740,96552
7757310007764,87513
7757310008150,05890
7757310008952,95629
7757310008976,95628
7757310009133,93921
7757310009140,96394
7757310009584,97153
7757310009966,93526
7757310010030,97693
7757310010498,84160
7757310010818,97965
7757310010825,97966
7757310011143,98757
7757310011235,98475
7757310011310,96083
7757310011839,97153
7757310248402,90454
7757310282468,76651
7757310288927,64856
7757310357784,89603
7757310376938,79789
7757310401197,40993
7757310415835,64255
7757310415842,04631
7757310415903,00152
7757310415927,00150
7757310428507,00151
7757310446334,65404
7757310446372,80427
7757310550673,86231
7757310636940,94938
7757310693196,00126
7757310693202,00124
7757310693219,05840
7757398000039,63236
7757398000046,00177
7757398000060,02313
7757398003689,84251
7757398003696,87097
7757398007069,97057
7757398183787,00172
7757398183817,63236
7757398183824,00177
7757398183831,02313
7757398184517,00184
7757398184531,64779
77574,77574
77575,77575
77576,77576
77577,77577
7757798000011,96051
7757798000028,96052
77578,77578
7757811000134,96165
7757811000325,96750
7757871000280,96411
77579,77579
7757948000007,98811
7757964000111,98809
7757964000128,98150
7757964000142,98495
7757964000173,98494
7757964000265,98209
7757964000289,98496
7757964000296,98497
7757964000302,98498
77580,77580
7758047000028,91692
7758047000059,87838
77581,77581
7758112000007,98069
7758112000014,82982
7758112000021,74756
7758112000069,91096
7758112000328,77825
7758112000335,50177
7758112000380,91084
7758112000434,94500
7758112000502,88092
7758112000595,91288
7758112001349,95071
7758112001356,87382
7758112001370,85835
7758112001387,87562
7758112001400,95560
7758112001486,80207
7758112001554,87547
7758112001592,83084
7758112001646,93829
7758112001691,90965
7758112001707,93160
7758112001714,93052
7758112001745,97286
7758112001868,92207
7758112001875,96638
7758112001936,96238
7758112001943,96959
7758112001950,95738
7758112001967,97197
7758112001974,95042
7758112002087,94651
7758112002094,92240
7758112002117,96270
7758112002131,98509
7758112002148,96874
7758112002179,98153
7758112002254,96688
7758112002339,96398
7758112002346,97778
7758112002353,96629
7758112002360,96630
7758112002384,95404
7758112002414,97529
7758112002452,96881
7758112002476,97193
7758112002490,96656
7758112002506,93053
7758112002537,76375
7758112002544,83827
7758112002599,97527
7758112002629,98636
77582,77582
77583,77583
77584,77584
7758493000139,96016
77585,77585
7758586000077,96044
7758586000497,98772
77586,77586
7758617000229,98132
7758622000016,96658
7758657579846,96838
7758686000014,84378
7758686000021,84378
7758686000038,93437
7758686000045,93294
7758686000090,93294
7758686000106,93295
7758686000175,98195
7758686000212,98420
7758686000236,84378
7758686000243,93295
7758686000267,93294
7758686000274,93294
7758713000031,03874
7758713000352,86039
7758713000895,90442
7758713000918,88086
7758713001014,78352
7758713001045,02662
7758713001052,85892
7758713001069,90936
7758713001120,53479
7758713001366,85881
7758713001472,92871
7758713001489,94740
7758713002295,81237
7758713002875,98958
7758713002950,97376
7758713003186,65564
7758713058827,51741
7758713575737,93668
7758736000032,98816
77588,77588
7758824000067,91351
7758824000074,91345
7758824000081,91871
77589,77589
7758926000279,97487
7758926000316,97078
7758926000347,97501
7758926000415,97228
7758926000699,97939
7758975000022,85333
7758975000046,87863
7758975000121,95754
77590,77590
7759006000059,98151
7759006019143,95406
7759050000043,94381
7759050000050,94383
7759050000166,95192
7759050000463,85787
7759050000920,85753
7759053000002,98942
7759053000019,93862
7759053000026,93422
7759053000033,93113
7759053000040,94199
7759053000057,96133
7759053000071,96047
7759053000088,76251
7759053000095,94413
7759053000118,96200
7759053000125,96201
7759053000132,95932
7759053000149,95700
7759053000156,95702
7759053000170,96992
7759053000187,98823
7759053000194,97770
7759053000200,97773
7759053000217,97419
7759053000231,97588
7759053000255,98951
7759053000286,98079
7759053000293,98886
7759053000309,98550
7759142000210,62237
7759142000357,96209
7759142000654,62927
7759142000760,75104
7759142000784,60440
7759142000807,61047
7759142000814,63490
7759142000821,63491
7759185001281,95812
7759185003674,97843
7759185003681,97843
7759185004671,95034
7759185004688,94497
7759185006422,05482
7759185008785,97085
7759185009225,98263
7759185009232,97835
7759185009249,97836
7759185009768,98323
7759185009775,98324
7759185009782,98325
7759185011211,98802
7759277000031,85490
7759307000017,92632
7759307000062,84313
7759307000079,85114
7759307000086,93076
7759307000239,89608
7759307000260,95422
7759307000604,91024
7759307000628,85115
7759307000819,86003
7759307001021,95194
7759307001137,85578
7759307001335,94172
7759307001458,86341
7759307001472,91727
7759307001489,86211
7759307001526,86474
7759307001618,97341
7759307001755,86389
7759307001847,90652
7759307001854,93938
7759307001984,92124
7759307002165,82719
7759307002400,83334
7759307002424,98006
7759307002448,90210
7759307002486,92992
7759307002509,97733
7759307002721,87717
7759307002752,92235
7759307002783,91846
7759307002806,91849
7759307002813,97477
7759307002820,90204
7759307002851,88781
7759307003070,97458
7759307003087,93843
7759307003094,97733
7759307003193,87696
7759307003247,85379
7759307003278,96007
7759307003292,93513
7759307003346,96598
7759307003520,97552
7759307003681,89782
7759307003773,90330
7759307003780,63720
7759307003797,85739
7759307003803,89428
7759307004084,90848
7759307004121,96004
7759307004176,97381
7759307004220,96747
7759307004275,96474
7759307004282,97695
7759307004299,91083
7759307004398,94944
7759307004466,97473
7759307004671,94434
7759307004701,95750
7759307004718,96926
7759307004763,97584
7759307004916,97123
7759307004947,85268
7759307005074,94007
7759307005203,94006
7759307005227,94121
7759307005234,94005
7759307005241,93039
7759307005265,82325
7759307005548,93451
7759307005708,96006
7759307005814,95591
7759307005838,93604
7759307005920,88925
7759307005975,95265
7759307006088,91731
7759307006125,82364
7759307006156,88027
7759307006378,94004
7759307006453,84925
7759307006460,97066
7759307006538,52770
7759307006545,50026
7759307006583,50025
7759307006590,92722
7759307006668,76488
7759307006705,94411
7759307006774,91012
7759307006873,93939
7759307006965,86891
7759307006996,94440
7759307007030,95798
7759307007108,88879
7759307007375,91368
7759307007474,90845
7759307008099,92053
7759307008174,95516
7759307008181,90063
7759307008341,93495
7759307008433,96364
7759307008563,94473
7759307008594,91919
7759307008600,96277
7759307008846,94118
7759307008945,94470
7759307009157,84148
7759307009188,93231
7759307009508,93838
7759307009560,93432
7759307009577,97373
7759307009782,98599
7759307009881,92853
7759307009898,93497
7759307009997,93498
7759307010061,94443
7759307010085,94943
7759307010191,95517
7759307010344,93496
7759307010566,94857
7759307010603,89216
7759307010696,95411
7759307010719,96932
7759307010764,94237
7759307010825,89188
7759307010863,94165
7759307010986,96102
7759307011075,93837
7759307011150,93933
7759307011198,95389
7759307011228,95391
7759307011457,94471
7759307011464,94472
7759307011495,05733
7759307011501,94120
7759307011518,94120
7759307011525,05733
7759307011563,94122
7759307011570,94360
7759307011631,93937
7759307011785,89782
7759307011945,96005
7759307012102,96224
7759307012171,97243
7759307012195,96003
7759307012638,95104
7759307012645,94941
7759307012676,95031
7759307013116,97784
7759307013161,97915
7759307013567,65602
7759307013772,93106
7759307013789,92791
7759307013796,97446
7759307014366,96842
7759307014403,54032
7759307014410,84313
7759307014502,96501
7759307014670,96848
7759307014816,97415
7759307014830,97651
7759307014847,97872
7759307014861,96843
7759307014984,03516
7759307015035,96677
7759307015165,93583
7759307015202,94122
7759307015264,89860
7759307015271,82531
7759307015288,94360
7759307015301,85943
7759307015318,82532
7759307015349,93039
7759307015431,97201
7759307015592,98265
7759307015608,98266
7759307015615,98267
7759307015622,98268
7759307015646,98269
7759307015653,98270
7759307015660,98271
7759307015677,98272
7759307015684,98273
7759307015738,97474
7759307015745,93540
7759307015752,95390
7759307015776,93032
7759307015806,95389
7759307015813,97026
7759307015905,98345
7759307015912,98343
7759307015929,98346
7759307015936,98347
7759307016018,97478
7759307016049,96102
7759307016131,02498
7759307016186,97443
7759307016209,97340
7759307016278,89216
7759307016421,91368
7759307016438,89428
7759307016469,91083
7759307016551,93938
7759307016568,98581
7759307016735,97595
7759307016834,87717
7759307016889,98646
7759307016926,98572
7759307017114,98648
7759307017497,98551
7759307017640,85060
7759307017862,03717
7759307017985,97219
7759307018005,63460
7759307018289,98975
7759307056038,63461
7759307066631,65859
7759307078368,81040
7759307078375,80240
7759307078399,78887
7759307078436,01373
7759307078504,90067
7759307104166,92465
7759307105026,01996
7759307108652,96249
7759307146524,03516
7759307146548,03865
7759307147224,06438
7759307174077,03879
7759307183000,63722
7759307207188,80909
7759307207966,85060
7759307225496,93997
7759307227391,82531
7759307227438,82532
7759307233026,96199
7759307253406,84100
7759307300186,53542
7759307365451,92773
7759307365468,91989
7759307390125,04286
7759307390132,75251
7759307390651,01310
7759307433167,90701
7759307433174,82533
7759307433181,82460
7759307433198,94123
7759307433228,86413
7759307433396,64611
7759307433402,54032
7759307433440,01527
7759307433464,01372
7759307434041,78642
7759307434171,95134
7759307434218,01995
7759307434225,96742
7759307434263,95014
7759307443661,03542
7759307443708,03543
7759307443715,01382
7759307443760,90556
7759307455282,96148
7759307457712,96087
7759307460064,02797
7759307472753,90014
7759307472814,97552
7759307472838,76191
7759307472876,81261
7759307534826,05330
7759307534840,63933
7759307534857,83877
7759307541824,51737
7759307541831,01691
7759307541862,60981
7759307549769,88779
7759307556941,83333
7759307557016,89861
7759307589826,03448
7759307618717,78347
7759307618731,60735
7759307618762,94171
7759307624657,85618
7759307624688,84852
7759307633451,05376
7759307653442,03867
7759307791793,82850
7759307803885,82887
7759307945950,91803
7759307945967,91802
7759307945974,90822
7759307998758,91847
7759387000006,98962
7759387000037,95099
7759387000068,95011
7759387000099,87367
7759387000105,97202
7759387000112,96285
7759387000143,96662
7759387000150,98964
7759387000167,98963
77594,77594
7759405000308,98463
77595,77595
7759520000061,96353
7759598000048,89762
7759598000116,87757
7759598000123,63161
7759598000192,85138
7759598000208,85137
7759598000222,93656
7759598000260,83931
7759598000529,89366
7759598000574,81977
7759598000673,89800
7759598000680,86460
7759598002721,85125
7759598002806,85127
7759598003681,84251
7759598003698,87097
7759598004480,95379
7759598006408,96233
7759598006859,91555
7759598006880,96922
7759598007061,00174
7759598007276,89062
7759598007313,85572
7759598007320,84867
7759598007337,95624
7759598095549,84136
7759598095556,82869
7759598096065,79360
7759598176606,81330
7759598179331,81329
7759598183291,00348
7759598183307,66454
7759598183345,62762
7759598183680,63050
7759598183819,63236
7759598183826,00177
7759598184533,64779
77596,77596
7759604000017,77155
7759604000246,88044
7759604000635,93718
7759604723824,78003
7759604723831,78002
7759642000109,97913
7759653000228,96386
7759653000235,94001
7759653000242,90855
7759653000259,96838
7759653000303,04268
7759653000310,96712
77597,77597
7759765000000,96409
7759765000307,97364
7759765000833,96955
7759765000956,98845
7759765001007,89552
7759765001038,92945
7759765001106,95985
7759765001144,97442
7759765001151,97699
7759765001175,97873
7759765001205,96329
7759765001427,96330
7759765001434,84072
7759765001823,84547
7759765001991,89681
7759765002103,94774
7759765002219,98695
7759765002370,90896
7759765002417,98451
7759765002448,91120
7759765002561,91385
7759765002578,97356
7759765002684,93478
7759765002721,91385
7759765003216,97372
7759765003261,92945
7759765003322,96348
7759765003346,92578
7759765003384,89516
7759765003582,97016
77598,77598
7759861000027,94508
7759861000119,98173
77599,77599
7759918003247,94668
7759918003254,94668
7759918004657,65602
7759918004664,93106
7759918004671,92791
7759918004732,65602
7759918004749,93106
7759918004756,92791
7759918004763,62782
77600,77600
77601,77601
77602,77602
77603,77603
77604,77604
77605,77605
77606,77606
77608,77608
77609,77609
77610,77610
77611,77611
77612,77612
77613,77613
77614,77614
77615,77615
77616,77616
77617,77617
77618,77618
77619,77619
77620,77620
77621,77621
77622,77622
77623,77623
77624,77624
77625,77625
77626,77626
77627,77627
77628,77628
77629,77629
77630,77630
77631,77631
77632,77632
77633,77633
77634,77634
77635,77635
77636,77636
77637,77637
77638,77638
77641,77641
77642,77642
77643,77643
77644,77644
77645,77645
77646,77646
77647,77647
77648,77648
77649,77649
77651,77651
77652,77652
77653,77653
77654,77654
77655,77655
77656,77656
77657,77657
77658,77658
77660,77660
77663,77663
77664,77664
77671,77671
77672,77672
77673,77673
77681,77681
77682,77682
77683,77683
77684,77684
77685,77685
77686,77686
77687,77687
77688,77688
77689,77689
77690,77690
77691,77691
77692,77692
77693,77693
77694,77694
77695,77695
77696,77696
77697,77697
77698,77698
77699,77699
77700,77700
77701,77701
7770101004247,90022
7770101004261,94930
7770101008856,97912
7770101008863,89680
7770101008979,97194
7770108090021,91998
7770108090199,92042
7770108090687,87877
77702,77702
77703,77703
77704,77704
77708,77708
77710,77710
77711,77711
77712,77712
77713,77713
77714,77714
77715,77715
77716,77716
77717,77717
77718,77718
77719,77719
77720,77720
77721,77721
77722,77722
77723,77723
77724,77724
77725,77725
77726,77726
77727,77727
77728,77728
77729,77729
77730,77730
77731,77731
77732,77732
77733,77733
77734,77734
77735,77735
77737,77737
77738,77738
77739,77739
77740,77740
77741,77741
77742,77742
77743,77743
77744,77744
77745,77745
77746,77746
77747,77747
77748,77748
77749,77749
7774900004316,80982
7774900004323,80982
77750,77750
77751,77751
77751493004588,85103
77752,77752
77753,77753
77754,77754
77755,77755
77759,77759
77760,77760
77761,77761
77762,77762
77763,77763
77764,77764
77765,77765
77766,77766
77767,77767
77768,77768
77769,77769
77770,77770
77771,77771
77772,77772
77773,77773
77774,77774
77775,77775
77776,77776
77777,77777
77778,77778
77779,77779
77780,77780
77781,77781
77782,77782
77783,77783
77785,77785
77786,77786
77789,77789
77792,77792
77799,77799
77800,77800
77803,77803
77805,77805
77806,77806
77807,77807
77809,77809
77810,77810
77811,77811
77812,77812
77813,77813
77814,77814
77815,77815
77816,77816
77817,77817
77819,77819
77820,77820
77821,77821
77822,77822
77823,77823
77824,77824
77825,77825
77826,77826
77829,77829
77830,77830
77831,77831
77832,77832
77833,77833
77834,77834
77837,77837
77839,77839
77840,77840
77842,77842
77843,77843
77846,77846
77847,77847
77849,77849
77850,77850
77851,77851
77852,77852
77854,77854
77855,77855
77857,77857
77858,77858
77859,77859
77860,77860
77862,77862
77863,77863
77864,77864
77865,77865
77866,77866
77867,77867
77868,77868
77869,77869
77870,77870
77871,77871
77872,77872
77873,77873
77874,77874
77875,77875
77876,77876
77877,77877
77879,77879
77880,77880
77881,77881
77882,77882
77883,77883
77884,77884
77885,77885
77886,77886
77887,77887
77888,77888
77889,77889
77890,77890
77891,77891
77892,77892
77893,77893
77894,77894
77895,77895
7789829,92403
77899,77899
77900,77900
77900197,93735
77901,77901
77902,77902
77903402,93197
7790375002190,94564
7790375245245,05520
7790375245252,05519
7790375270063,87171
77904,77904
7790440699218,90674
7790440699225,90676
77908,77908
77908612,95930
77909,77909
77910,77910
77912,77912
7791293004976,92000
7791293005027,88000
7791293005188,94711
7791293012063,94885
7791293012087,94887
7791293018874,94886
7791293020389,95208
7791293022536,92749
7791293022567,93281
7791293022581,94071
7791293022635,94554
7791293022819,94884
7791293025537,82636
7791293025780,92956
7791293025797,89447
7791293025803,92961
7791293025834,89446
7791293028781,92957
7791293032153,92954
7791293032269,92519
7791293032405,94213
7791293032443,84486
7791293032481,60828
7791293033198,94553
7791293034737,87775
7791293035253,92517
7791293035895,84709
7791293035918,94645
7791293036458,95733
7791293037073,88833
7791293037752,95734
7791293037790,97916
7791293038346,98288
7791293040011,87982
7791293041018,93978
7791293041032,93979
7791293041100,92956
7791293041124,87775
7791293041209,95209
7791293041254,95209
7791293041421,93720
7791293041438,93906
7791293041506,93346
7791293041582,96890
7791293041599,82636
7791293041711,94070
7791293042718,89447
7791293043210,94887
7791293043227,94885
7791293043722,93978
7791293043814,92956
7791293043838,87775
7791293043869,91964
7791293044453,98493
7791293044491,64235
7791293045122,97769
7791293045177,96890
7791293046228,87982
7791293048000,94887
7791293048017,94885
7791293048031,95417
7791293048468,87982
7791293048529,95417
7791293049489,98492
7791293049564,98488
7791293051123,79319
7791293051130,64235
7791293623016,88689
7791293784465,84440
7791293895062,51995
77913,77913
77914,77914
77915,77915
7791520082500,93275
77916,77916
77917,77917
77918,77918
77918499,95424
7791969016029,93407
7791969016036,94579
7791969028831,93410
7791969029807,88151
7791969850616,93173
7791984000973,97930
7791984999901,95388
77921,77921
77922,77922
77922878,95381
77924,77924
77925,77925
77926,77926
77926890,95380
77927,77927
77928,77928
77929,77929
77930,77930
7793081092943,79826
77931,77931
7793100151231,87495
77932,77932
77934,77934
77936,77936
7793640216353,78354
7793640393726,01849
7793640527480,02847
7793640558644,02402
7793640558736,63561
7793640575368,84247
7793640790716,85225
77938,77938
77939,77939
77940,77940
77942,77942
77942357,94260
77943,77943
77943453,95382
77943484,93708
77943491,95347
77943514,93910
77943521,94103
77943538,94101
77943545,94102
77943552,94686
77943583,94664
77943590,93725
77943613,96774
77943620,95148
77943637,93560
77943644,93558
77943651,93558
77943668,95588
77943675,84503
77943682,97347
77943705,93783
77943729,84541
77943736,95436
77943743,84504
77943767,93529
77943774,93710
77943781,93192
77944252,94100
77945716,93986
77946,77946
7794640171161,91963
7794640171338,96702
7794640171345,92518
7794640171550,91997
7794640171703,90656
7794640171710,92577
7794640171734,91161
7794640171741,94075
7794640171819,92174
77948,77948
77948861,93530
77949,77949
77951,77951
77952,77952
7795304018136,03199
7795312100090,89504
7795314029641,00514
7795320000368,91211
7795320007718,88175
7795320051254,95549
7795337908947,94736
7795345001685,97535
7795345001838,91241
7795345001869,90670
7795345001876,88802
7795345001883,96660
7795345001944,95455
7795345002019,94080
7795345002163,94604
7795345002866,95749
7795345002873,96017
7795345002897,96163
7795345010144,61925
7795345010601,63452
7795345011134,81562
7795345011196,81563
7795345012407,89617
7795345012520,86343
7795345013312,94705
7795345014012,87860
7795345121550,95475
7795345121567,94979
7795345121574,94326
7795345121673,97499
7795345121680,94159
7795345121697,96933
7795345121772,97525
7795345122380,96974
7795345122397,97547
7795345123141,98113
7795345124155,98239
7795367005326,94603
7795367005371,97705
7795367006736,95645
7795367009577,95594
7795367547581,96040
7795367547697,95719
7795367547734,95644
7795368000764,93762
7795368001808,95358
7795368001884,91354
7795368001891,93425
7795368001938,96781
7795368001990,95643
7795368002003,89967
7795368002027,84467
7795368002737,88649
7795368054859,96650
7795368054941,95926
7795368055221,97623
7795368055276,96239
7795368547238,93806
7795368547283,98728
7795368547313,96980
7795368547399,97808
7795373000834,94488
7795373001558,98767
7795373001565,98768
7795373001909,93918
7795373002173,98842
7795373003330,98610
7795373010888,96513
7795373011038,89560
7795373011267,88928
7795373012288,88814
7795373012912,88141
7795373013346,89090
7795373013780,94384
7795373014046,97375
7795373015135,88053
7795373016477,89186
7795373017795,93974
7795373019676,97827
7795373019768,95432
7795373022126,87302
7795373023338,98791
7795373024458,97098
7795373030602,87880
7795378004493,90188
7795378004509,89463
7795378004516,89464
7795378005384,88507
7795378005841,95025
7795380000940,95587
7795380000988,93481
7795380001534,92469
7795380001725,93520
7795380001794,63346
7795380001800,03270
7795380002371,96218
7795380004542,89416
7795380042926,95273
7795380042964,96844
7795380043411,97441
7795380043541,91687
7795380043558,02058
7795380043596,96362
7795380043602,97649
7795380043763,97166
77955,77955
77956,77956
77957,77957
77959,77959
7795990000958,94403
7795990001412,92020
7795990001436,96991
7795990001450,97350
7795990001467,91349
7795990001764,93565
77960,77960
77961,77961
77962,77962
77963,77963
77964,77964
77965,77965
77966,77966
77967,77967
77968,77968
77969,77969
77970,77970
77971,77971
77972,77972
77973,77973
77975,77975
77976,77976
77977,77977
77979,77979
77980,77980
7798007730367,78848
7798007730428,89712
7798016922432,98184
7798051851643,94017
7798051851964,91199
7798051852121,91134
7798051853074,94560
7798051853463,96356
7798051853685,91134
7798051853852,97247
7798051854651,98596
7798051854675,91134
7798051854989,98720
7798051855009,98766
7798095330012,96121
7798095330425,93132
7798095330548,98067
7798095330562,98066
7798095330593,97688
7798097891559,92512
7798097891566,92513
77981,77981
7798129417443,96697
7798135010300,93807
7798135010393,94207
7798135010485,94133
7798135010508,93514
7798135010522,93516
7798135010539,84509
7798135010553,93589
7798135010591,93517
7798135010706,93835
7798135010768,93896
7798135010799,94048
7798135010928,93515
7798135010935,93418
7798135010942,93544
7798135011048,93768
7798135011086,93417
7798135011130,94691
7798135011161,62534
7798135011208,93709
7798135011239,84590
7798135011260,93586
7798135011307,93590
7798135011321,93622
7798135011338,93724
7798135011376,93814
7798135011383,84542
7798135011390,84573
7798135011406,84574
7798135011420,93909
7798135011666,93343
7798135011673,93532
7798135011680,84511
7798135011703,93985
7798135011727,93815
7798135011758,93185
7798135011765,93911
7798135011789,94193
7798135011796,93559
7798135011802,93726
7798135011833,84507
7798135011840,93676
7798135011925,97010
7798135011932,96435
7798135011987,94662
7798135012038,95435
7798135012069,94208
7798135012076,94206
7798135012083,93178
7798135012090,93585
7798135012106,93419
7798135012113,93518
7798135012120,93863
7798135012137,93198
7798135012175,96583
7798135012182,93972
7798135012199,93421
7798135012205,93623
7798135012212,93587
7798135012229,94259
7798135012236,94477
7798135012243,93677
7798135012250,93531
7798135012281,95322
7798135012335,94593
7798135012342,93766
7798135012366,94358
7798135012373,94197
7798135012380,94543
7798135012397,94196
7798135012403,94195
7798135012410,94204
7798135012427,94194
7798135012434,94205
7798135012441,94192
7798135012458,93827
7798135012496,94299
7798135012571,95088
7798135012588,95105
7798135012595,95082
7798135012601,95089
7798135012618,97159
7798135012632,95081
7798135012663,95090
7798135012670,95091
7798135012687,94751
7798135012724,95367
7798135012731,94785
7798135012748,97416
7798135012755,95177
7798135012762,96061
7798135012779,79834
7798135012830,96446
7798135012854,97013
7798135012861,97250
7798135012878,97251
7798135012885,97249
7798135012953,97111
7798135012960,96796
7798135013011,97546
7798135013028,97508
7798135013035,97509
7798135013042,97507
7798135013103,98098
7798135013219,98669
7798140250371,93171
7798140251651,93170
7798140252047,94504
7798140252351,96588
7798140258230,94305
7798140258247,96998
7798140258513,96567
7798140259459,98330
7798140259749,85426
7798140259893,95880
7798167580239,95759
7798167580307,94212
77982,77982
7798216220314,96503
77983,77983
7798339190389,97985
77984,77984
77988,77988
77989,77989
77990,77990
77991,77991
77992,77992
77994,77994
77996,77996
77997,77997
77998,77998
77999,77999
78000,78000
7800004000401,93289
7800004001156,85470
7800004001903,89884
7800004005338,92721
7800004032600,94769
7800004033096,95171
7800004348008,88989
7800004503575,92061
7800004504381,89738
7800004504428,89738
7800004507672,95339
7800004507733,92060
7800004508013,92062
7800004508846,83719
7800004508877,93528
7800007698926,90308
7800007705990,92400
7800007802552,64495
7800018079578,95589
7800018079769,75593
7800018080468,95267
7800018083650,90923
7800018115320,87574
7800018123226,97278
7800018123233,92891
7800018125084,85226
7800018127422,87213
7800018161099,87821
7800018182841,92462
7800018185415,87347
7800018185422,84207
7800018185446,93083
7800018185569,76568
7800018185637,85913
7800018185774,79981
7800018185781,79918
7800018185804,95565
7800018188522,93519
7800018188607,93307
7800018188638,75594
7800018188645,93849
7800018188652,86398
7800020020964,81634
7800020188077,95056
7800022012875,00299
7800026003695,97968
7800026003718,91332
7800026003831,85473
7800026003916,89610
7800026004043,94333
7800026004050,94332
7800026004067,94331
7800026004753,95361
7800026004937,92141
7800026004951,92139
7800026004982,94615
7800026004999,92140
7800026005545,95378
7800026007518,92120
7800026009178,85602
7800026009192,87916
7800026009222,92892
7800026009987,85297
7800026010365,91281
7800026012123,87379
7800026012161,89969
7800026012536,86329
7800026012734,85118
7800026012741,87516
7800026015162,92995
7800026015261,91200
7800026016558,91883
7800026016640,89442
7800026019184,85439
7800026020470,89858
7800026021309,91027
7800026025154,90163
7800026026465,89885
7800026026731,87378
7800026026809,89833
7800026050019,95249
7800026224816,92727
7800026248737,93696
7800026254790,92427
7800026356418,92142
7800026547816,93316
7800028002740,86272
7800028002757,86610
7800028002856,82882
7800028003501,94914
7800028005574,97585
7800028005772,98644
7800029002015,89433
7800029003920,93823
7800029003937,93309
7800029673765,95035
7800060001848,89790
7800060003309,98793
7800060003408,89557
7800060003651,79821
7800060007642,80419
7800060009363,96434
7800060009684,79993
7800060009738,79994
7800060011656,81484
7800060011816,81046
7800060014497,80033
7800060015548,81328
7800060015678,80386
7800060015685,80004
7800060030183,80274
7800060035140,83379
7800060036628,95693
7800060036970,89559
7800060037007,89801
7800060037274,93195
7800060039643,96573
7800060040069,98000
7800060040229,96580
7800060040571,95067
7800060111189,86284
7800060113985,89964
7800060115927,85303
7800060116498,86365
7800060119406,91095
7800060123359,90689
7800060123861,80158
7800060124400,93964
7800060137653,77053
7800060140608,93205
7800060144866,97330
7800060149151,98683
7800060158061,97609
7800060159112,97988
7800060162419,91124
7800060162686,98557
7800060407466,86290
7800060407954,86148
7800060408432,85580
7800060409248,88899
7800060410091,97482
7800060411814,98556
7800060412460,93804
7800060413511,87474
7800060414242,90051
7800060414327,88011
7800060416451,95466
7800060416536,97725
7800060416710,81190
7800060416963,82602
7800060418172,95342
7800060641006,94422
7800061325189,94956
7800062002072,96380
7800062002126,94402
7800062003789,95194
7800070000046,85046
78001,78001
78002,78002
78003,78003
78005,78005
78006,78006
7800671005662,96377
7800678158613,98730
7800678158637,98731
78007,78007
78008,78008
78010,78010
78011,78011
78012,78012
78013,78013
78014,78014
78015,78015
78017,78017
78018,78018
78019,78019
78021,78021
78022,78022
7802225511513,82432
78023,78023
78024,78024
78024168,89884
78025,78025
78035,78035
7803504000384,94849
7803504000391,96035
7803504001169,85745
7803504001176,85923
7803504001596,96753
7803510000644,91047
7803510001344,90041
7803510001399,80044
7803510002228,92867
7803510002549,91178
7803510002655,97284
7803510002747,93446
7803510003430,94362
7803510441010,65525
7803510773234,81939
7803510773319,84127
78038,78038
78040,78040
78044,78044
78045,78045
78046,78046
7804606590391,94977
7804612011279,95250
7804617090217,98432
7804619380002,90618
7804619380019,89619
7804619380026,90258
7804619380033,89820
7804619380040,89821
7804619380057,89822
7804619380071,92388
7804619380095,92387
7804619380361,92126
7804619380590,91425
7804619380606,91426
7804619380613,91428
7804619380637,91427
7804619381207,92284
7804619381498,90064
7804619381627,93748
7804619381634,86623
7804619381641,94336
7804619381658,94337
7804619381665,94334
7804619381672,94335
7804619381870,91425
7804619382297,97628
7804619382303,97627
7804619382341,96732
7804619382358,96733
7804625980265,90103
7804625980333,92665
7804625980371,92229
7804626970043,66912
7804626970166,96165
7804651290055,95736
7804671180121,98282
7804671180138,98283
7804671180176,60091
7804671180190,98284
7804671180282,98559
7804671180459,98560
78047,78047
78048,78048
78049,78049
7804900000534,89433
7804915009843,85212
7804915010672,91978
7804915010689,64936
7804915010719,66787
7804915011044,01375
7804915011112,85331
7804915011655,95964
7804915011679,95965
7804915011709,95966
7804915012591,97650
7804915515962,84723
7804915515993,00065
7804915517850,60813
7804915517867,85213
7804915517881,04401
7804945061941,95537
7804945061965,95481
7804955001180,95073
7804955010052,95206
7804955010069,96867
7804955010984,93235
7804955011400,92090
7804955013497,93811
7804955014265,94394
7804955015392,94479
7804955015538,95204
7804955015545,95098
78050,78050
78051,78051
78052,78052
78053,78053
78054,78054
78056,78056
78057,78057
78058,78058
78060,78060
78061,78061
78062,78062
78063,78063
78064,78064
78065,78065
7806500730514,95032
7806500730705,95033
7806500730958,98321
7806500730972,98326
7806500731177,97837
7806500771050,97085
7806500771418,94754
78066,78066
78067,78067
78068,78068
78069,78069
78070,78070
78071,78071
78072,78072
78073,78073
78074,78074
78075,78075
78076,78076
78078,78078
78079,78079
78080,78080
78081,78081
78083,78083
78084,78084
78085,78085
78086,78086
78087,78087
78088,78088
78089,78089
78090,78090
78091,78091
78092,78092
78093,78093
78094,78094
7809591402575,95701
7809604030238,96571
78098,78098
78100,78100
78101,78101
78102,78102
78103,78103
78104,78104
78106,78106
78107,78107
78110,78110
78111,78111
78112,78112
78113,78113
78114,78114
78115,78115
78116,78116
78117,78117
78118,78118
78120,78120
78121,78121
78122,78122
78123,78123
78124,78124
78125,78125
78126,78126
78127,78127
78129,78129
78131,78131
78132,78132
78134,78134
78135,78135
78136,78136
78137,78137
78138,78138
78141,78141
78142,78142
78143,78143
78145,78145
78146,78146
78148,78148
78150,78150
78157,78157
78159,78159
78160,78160
78161,78161
78162,78162
78163,78163
78164,78164
78165,78165
78166,78166
78167,78167
78168,78168
78169,78169
78171,78171
78172,78172
78173,78173
78174,78174
78175,78175
78176,78176
78177,78177
78178,78178
78179,78179
78180,78180
78181,78181
78183,78183
78184,78184
78187,78187
78192,78192
78195,78195
78196,78196
78197,78197
78198,78198
78199,78199
78201,78201
782028000407,97524
782028000421,97523
782028000872,94717
78203,78203
78204,78204
78205,78205
78206,78206
78207,78207
78208,78208
78209,78209
78210,78210
78211,78211
78212,78212
78213,78213
78214,78214
78215,78215
78216,78216
78217,78217
78218,78218
78219,78219
78220,78220
78221,78221
78222,78222
78223,78223
78224,78224
78225,78225
78226,78226
78227,78227
78228,78228
78229,78229
78230,78230
78231,78231
78232,78232
78233,78233
78234,78234
78235,78235
78236,78236
78237,78237
78238,78238
78239,78239
78240,78240
78241,78241
78242,78242
78243,78243
78244,78244
78245,78245
78246,78246
78247,78247
78248,78248
78249,78249
78250,78250
78251,78251
78252,78252
78253,78253
78254,78254
78255,78255
78256,78256
78257,78257
78258,78258
78259,78259
78260,78260
78261,78261
78262,78262
78263,78263
78264,78264
78265,78265
78266,78266
78267,78267
78268,78268
78269,78269
78270,78270
78271,78271
78272,78272
78273,78273
78274,78274
78275,78275
78276,78276
78277,78277
78278,78278
78279,78279
78280,78280
78281,78281
78282,78282
78283,78283
78284,78284
78285,78285
78286,78286
78287,78287
78288,78288
78289,78289
78290,78290
78291,78291
78292,78292
78293,78293
78294,78294
78295,78295
78296,78296
78297,78297
78298,78298
78299,78299
78300,78300
78301,78301
78302,78302
78303,78303
78305,78305
78306,78306
78307,78307
78308,78308
78309,78309
78310,78310
78311,78311
78312,78312
78313,78313
78314,78314
78315,78315
78316,78316
78317,78317
78318,78318
78319,78319
78320,78320
78321,78321
78322,78322
78323,78323
78324,78324
78325,78325
78326,78326
78327,78327
78328,78328
78329,78329
78330,78330
78331,78331
78332,78332
78333,78333
78334,78334
78335,78335
78336,78336
78337,78337
78338,78338
78339,78339
78340,78340
78341,78341
78342,78342
78343,78343
78344,78344
78345,78345
78346,78346
78347,78347
78349,78349
78350,78350
78351,78351
78352,78352
78353,78353
78354,78354
78355,78355
78356,78356
78358,78358
78359,78359
78360,78360
78361,78361
78362,78362
78363,78363
78364,78364
78365,78365
78366,78366
78367,78367
78370,78370
78371,78371
78372,78372
78373,78373
78374,78374
78375,78375
78376,78376
78377,78377
78378,78378
78379,78379
78380,78380
78381,78381
78382,78382
78383,78383
78384,78384
78385,78385
78386,78386
78387,78387
78388,78388
78389,78389
78390,78390
78391,78391
78392,78392
78393,78393
78394,78394
78395,78395
78396,78396
78397,78397
78398,78398
78399,78399
78400,78400
78401,78401
78402,78402
7840213256817,96711
7840213256824,95703
7840213261712,94863
78403,78403
78404,78404
78405,78405
78406,78406
7840653001275,92888
7840653001961,94959
7840653006300,91138
7840653006997,94998
78407,78407
78408,78408
78409,78409
78410,78410
78411,78411
7841141000046,89419
7841141001340,90263
7841141002699,95519
7841141002712,91189
7841141002750,91485
7841141002774,95953
7841141002811,04837
7841141003450,91526
7841141003474,95753
7841141003580,95825
7841141004143,94140
7841141004150,94203
7841141004167,93989
7841141004211,93084
7841141005348,88831
78412,78412
78413,78413
78414,78414
78415,78415
78416,78416
78417,78417
78419,78419
78420,78420
78421,78421
78422,78422
78423,78423
78424,78424
78425,78425
78426,78426
78427,78427
78428,78428
78429,78429
78430,78430
78431,78431
78432,78432
78433,78433
78434,78434
78435,78435
78436,78436
78437,78437
78438,78438
78439,78439
78440,78440
78441,78441
78442,78442
78443,78443
78444,78444
78445,78445
78446,78446
78447,78447
78448,78448
78449,78449
78450,78450
78451,78451
78452,78452
78453,78453
78454,78454
78455,78455
78456,78456
78457,78457
78458,78458
78459,78459
78460,78460
78461,78461
78462,78462
78463,78463
78464,78464
78465,78465
78466,78466
78467,78467
78468,78468
78469,78469
78470,78470
78471,78471
78472,78472
78473,78473
78474,78474
78475,78475
78476,78476
78477,78477
78478,78478
78479,78479
78480,78480
78481,78481
78482,78482
78483,78483
78486,78486
78487,78487
78488,78488
78489,78489
78490,78490
78491,78491
78492,78492
78493,78493
78494,78494
78495,78495
78500,78500
78503,78503
78504,78504
78505,78505
78507,78507
78508,78508
78510,78510
78511,78511
78513,78513
78514,78514
78518,78518
78519,78519
78528,78528
78532,78532
78534,78534
78535,78535
78536,78536
78537,78537
78538,78538
78539,78539
78540,78540
78541,78541
78542,78542
78543,78543
78544,78544
78545,78545
78546,78546
78547,78547
78548,78548
78549,78549
78550,78550
78551,78551
78552,78552
78553,78553
78554,78554
78555,78555
78557,78557
78558,78558
78559,78559
78561,78561
78562,78562
78563,78563
78564,78564
78568,78568
78569,78569
78570,78570
78571,78571
78572,78572
78573,78573
78574,78574
78575,78575
78576,78576
78577,78577
78578,78578
78579,78579
78580,78580
78581,78581
78582,78582
78583,78583
78584,78584
78585,78585
78586,78586
78587,78587
78588,78588
78589,78589
78590,78590
78591,78591
78592,78592
78593,78593
78594,78594
78595,78595
78596,78596
78597,78597
78598,78598
78600,78600
78601,78601
78602,78602
78603,78603
78604,78604
78605,78605
78606,78606
78607,78607
78610,78610
7861006113742,96106
7861028101079,79456
7861028101086,78745
7861028101093,75601
7861028101208,97420
7861028101215,87715
7861028101246,02569
7861028101758,80290
7861034100516,89792
7861073902263,02578
7861073902294,85569
7861073903468,87068
7861073903550,02575
7861073903604,00533
7861073903697,90223
7861073903796,90937
7861073904106,94903
7861073904250,82825
7861073904267,89472
7861073904274,86025
7861073904281,87338
7861073963370,75305
7861073967699,88900
7861073967712,63138
7861073970545,96379
7861073970668,75593
7861073970675,76879
7861073970873,86398
7861073970880,97399
7861073970897,97400
7861073970903,97282
7861073971597,02575
7861078302020,95240
78611,78611
7861148020236,90688
7861148020250,05438
7861148020281,85246
7861148020427,88912
7861148020786,98468
7861148020793,95456
7861148021752,00109
7861148022179,94424
7861148022186,94425
7861148022193,94426
7861148022421,85455
7861148022643,00108
7861150300357,92476
7861152102539,86102
7861184500266,93880
78612,78612
78613,78613
78614,78614
78616,78616
78617,78617
78618,78618
78619,78619
78620,78620
78621,78621
7862102714246,96110
7862102714277,96108
7862102714284,86947
7862111350077,00094
7862111350282,96340
78622,78622
78625,78625
78626,78626
78627,78627
78628,78628
78629,78629
78630,78630
78631,78631
78632,78632
78633,78633
78634,78634
78635,78635
78636,78636
78638,78638
78639,78639
78640,78640
78641,78641
78642,78642
78643,78643
78644,78644
78646,78646
78648,78648
78649,78649
78650,78650
78651,78651
78652,78652
78653,78653
7865370,90818
78654,78654
78655,78655
78656,78656
78657,78657
78659,78659
78662,78662
78663,78663
78664,78664
78668,78668
78669,78669
78670,78670
78671,78671
78672,78672
78673,78673
78674,78674
78675,78675
78676,78676
78677,78677
78678,78678
78679,78679
78680,78680
78681,78681
78682,78682
78683,78683
78684,78684
78685,78685
78686,78686
78687,78687
78688,78688
78689,78689
78690,78690
78691,78691
78692,78692
78693,78693
78694,78694
78695,78695
78696,78696
78698,78698
78699,78699
78700,78700
78701,78701
78702,78702
78703,78703
78704,78704
78705,78705
78712,78712
78713,78713
78714,78714
78715,78715
78716,78716
78717,78717
78718,78718
78719,78719
78720,78720
78721,78721
78722,78722
78723,78723
78724,78724
78725,78725
78727,78727
78728,78728
78729,78729
78730,78730
78731,78731
78732,78732
78733,78733
78734,78734
78735,78735
78736,78736
78737,78737
78738,78738
78741,78741
78743,78743
78744,78744
78745,78745
78746,78746
78747,78747
78748,78748
78750,78750
78751,78751
78752,78752
78753,78753
78754,78754
78755,78755
78756,78756
78757,78757
78758,78758
78759,78759
78760,78760
78761,78761
78769,78769
78771,78771
78772,78772
78773,78773
78774,78774
78775,78775
78776,78776
78777,78777
78778,78778
78780,78780
78782,78782
78785,78785
78786,78786
78789,78789
78796,78796
78797,78797
78798,78798
78799,78799
78800,78800
78801,78801
78802,78802
78803,78803
78804,78804
78805,78805
78806,78806
78807,78807
788070604631,98217
78808,78808
78809,78809
78810,78810
788115379906,98344
788115380308,98342
78817,78817
78818,78818
78819,78819
78820,78820
78821,78821
78822,78822
78823,78823
78824,78824
78826,78826
78827,78827
78829,78829
78830,78830
78831,78831
78832,78832
78833,78833
78834,78834
78835,78835
78836,78836
78837,78837
78838,78838
78839,78839
78840,78840
78841,78841
78842,78842
78843,78843
78844,78844
78845,78845
78846,78846
78847,78847
78848,78848
78849,78849
78850,78850
78855,78855
78856,78856
78857,78857
78861,78861
78862,78862
78863,78863
78864,78864
78867,78867
78868,78868
78869,78869
78870,78870
78871,78871
78872,78872
78874,78874
78875,78875
78876,78876
78879,78879
78884,78884
78885,78885
78886,78886
78887,78887
78888,78888
78889,78889
78893,78893
78897,78897
78898,78898
78899,78899
78901,78901
78903,78903
78904,78904
78905,78905
78906,78906
78907,78907
7890704851335,92797
78908,78908
78909,78909
78910,78910
7891010007263,65739
7891010010546,81919
7891010010577,81918
7891010030087,64616
7891010030094,65592
7891010030568,81038
7891010030933,79289
7891010031046,03649
7891010032241,52313
7891010032937,64855
7891010035976,66794
7891010037024,53083
7891010037185,81691
7891010037192,76746
7891010037208,97265
7891010037246,52312
7891010037253,62349
7891010037260,52244
7891010038892,75737
7891010038908,78850
7891010047764,83311
7891010099961,96921
7891010245160,98318
7891010251048,98319
7891010253219,98718
7891010254933,97807
7891010501105,98312
7891010560737,60728
7891010568757,95412
7891010568764,93189
7891010568771,94907
7891010591007,95231
7891010618353,92374
7891010654252,95355
7891010793289,86642
7891010821807,60689
7891010882983,97325
7891010882990,97675
7891010887742,96726
7891010963712,96153
7891010974336,92758
7891024033050,95824
7891024034095,96561
7891024039625,96869
7891024041628,86769
7891024132647,93643
7891024134702,92094
7891024136089,88837
7891024136102,96868
7891024136379,88838
7891024145081,83920
7891024183021,82385
7891024183182,95823
7891024316207,93079
7891038301800,92902
7891040089963,97075
7891045007894,90273
7891051026780,97663
7891058001100,86980
7891058008581,76467
7891058008604,02462
7891058009038,79662
7891058009052,93556
7891058018634,95046
7891058018665,95045
7891058018702,88295
7891058019723,06017
78911,78911
7891150006058,97108
7891150006072,64031
7891150017337,84722
7891150019423,84700
7891150019430,92647
7891150019560,91810
7891150025387,88001
7891150034075,93102
7891150034952,95893
7891150036369,97762
7891150036383,98359
7891150039490,93695
7891150039506,93693
7891150043220,93101
7891150043237,93347
7891150043923,93721
7891150044494,93694
7891150050488,88000
7891150050501,87971
7891150053083,93719
7891150053090,93906
7891150053113,93346
7891150053120,93720
7891150055223,92133
7891150055230,84722
7891150057470,64642
7891150060852,94371
7891150061859,88833
7891150064829,98106
7891150064881,97834
7891150075382,96192
7891150084124,97824
7891150084131,98289
7891150092198,98395
7891150095984,98928
78912,78912
78913,78913
7891317003012,94752
7891317007720,96881
7891317007768,76375
7891317007799,83827
7891317008208,97470
7891317008222,88696
7891317008246,81078
7891317008307,96628
7891317011857,97409
7891317011871,98688
7891317011895,97414
7891317012069,97177
7891317026349,98437
7891317029470,98856
7891317029609,98640
7891317036362,95542
7891317039714,98737
7891317044589,98888
7891317103873,94018
7891317182311,92240
7891317187828,92622
7891317187835,92697
7891317188221,93561
7891317190668,92936
7891317194024,93597
7891317194048,94651
7891317195274,96656
7891317196905,93053
7891317207304,85972
7891317207311,63196
78914,78914
7891528036175,86632
7891528039046,82871
78916,78916
78917,78917
7891721028816,85518
7891721029097,88599
7891721029189,89728
78918,78918
78920,78920
78921,78921
78922,78922
78923,78923
78923454,89445
78924468,95118
78924482,95116
78924529,95117
78925,78925
78926,78926
78927,78927
78927254,95115
78928,78928
78928503,84717
78929,78929
78930,78930
78931,78931
78932,78932
78933,78933
78934,78934
78935,78935
78936,78936
78937,78937
78938,78938
78939,78939
78940,78940
78941,78941
78942,78942
78944,78944
78945,78945
78946,78946
78947,78947
78948,78948
78949,78949
78950,78950
78951,78951
78952,78952
78953,78953
78954,78954
78955,78955
78956,78956
78957,78957
78958,78958
78959,78959
7896006223627,01009
7896007551088,97449
7896009419195,91995
7896009419294,91996
7896009498091,98320
7896009498558,97052
7896009498565,78998
7896014179305,90885
7896015517458,85727
7896015519223,95202
7896015520045,95185
7896015527457,94076
7896015529031,94130
7896015591106,86461
7896018700628,89210
7896018700642,93645
7896070607620,81026
7896070607675,93556
7896075701040,87482
78961,78961
7896116861238,89655
7896116861610,84320
7896116861733,88168
7896116862983,01213
7896116862990,85719
7896116865687,01213
7896116865830,01009
7896116866257,84320
7896116866363,88168
78962,78962
7896206403553,88812
7896206405076,78011
7896226502366,05221
7896226502403,01030
7896226502472,01261
7896226502694,01031
7896226502762,02058
7896226503394,02838
7896226503479,85175
7896226503530,75343
7896226503639,75369
7896226505374,88139
7896226505459,86496
7896226506500,91687
7896261006744,06129
7896269903014,02561
7896269903021,02566
7896269903694,66019
7896269904417,53754
7896269904424,04257
7896269905520,04624
78963,78963
78964,78964
78965,78965
7896548197486,87938
7896548197714,89002
78966,78966
7896685301654,91219
78967,78967
78968,78968
78969,78969
78970,78970
78971,78971
78972,78972
78973,78973
7897337712538,90695
7897337713221,65230
7897337713665,87349
7897337713887,90455
7897337714037,75689
7897337714358,85669
7897337714655,93292
7897337714662,88019
7897337714785,86911
78974,78974
7897473203679,90657
7897473205215,90709
7897473205253,91799
7897473206632,91946
7897473207141,90343
78975,78975
78976,78976
78977,78977
78978,78978
78979,78979
7897930760981,85821
7897930761674,90441
7897930761919,89935
7897930764484,89935
7897930765078,90501
7897930775800,90565
7897930777743,90270
78980,78980
78981,78981
78982,78982
78983,78983
78984,78984
7898422746759,89287
78985,78985
7898587770668,94236
7898587770705,94235
78986,78986
78987,78987
7898909175447,94868
7898915764819,93789
7898928257087,91799
7898928257094,91752
7898939803099,91699
7898939803174,91060
78990,78990
7899026462540,94232
7899026462601,94233
78991,78991
78992,78992
78993,78993
78994,78994
78995,78995
78996,78996
78997,78997
7899706130899,94234
7899706149211,93552
78998,78998
79000,79000
79003,79003
79005,79005
79006,79006
79009,79009
79010,79010
79014,79014
79015,79015
79017,79017
79020,79020
79022,79022
79023,79023
79024,79024
79025,79025
79028,79028
79029,79029
79030,79030
79031,79031
79033,79033
79034,79034
79035,79035
79036,79036
79040,79040
79041,79041
79042,79042
79045,79045
79046,79046
79049,79049
79050,79050
79051,79051
79057,79057
79058,79058
79062,79062
79063,79063
79064,79064
79065,79065
79066,79066
79067,79067
79068,79068
79069,79069
79071,79071
79072,79072
79073,79073
79074,79074
79076,79076
79078,79078
79079,79079
79080,79080
79081,79081
79082,79082
79083,79083
79085,79085
79086,79086
79087,79087
79088,79088
79091,79091
79093,79093
79094,79094
79098,79098
79100,79100
79101,79101
79105,79105
79106,79106
79107,79107
79108,79108
79110,79110
79111,79111
79112,79112
79114,79114
79116,79116
79117,79117
79118,79118
79119,79119
79123,79123
79124,79124
79125,79125
79126,79126
79128,79128
79129,79129
79130,79130
79131,79131
79132,79132
79133,79133
79134,79134
79135,79135
79136,79136
79137,79137
79139,79139
79140,79140
79143,79143
79144,79144
79147,79147
79148,79148
79149,79149
79150,79150
79151,79151
79152,79152
79153,79153
79154,79154
79155,79155
79156,79156
79157,79157
79158,79158
79160,79160
79161,79161
79164,79164
79165,79165
79167,79167
79168,79168
79169,79169
79170,79170
79171,79171
79172,79172
79173,79173
79174,79174
79175,79175
79176,79176
79177,79177
79178,79178
79179,79179
79180,79180
79181,79181
79182,79182
79183,79183
79184,79184
79185,79185
79186,79186
79187,79187
79188,79188
79189,79189
79190,79190
79191,79191
79192,79192
79193,79193
79194,79194
79195,79195
79196,79196
79197,79197
79198,79198
79199,79199
79200,79200
79201,79201
79202,79202
79203,79203
79204,79204
79205,79205
79206,79206
79207,79207
79208,79208
79209,79209
79210,79210
79211,79211
79212,79212
79213,79213
79214,79214
79215,79215
79216,79216
79217,79217
79218,79218
79219,79219
79220,79220
79221,79221
79222,79222
79223,79223
79224,79224
79225,79225
79226,79226
79227,79227
79228,79228
79229,79229
79230,79230
79231,79231
79232,79232
79233,79233
79234,79234
79235,79235
79236,79236
79237,79237
79238,79238
79239,79239
79240,79240
79241,79241
79242,79242
79243,79243
79244,79244
79245,79245
79246,79246
79247,79247
79248,79248
79249,79249
79250,79250
79251,79251
79252,79252
79253,79253
79254,79254
79255,79255
79259,79259
79260,79260
79261,79261
79262,79262
79263,79263
79264,79264
79265,79265
79266,79266
79267,79267
79268,79268
79269,79269
79270,79270
79271,79271
79272,79272
79273,79273
79274,79274
79275,79275
79276,79276
79277,79277
79278,79278
79279,79279
79280,79280
79281,79281
79285,79285
79287,79287
79288,79288
79289,79289
79290,79290
79291,79291
79292,79292
79293,79293
79294,79294
79296,79296
79297,79297
79298,79298
79299,79299
79300,79300
79301,79301
79302,79302
79303,79303
79304,79304
79305,79305
79306,79306
79307,79307
79308,79308
79309,79309
79312,79312
79313,79313
79314,79314
79315,79315
79316,79316
79317,79317
79319,79319
79320,79320
79322,79322
79323,79323
79324,79324
79325,79325
79326,79326
79327,79327
79328,79328
79329,79329
79330,79330
79331,79331
79332,79332
79333,79333
79334,79334
79335,79335
79336,79336
79340,79340
79341,79341
79342,79342
79344,79344
79353,79353
79355,79355
79356,79356
79357,79357
79358,79358
79359,79359
79360,79360
79361,79361
79362,79362
79363,79363
79364,79364
79365,79365
79366,79366
79367,79367
79368,79368
79369,79369
79370,79370
79371,79371
79372,79372
79373,79373
79374,79374
79375,79375
79376,79376
79378,79378
79379,79379
79380,79380
79381,79381
79382,79382
79385,79385
79386,79386
79387,79387
79388,79388
79389,79389
79393,79393
79394,79394
79395,79395
79396,79396
79397,79397
79398,79398
79399,79399
79400,79400
79401,79401
79402,79402
79403,79403
79405,79405
79406,79406
79407,79407
79408,79408
79409,79409
79410,79410
79411,79411
79412,79412
79413,79413
79414,79414
79415,79415
79417,79417
79418,79418
79419,79419
79422,79422
79423,79423
79424,79424
79425,79425
79427,79427
79428,79428
79429,79429
79430,79430
79434,79434
79435,79435
79436,79436
79437,79437
79438,79438
79439,79439
79440,79440
79442,79442
79443,79443
79444,79444
79445,79445
79446,79446
79449,79449
79450,79450
79451,79451
79453,79453
79456,79456
79457,79457
79459,79459
79460,79460
79462,79462
79463,79463
79477,79477
79478,79478
79482,79482
79483,79483
79484,79484
79485,79485
79486,79486
79487,79487
79488,79488
79489,79489
79492,79492
79493,79493
79494,79494
79495,79495
79496,79496
79497,79497
79498,79498
79500,79500
79501,79501
79502,79502
79503,79503
79504,79504
79505,79505
79506,79506
79507,79507
79508,79508
79510,79510
79511,79511
79515,79515
79516,79516
79517,79517
79518,79518
79519,79519
79520,79520
79521,79521
79524,79524
79528,79528
79529,79529
79531,79531
79532,79532
79533,79533
79534,79534
79535,79535
79536,79536
79537,79537
79538,79538
79539,79539
79540,79540
79541,79541
79542,79542
79543,79543
79544,79544
79545,79545
79546,79546
79547,79547
79548,79548
79549,79549
79550,79550
79551,79551
79552,79552
79554,79554
79555,79555
79556,79556
79557,79557
79558,79558
79559,79559
79560,79560
79561,79561
79562,79562
79563,79563
79564,79564
79565,79565
79566,79566
79567,79567
79571,79571
79572,79572
79575,79575
79576,79576
79577,79577
79578,79578
79579,79579
79580,79580
79581,79581
79582,79582
79583,79583
79584,79584
79585,79585
79586,79586
79587,79587
79588,79588
79589,79589
79590,79590
79591,79591
79592,79592
79593,79593
79594,79594
79595,79595
79596,79596
79597,79597
79598,79598
79599,79599
79600,79600
79601,79601
79604,79604
79605,79605
79606,79606
79607,79607
79611,79611
79612,79612
79613,79613
79614,79614
79617,79617
79621,79621
79622,79622
79623,79623
79624,79624
79625,79625
79626,79626
79628,79628
79629,79629
79631,79631
79634,79634
79635,79635
79639,79639
79640,79640
79641,79641
79643,79643
79644,79644
79645,79645
79646,79646
79647,79647
79648,79648
79649,79649
79650,79650
79652,79652
79653,79653
79657,79657
79658,79658
79659,79659
79660,79660
79661,79661
79662,79662
79663,79663
79664,79664
79665,79665
79667,79667
79668,79668
79669,79669
79670,79670
79672,79672
79673,79673
79674,79674
79675,79675
79676,79676
79677,79677
79678,79678
79680,79680
79681,79681
79682,79682
79683,79683
79684,79684
79685,79685
79686,79686
79687,79687
79688,79688
79689,79689
79690,79690
79691,79691
79692,79692
79693,79693
79694,79694
79695,79695
79696,79696
79697,79697
79698,79698
79699,79699
79700,79700
79701,79701
79704,79704
79705,79705
79707,79707
79708,79708
79709,79709
79710,79710
79711,79711
79712,79712
79713,79713
79714,79714
79715,79715
79716,79716
79717,79717
79718,79718
79719,79719
79720,79720
79721,79721
79722,79722
79723,79723
79724,79724
79725,79725
79728,79728
79730,79730
79731,79731
79732,79732
79735,79735
79736,79736
79737,79737
79738,79738
79739,79739
79740,79740
79741,79741
79742,79742
79743,79743
79744,79744
79745,79745
79746,79746
79747,79747
79748,79748
79749,79749
79750,79750
79751,79751
79752,79752
79753,79753
79754,79754
79755,79755
79756,79756
79757,79757
79758,79758
79759,79759
79761,79761
79762,79762
79763,79763
79764,79764
79765,79765
79766,79766
79767,79767
79768,79768
79769,79769
79770,79770
79771,79771
79772,79772
79773,79773
79774,79774
79775,79775
79776,79776
79777,79777
79778,79778
79779,79779
79780,79780
79781,79781
79782,79782
79783,79783
79784,79784
79785,79785
79786,79786
79788,79788
79789,79789
79790,79790
79791,79791
79792,79792
79793,79793
79794,79794
79796,79796
79797,79797
79798,79798
79799,79799
79800,79800
79801,79801
79802,79802
79803,79803
79804,79804
79805,79805
79806,79806
79808,79808
79810,79810
79811,79811
79812,79812
79813,79813
79814,79814
79815,79815
79816,79816
79818,79818
79820,79820
79821,79821
79822,79822
79823,79823
79825,79825
79826,79826
79827,79827
79828,79828
79829,79829
79830,79830
79831,79831
79832,79832
79833,79833
79834,79834
79835,79835
79836,79836
79838,79838
79841,79841
79842,79842
79843,79843
79844,79844
79845,79845
79846,79846
79847,79847
79848,79848
79849,79849
79850,79850
79851,79851
79852,79852
79853,79853
79856,79856
79857,79857
79858,79858
79859,79859
79861,79861
79869,79869
79870,79870
79875,79875
79876,79876
79877,79877
79878,79878
79879,79879
79880,79880
79881,79881
79882,79882
79883,79883
79884,79884
79885,79885
79886,79886
79887,79887
79888,79888
79889,79889
79890,79890
79891,79891
79892,79892
79893,79893
79894,79894
79895,79895
79896,79896
79897,79897
79898,79898
79899,79899
79900,79900
79901,79901
79902,79902
79903,79903
79904,79904
79905,79905
79906,79906
79907,79907
79908,79908
79909,79909
79910,79910
79911,79911
79912,79912
79913,79913
79914,79914
79916,79916
79918,79918
79919,79919
79920,79920
79921,79921
79922,79922
79923,79923
79924,79924
79925,79925
79926,79926
79927,79927
79928,79928
79929,79929
79930,79930
79931,79931
79932,79932
79934,79934
79935,79935
79936,79936
79937,79937
79939,79939
79940,79940
79941,79941
79943,79943
79944,79944
79945,79945
79946,79946
79947,79947
79948,79948
79949,79949
79952,79952
79953,79953
79957,79957
79958,79958
79959,79959
79960,79960
79961,79961
79962,79962
79964,79964
79965,79965
79966,79966
79967,79967
79968,79968
79969,79969
79970,79970
79971,79971
79972,79972
79973,79973
79974,79974
79975,79975
79976,79976
79977,79977
79981,79981
79982,79982
79983,79983
79984,79984
79985,79985
79986,79986
79987,79987
79988,79988
79989,79989
79990,79990
79991,79991
79992,79992
79993,79993
79994,79994
79996,79996
79997,79997
79999,79999
80000,80000
80002,80002
80003,80003
80004,80004
80005,80005
80006,80006
80007,80007
80008,80008
80009,80009
80010,80010
80011,80011
80012,80012
80013,80013
80014,80014
80015,80015
80016,80016
80017,80017
80018,80018
80019,80019
80020,80020
80021,80021
80022,80022
80023,80023
80024,80024
80025,80025
80026,80026
8002660032591,95917
8002660032607,95631
80027,80027
80028,80028
80029,80029
8002990292092,98290
8002990292139,83438
80030,80030
80031,80031
80032,80032
80033,80033
80035,80035
80036,80036
80039,80039
80040,80040
80041,80041
80042,80042
80043,80043
80044,80044
80050,80050
80051,80051
80052,80052
80054,80054
80055,80055
80056,80056
8005610642529,97311
8005610672243,97216
8005610672304,96232
8005610672427,95889
8005610672489,96739
8005610672540,96231
80057,80057
80060,80060
80061,80061
80062,80062
80065,80065
80066,80066
80067,80067
80068,80068
80070,80070
80071,80071
80072,80072
80075,80075
80076,80076
80078,80078
80079,80079
80080,80080
80081,80081
80082,80082
80083,80083
80085,80085
8008510930529,95461
8008510930543,93866
8008510930550,93318
8008510930680,97542
80087,80087
80088,80088
80089,80089
80090,80090
80091,80091
80092,80092
80099,80099
80101,80101
80113,80113
80114,80114
80124,80124
80128,80128
80129,80129
8012992000199,88437
8012992000410,88998
8012992000434,91079
80131,80131
80133,80133
80134,80134
80135,80135
80136,80136
80140,80140
80141,80141
80146,80146
80147,80147
80148,80148
80149,80149
80150,80150
80151,80151
80152,80152
80153,80153
80154,80154
80156,80156
80157,80157
80158,80158
80159,80159
80160,80160
80161,80161
80162,80162
80163,80163
80164,80164
80165,80165
80166,80166
80167,80167
80168,80168
80170,80170
80171,80171
80172,80172
80173,80173
80174,80174
80175,80175
80176,80176
80177,80177
80178,80178
80179,80179
80180,80180
80181,80181
80182,80182
80183,80183
80184,80184
80185,80185
80186,80186
80187,80187
80188,80188
80189,80189
80190,80190
80191,80191
80192,80192
80193,80193
80194,80194
80195,80195
80196,80196
80197,80197
80198,80198
80199,80199
80200,80200
8020030053311,91242
80201,80201
80202,80202
80203,80203
80204,80204
80205,80205
80206,80206
80207,80207
80208,80208
80209,80209
80210,80210
80211,80211
80212,80212
80213,80213
80214,80214
80217,80217
80221,80221
80222,80222
80223,80223
80224,80224
80230,80230
80232,80232
80233,80233
80236,80236
80237,80237
80238,80238
80239,80239
80240,80240
80241,80241
80242,80242
80243,80243
80244,80244
80245,80245
80246,80246
80252,80252
80253,80253
80254,80254
80255,80255
80256,80256
80257,80257
80258,80258
80259,80259
80261,80261
80262,80262
80263,80263
80265,80265
80266,80266
80268,80268
80269,80269
80270,80270
80273,80273
80274,80274
80275,80275
80276,80276
80278,80278
80279,80279
80280,80280
80281,80281
80282,80282
80283,80283
80284,80284
80285,80285
80286,80286
80287,80287
80290,80290
80291,80291
80292,80292
80293,80293
80296,80296
80297,80297
80298,80298
80299,80299
80300,80300
80303,80303
80305,80305
80307,80307
80308,80308
80309,80309
80310,80310
80311,80311
80312,80312
80313,80313
80314,80314
80315,80315
80316,80316
8031609001459,97708
8031609001466,97956
80317,80317
80318,80318
80319,80319
80321,80321
80322,80322
80323,80323
80325,80325
8032505870095,96901
8032505873102,96900
8032505873119,96899
8032505875717,96904
8032505875724,96905
8032505875731,96902
8032505875748,96903
8032505875762,96906
8032505875779,96909
8032505875786,96910
8032505875793,96907
8032505875809,96908
8032505875830,96911
8032505875847,96916
8032505875854,96917
8032505875861,96914
8032505875878,96915
8032505875885,96912
8032505875892,96918
8032505875908,96913
8032505877025,96919
8032505879401,98014
8032505879494,98013
8032505879517,98012
8032505879562,98011
8032523250343,97047
8032523250428,96898
80326,80326
80327,80327
8032715360522,97055
80328,80328
80329,80329
80330,80330
80331,80331
80332,80332
80333,80333
80334,80334
80335,80335
80336,80336
80338,80338
80339,80339
8033959760437,98227
80341,80341
80343,80343
80345,80345
80346,80346
80347,80347
80348,80348
80350,80350
80351,80351
80352,80352
80353,80353
80355,80355
80356,80356
80357,80357
80358,80358
80359,80359
80360,80360
80361,80361
80362,80362
80363,80363
80365,80365
80366,80366
80367,80367
80368,80368
80369,80369
80370,80370
80371,80371
80372,80372
80373,80373
80374,80374
80375,80375
80376,80376
80378,80378
80382,80382
80383,80383
80385,80385
80386,80386
80387,80387
80388,80388
80389,80389
80390,80390
80391,80391
80392,80392
80393,80393
80394,80394
80396,80396
80397,80397
80398,80398
80399,80399
80400,80400
80401,80401
80402,80402
80403,80403
80404,80404
80405,80405
80406,80406
80407,80407
80408,80408
80409,80409
80410,80410
80411,80411
80412,80412
80413,80413
80414,80414
80415,80415
80416,80416
80417,80417
80419,80419
80421,80421
80422,80422
80423,80423
80424,80424
80425,80425
80426,80426
80427,80427
80429,80429
80431,80431
80432,80432
80433,80433
80434,80434
80435,80435
80437,80437
80438,80438
80443,80443
80445,80445
80446,80446
80447,80447
80448,80448
80449,80449
80450,80450
80451,80451
80452,80452
80453,80453
80454,80454
80455,80455
80456,80456
80457,80457
80459,80459
80460,80460
80462,80462
80463,80463
80464,80464
80465,80465
80467,80467
80470,80470
80472,80472
80473,80473
80474,80474
80475,80475
80476,80476
80477,80477
80478,80478
80479,80479
80480,80480
80481,80481
80482,80482
80483,80483
80484,80484
80486,80486
80487,80487
80488,80488
80489,80489
80490,80490
80491,80491
80492,80492
80494,80494
80495,80495
80496,80496
80497,80497
80498,80498
80499,80499
80501,80501
80502,80502
80503,80503
80504,80504
80505,80505
80506,80506
80507,80507
80508,80508
80509,80509
80510,80510
80511,80511
80512,80512
80513,80513
80514,80514
8051417822800,98700
8051417823807,98703
8051417824804,98706
8051417825801,98698
8051417826808,98701
8051417827805,98704
8051417828802,98699
8051417829809,98702
8051417830805,98705
80515,80515
80516,80516
80517,80517
80518,80518
80519,80519
80520,80520
80521,80521
80522,80522
80523,80523
80524,80524
80525,80525
80526,80526
80527,80527
80528,80528
80529,80529
80530,80530
80531,80531
80533,80533
80538,80538
80539,80539
80540,80540
80542,80542
80543,80543
80545,80545
80546,80546
80547,80547
80548,80548
80549,80549
80550,80550
80552,80552
80553,80553
80554,80554
80555,80555
80556,80556
80557,80557
80558,80558
80559,80559
80560,80560
80561,80561
80562,80562
80564,80564
80565,80565
80566,80566
80567,80567
80568,80568
80569,80569
80571,80571
80572,80572
80573,80573
80574,80574
80575,80575
80578,80578
80579,80579
80581,80581
80582,80582
80585,80585
80586,80586
80587,80587
8058773460097,96291
80588,80588
80590,80590
80592,80592
80593,80593
80594,80594
80595,80595
80596,80596
8059606680903,98010
8059606680996,96903
8059606681009,96908
8059606681016,96915
8059606681047,98418
8059606681061,96904
8059606681078,96909
8059606681085,96916
8059606681191,96902
8059606681207,96907
8059606681214,96914
8059606681238,96905
8059606681245,96910
8059606681252,96917
8059606681290,98417
8059606681337,96906
8059606681344,96911
8059606681351,96918
8059606681399,98419
8059606681405,96912
80597,80597
80598,80598
80599,80599
80600,80600
80601,80601
80602,80602
80603,80603
80604,80604
80605,80605
80606,80606
80607,80607
80610,80610
80611,80611
80612,80612
80613,80613
80614,80614
80615,80615
80616,80616
80617,80617
80618,80618
80619,80619
80620,80620
80621,80621
80622,80622
80623,80623
80624,80624
80625,80625
80626,80626
80627,80627
80628,80628
80629,80629
80630,80630
80631,80631
80632,80632
80633,80633
80634,80634
80635,80635
80636,80636
80637,80637
80638,80638
80639,80639
80640,80640
80641,80641
80642,80642
80643,80643
80644,80644
80645,80645
80646,80646
80647,80647
80648,80648
80649,80649
80650,80650
80651,80651
80652,80652
80653,80653
80654,80654
80655,80655
80656,80656
80657,80657
80658,80658
80659,80659
80660,80660
80661,80661
80662,80662
80663,80663
80664,80664
80665,80665
80666,80666
80668,80668
80669,80669
80670,80670
80671,80671
80674,80674
80675,80675
80676,80676
80677,80677
80678,80678
80679,80679
80681,80681
80682,80682
80683,80683
80684,80684
80685,80685
80687,80687
80688,80688
80689,80689
80691,80691
80692,80692
80693,80693
80695,80695
80698,80698
80705,80705
80706,80706
80707,80707
80709,80709
80711,80711
80712,80712
80713,80713
80714,80714
80715,80715
80716,80716
80718,80718
80719,80719
80720,80720
80721,80721
80722,80722
80723,80723
80724,80724
80725,80725
80726,80726
80728,80728
80730,80730
80731,80731
80732,80732
80733,80733
80734,80734
80735,80735
80736,80736
80737,80737
80738,80738
80739,80739
80740,80740
80741,80741
80742,80742
80743,80743
80744,80744
80746,80746
80748,80748
80749,80749
80750,80750
80751,80751
80752,80752
80753,80753
80754,80754
80755,80755
80758,80758
80764,80764
80765,80765
80766,80766
80767,80767
80768,80768
80769,80769
80771,80771
80772,80772
80773,80773
80774,80774
80775,80775
80776,80776
80777,80777
80778,80778
80779,80779
80780,80780
80781,80781
80782,80782
80783,80783
80784,80784
80785,80785
80786,80786
80787,80787
80788,80788
80789,80789
80790,80790
80791,80791
80792,80792
80793,80793
80794,80794
80795,80795
80796,80796
80797,80797
80798,80798
80799,80799
80800,80800
80801,80801
80802,80802
80803,80803
80804,80804
80805,80805
80806,80806
80808,80808
80809,80809
80810,80810
80811,80811
80812,80812
80813,80813
80814,80814
80815,80815
80816,80816
80817,80817
80818,80818
80819,80819
80820,80820
80821,80821
80822,80822
80823,80823
80824,80824
80825,80825
80826,80826
80829,80829
80830,80830
80831,80831
80832,80832
80833,80833
80834,80834
80835,80835
80836,80836
80837,80837
80838,80838
80839,80839
80840,80840
80842,80842
80843,80843
80844,80844
80846,80846
80847,80847
80848,80848
80849,80849
80850,80850
80851,80851
80852,80852
80853,80853
80854,80854
80855,80855
80856,80856
80857,80857
80858,80858
80859,80859
80860,80860
80861,80861
80862,80862
80863,80863
80864,80864
80865,80865
80866,80866
80867,80867
80868,80868
80869,80869
80870,80870
80871,80871
80872,80872
80873,80873
80874,80874
80875,80875
80877,80877
80878,80878
80879,80879
80880,80880
80881,80881
80882,80882
80883,80883
80884,80884
80885,80885
80886,80886
80887,80887
80888,80888
80889,80889
80890,80890
80891,80891
80892,80892
80893,80893
80895,80895
80896,80896
80897,80897
80898,80898
80899,80899
80900,80900
80901,80901
80902,80902
80903,80903
80904,80904
80905,80905
80906,80906
80908,80908
80909,80909
80910,80910
80911,80911
80923,80923
80924,80924
80926,80926
80927,80927
80928,80928
80929,80929
80930,80930
80931,80931
80932,80932
80933,80933
80934,80934
80935,80935
80936,80936
80937,80937
80938,80938
80939,80939
80940,80940
80941,80941
80942,80942
80943,80943
80944,80944
80945,80945
80946,80946
80947,80947
80948,80948
80949,80949
80950,80950
80951,80951
80952,80952
80953,80953
80954,80954
80955,80955
80956,80956
80957,80957
80958,80958
80959,80959
80960,80960
80961,80961
80962,80962
80963,80963
80964,80964
80965,80965
80966,80966
80967,80967
80968,80968
80969,80969
80970,80970
80971,80971
80972,80972
80973,80973
80974,80974
80975,80975
80977,80977
80978,80978
80979,80979
80980,80980
80981,80981
80982,80982
80986,80986
80987,80987
80988,80988
80989,80989
80990,80990
80995,80995
80996,80996
80997,80997
80998,80998
80999,80999
81000,81000
81004,81004
81005,81005
81007,81007
81009,81009
81010,81010
81011,81011
81013,81013
81014,81014
81015,81015
81016,81016
81020,81020
81021,81021
81022,81022
81023,81023
81024,81024
81025,81025
81026,81026
81027,81027
81029,81029
81030,81030
81031,81031
81032,81032
81034,81034
81035,81035
81037,81037
81038,81038
81039,81039
81040,81040
81041,81041
81042,81042
81043,81043
81044,81044
81045,81045
81046,81046
81047,81047
81048,81048
81050,81050
81051,81051
81052,81052
81053,81053
81054,81054
81055,81055
81056,81056
81058,81058
81059,81059
81060,81060
81061,81061
81062,81062
81063,81063
81064,81064
81065,81065
81066,81066
81067,81067
81068,81068
81070,81070
81071,81071
81072,81072
81073,81073
81074,81074
81075,81075
81076,81076
81077,81077
81078,81078
81079,81079
81081,81081
81085,81085
81086,81086
81088,81088
81089,81089
81091,81091
81092,81092
81093,81093
810946030173,96326
81095,81095
81096,81096
81097,81097
81098,81098
81099,81099
81101,81101
81102,81102
81103,81103
81104,81104
81105,81105
81106,81106
81107,81107
81108,81108
81109,81109
81110,81110
81111,81111
81112,81112
81113,81113
81114,81114
81115,81115
81116,81116
81117,81117
81118,81118
81120,81120
81121,81121
81122,81122
81123,81123
81124,81124
81125,81125
81126,81126
81127,81127
81128,81128
81129,81129
81130,81130
81131,81131
81132,81132
81133,81133
81134,81134
81135,81135
81136,81136
81138,81138
81139,81139
81140,81140
81141,81141
81142,81142
81143,81143
81144,81144
81145,81145
81146,81146
81147,81147
81148,81148
81152,81152
81153,81153
81154,81154
81155,81155
81156,81156
81157,81157
81158,81158
81159,81159
81160,81160
81161,81161
81162,81162
81163,81163
81164,81164
81165,81165
81166,81166
81167,81167
81168,81168
81169,81169
81170,81170
81171,81171
81172,81172
81173,81173
81174,81174
81175,81175
81176,81176
81177,81177
81178,81178
81179,81179
81180,81180
81181,81181
81182,81182
81183,81183
81184,81184
81185,81185
81186,81186
81187,81187
81188,81188
81190,81190
81191,81191
81192,81192
81193,81193
81194,81194
81195,81195
81196,81196
81197,81197
81198,81198
81199,81199
81200,81200
81201,81201
81203,81203
81204,81204
81205,81205
81206,81206
81207,81207
81208,81208
81209,81209
81210,81210
81211,81211
81212,81212
81213,81213
81214,81214
81215,81215
81216,81216
81217,81217
81218,81218
81219,81219
81221,81221
81222,81222
81223,81223
81224,81224
81225,81225
81226,81226
81227,81227
81230,81230
81231,81231
81232,81232
81233,81233
81234,81234
81235,81235
81236,81236
81237,81237
81238,81238
81240,81240
81241,81241
81242,81242
81244,81244
81245,81245
81246,81246
81247,81247
81252,81252
81253,81253
81256,81256
81257,81257
81259,81259
81261,81261
81262,81262
81263,81263
81265,81265
81266,81266
81267,81267
81269,81269
81270,81270
81271,81271
81272,81272
81273,81273
81274,81274
81275,81275
81276,81276
81277,81277
81279,81279
81280,81280
81281,81281
81282,81282
81283,81283
81284,81284
81285,81285
81286,81286
81287,81287
81288,81288
81289,81289
81290,81290
81291,81291
81292,81292
81293,81293
81294,81294
81295,81295
81296,81296
81297,81297
81298,81298
81299,81299
81300,81300
81301,81301
81302,81302
81304,81304
81305,81305
81306,81306
81307,81307
81308,81308
81310,81310
81314,81314
81315,81315
81316,81316
81317,81317
81318,81318
81319,81319
81320,81320
81322,81322
81324,81324
81325,81325
81326,81326
81327,81327
81328,81328
81329,81329
81330,81330
81331,81331
81333,81333
81334,81334
81335,81335
81338,81338
81339,81339
81341,81341
81342,81342
81343,81343
81344,81344
81346,81346
81349,81349
81350,81350
81351,81351
81352,81352
81353,81353
81354,81354
81355,81355
81356,81356
81357,81357
81358,81358
81359,81359
81360,81360
81361,81361
81362,81362
81363,81363
81364,81364
81366,81366
81367,81367
81370,81370
81371,81371
81372,81372
81375,81375
81376,81376
81377,81377
81378,81378
81379,81379
81381,81381
81382,81382
81385,81385
81386,81386
81387,81387
81388,81388
81389,81389
81390,81390
81391,81391
81392,81392
81393,81393
81394,81394
81395,81395
81398,81398
81399,81399
81407,81407
81410,81410
81411,81411
81412,81412
81413,81413
81414,81414
81415,81415
81416,81416
81417,81417
81418,81418
81419,81419
81422,81422
81423,81423
81424,81424
81425,81425
81426,81426
81427,81427
81428,81428
81429,81429
81430,81430
81431,81431
81432,81432
81433,81433
81434,81434
81435,81435
81436,81436
81437,81437
81438,81438
81439,81439
81440,81440
81441,81441
81442,81442
81443,81443
81444,81444
81445,81445
81446,81446
81447,81447
81448,81448
81449,81449
81450,81450
81451,81451
81452,81452
81453,81453
81454,81454
81455,81455
81456,81456
81457,81457
81458,81458
81460,81460
81461,81461
81462,81462
81463,81463
81464,81464
81465,81465
81466,81466
81467,81467
81468,81468
81469,81469
81470,81470
81472,81472
81473,81473
81475,81475
81476,81476
81477,81477
81478,81478
81479,81479
81480,81480
81481,81481
81482,81482
81484,81484
81486,81486
81488,81488
81489,81489
81490,81490
81491,81491
81492,81492
81493,81493
81494,81494
81495,81495
81496,81496
81497,81497
81498,81498
81499,81499
81500,81500
81501,81501
81502,81502
81503,81503
81504,81504
81505,81505
81506,81506
81507,81507
81508,81508
81509,81509
81510,81510
81511,81511
81512,81512
81513,81513
81514,81514
81515,81515
81516,81516
81517,81517
81518,81518
81519,81519
81520,81520
81521,81521
81522,81522
81523,81523
81524,81524
81525,81525
81526,81526
81527,81527
81528,81528
81529,81529
81530,81530
81531,81531
81532,81532
81533,81533
81534,81534
81535,81535
81536,81536
81537,81537
81538,81538
81539,81539
81540,81540
81541,81541
81542,81542
81543,81543
81544,81544
81545,81545
81546,81546
81547,81547
81548,81548
81549,81549
81550,81550
81551,81551
81552,81552
81553,81553
81554,81554
81555,81555
81556,81556
81557,81557
81558,81558
81559,81559
81560,81560
81562,81562
81563,81563
81564,81564
81565,81565
81566,81566
81567,81567
81569,81569
81570,81570
81571,81571
81572,81572
81573,81573
81574,81574
81575,81575
81576,81576
81577,81577
81578,81578
81579,81579
81580,81580
81581,81581
81582,81582
81584,81584
81585,81585
81586,81586
81587,81587
81588,81588
81589,81589
81590,81590
81591,81591
81592,81592
81593,81593
81594,81594
81595,81595
81596,81596
81597,81597
81598,81598
81599,81599
81600,81600
81601,81601
81602,81602
81603,81603
81604,81604
81605,81605
81606,81606
81607,81607
81608,81608
81609,81609
81610,81610
81611,81611
81612,81612
81613,81613
81614,81614
81615,81615
81616,81616
81617,81617
81618,81618
81619,81619
81620,81620
81621,81621
81622,81622
81625,81625
81626,81626
81627,81627
81628,81628
81630,81630
81632,81632
81633,81633
81634,81634
816378020690,98722
816378022502,98721
81640,81640
81641,81641
81642,81642
81644,81644
81645,81645
81646,81646
81647,81647
81648,81648
81649,81649
81650,81650
81651,81651
81652,81652
81653,81653
81654,81654
81656,81656
81657,81657
81658,81658
81659,81659
81660,81660
81661,81661
81663,81663
81664,81664
81665,81665
81666,81666
81668,81668
81669,81669
81670,81670
81671,81671
81672,81672
81673,81673
81674,81674
81675,81675
81676,81676
81677,81677
81680,81680
81681,81681
81682,81682
81683,81683
81685,81685
81686,81686
81687,81687
81688,81688
81689,81689
81690,81690
81691,81691
81693,81693
81694,81694
81695,81695
81696,81696
81697,81697
81698,81698
81699,81699
81700,81700
81701,81701
81702,81702
81703,81703
81704,81704
81706,81706
81707,81707
81708,81708
81710,81710
81711,81711
81712,81712
81714,81714
81715,81715
81716,81716
81717,81717
81718,81718
81719,81719
81720,81720
81721,81721
81722,81722
81723,81723
81724,81724
81726,81726
81727,81727
81728,81728
81729,81729
81730,81730
81731,81731
81732,81732
81733,81733
81734,81734
81735,81735
81736,81736
81737,81737
81738,81738
81739,81739
81740,81740
81741,81741
81742,81742
81743,81743
817432015591,92850
81744,81744
81745,81745
81746,81746
81747,81747
81748,81748
81749,81749
81750,81750
81751,81751
81752,81752
81753,81753
81754,81754
81755,81755
81756,81756
81757,81757
81758,81758
81759,81759
81760,81760
81761,81761
81762,81762
81763,81763
81764,81764
81765,81765
81766,81766
81767,81767
81768,81768
81769,81769
81770,81770
81771,81771
81772,81772
81773,81773
81774,81774
81775,81775
81776,81776
81777,81777
81778,81778
81779,81779
81780,81780
81781,81781
81782,81782
81783,81783
81784,81784
81785,81785
81786,81786
81787,81787
81788,81788
81789,81789
81790,81790
81791,81791
81792,81792
81793,81793
81794,81794
81795,81795
81796,81796
81797,81797
81798,81798
81799,81799
81800,81800
81801,81801
81802,81802
81803,81803
81804,81804
81805,81805
81806,81806
81807,81807
81808,81808
81810,81810
81811,81811
81812,81812
81813,81813
81817,81817
81818,81818
81819,81819
81820,81820
81821,81821
81822,81822
81823,81823
81824,81824
81825,81825
81826,81826
81827,81827
81828,81828
81829,81829
81830,81830
81831,81831
81832,81832
81833,81833
81834,81834
81835,81835
81837,81837
81838,81838
81840,81840
81841,81841
81842,81842
81843,81843
81844,81844
81845,81845
81846,81846
81847,81847
81848,81848
81850,81850
81851,81851
81853,81853
81854,81854
81855,81855
81856,81856
81857,81857
81858,81858
81859,81859
81860,81860
81861,81861
81862,81862
818625020477,94678
818625020507,94388
818625020514,91740
818625020620,94681
818625020699,94459
818625020705,95238
818625020729,93703
818625020736,95606
818625020842,94545
818625020859,95409
818625020866,95132
818625020880,92785
818625020910,94387
818625020965,94542
818625021047,91642
818625021061,91879
818625021108,95133
818625021115,94680
818625021122,92784
818625021436,95881
818625021528,94909
818625021672,92009
818625021696,94459
818625021702,91744
818625021726,95929
818625021733,96359
818625021986,95771
818625022402,97060
818625023713,97669
818625023737,94909
818625023836,94908
818625024123,96399
818625024130,94388
818625024147,94679
818625024314,96584
818625024338,91673
818625024345,96701
818625024352,96685
818625024376,95133
818625024383,96684
818625024390,93703
818625024444,94459
818625024451,96746
818625024475,94545
818625024482,97287
818625024512,97889
818625024529,97801
818625024536,96359
818625024543,95238
818625024574,92785
818625024598,95771
818625024604,98654
818625024628,92461
818625024635,95606
818625024673,97860
818625024734,96358
818625024772,97035
818625024789,95929
818625024796,95881
818625025144,97036
818625025212,97747
818625025878,97840
818625026097,98167
818625026103,98861
818625026219,98140
818625026868,98751
818625026905,96358
818625026943,96746
818625027278,98909
818625028206,97235
81863,81863
81864,81864
81866,81866
81867,81867
81869,81869
81870,81870
81871,81871
81872,81872
81873,81873
81874,81874
81875,81875
81876,81876
81877,81877
81878,81878
81879,81879
81880,81880
81881,81881
81882,81882
81883,81883
81884,81884
81885,81885
81886,81886
81887,81887
81888,81888
81889,81889
81890,81890
81891,81891
81892,81892
81893,81893
81894,81894
81895,81895
81896,81896
81897,81897
81898,81898
81899,81899
81900,81900
81901,81901
81905,81905
81906,81906
81907,81907
81908,81908
81909,81909
81912,81912
81913,81913
81914,81914
81915,81915
81916,81916
81917,81917
81918,81918
81919,81919
81920,81920
81921,81921
81922,81922
81923,81923
81924,81924
81925,81925
81926,81926
81927,81927
81928,81928
81929,81929
81930,81930
81931,81931
81932,81932
81933,81933
81934,81934
81935,81935
81936,81936
81937,81937
81938,81938
81939,81939
81940,81940
81941,81941
81942,81942
81943,81943
81944,81944
81945,81945
81946,81946
81947,81947
81948,81948
81949,81949
81950,81950
81951,81951
81952,81952
81953,81953
81954,81954
81955,81955
81956,81956
81957,81957
81958,81958
81960,81960
81961,81961
81962,81962
81963,81963
81964,81964
81965,81965
81966,81966
81967,81967
81968,81968
81969,81969
81970,81970
81971,81971
81972,81972
81973,81973
81974,81974
81976,81976
81977,81977
81978,81978
81982,81982
81983,81983
81985,81985
81986,81986
81987,81987
81989,81989
81990,81990
81991,81991
81993,81993
81994,81994
81995,81995
81996,81996
81997,81997
81998,81998
81999,81999
82000,82000
82001,82001
82002,82002
82003,82003
82004,82004
82005,82005
82006,82006
82007,82007
82008,82008
82009,82009
82010,82010
82011,82011
82012,82012
82013,82013
82014,82014
82015,82015
82016,82016
82017,82017
82018,82018
82019,82019
82020,82020
82021,82021
82022,82022
82023,82023
82024,82024
82025,82025
82026,82026
82027,82027
82028,82028
82029,82029
82030,82030
82031,82031
82032,82032
82033,82033
82034,82034
82035,82035
82036,82036
82037,82037
82038,82038
82039,82039
82040,82040
82041,82041
82042,82042
82044,82044
82045,82045
82047,82047
82048,82048
82049,82049
82050,82050
82051,82051
82052,82052
82053,82053
82054,82054
82055,82055
82056,82056
82057,82057
82058,82058
82059,82059
82061,82061
82062,82062
82063,82063
82064,82064
82065,82065
82066,82066
82067,82067
82068,82068
82069,82069
82070,82070
82071,82071
82072,82072
82073,82073
82074,82074
82075,82075
82076,82076
82077,82077
82078,82078
82079,82079
82080,82080
82081,82081
82082,82082
82083,82083
82084,82084
82085,82085
82086,82086
82087,82087
82088,82088
82089,82089
82090,82090
82091,82091
82092,82092
82093,82093
82094,82094
82095,82095
82096,82096
82097,82097
82098,82098
82099,82099
82100,82100
82101,82101
82102,82102
82103,82103
82104,82104
82105,82105
82106,82106
82107,82107
82108,82108
82110,82110
82111,82111
82112,82112
82113,82113
82115,82115
82116,82116
82117,82117
82118,82118
82122,82122
82123,82123
82124,82124
82126,82126
82127,82127
82128,82128
82129,82129
82130,82130
82131,82131
82133,82133
82135,82135
82136,82136
82137,82137
82138,82138
82140,82140
82141,82141
82142,82142
82143,82143
82144,82144
82145,82145
82146,82146
82147,82147
82148,82148
82149,82149
82150,82150
82151,82151
82152,82152
82153,82153
82154,82154
82155,82155
82156,82156
82157,82157
82158,82158
82159,82159
82160,82160
82161,82161
82163,82163
82164,82164
82165,82165
82167,82167
82168,82168
82169,82169
82170,82170
82171,82171
82172,82172
82173,82173
82174,82174
82175,82175
82176,82176
82177,82177
82178,82178
82179,82179
82180,82180
82181,82181
82182,82182
82183,82183
82184,82184
82185,82185
82186,82186
82187,82187
82188,82188
82189,82189
82190,82190
82191,82191
82192,82192
82193,82193
82194,82194
82195,82195
82196,82196
82197,82197
82198,82198
82199,82199
82200,82200
82201,82201
82202,82202
82203,82203
82204,82204
82205,82205
82206,82206
82207,82207
82208,82208
82212,82212
82213,82213
82214,82214
82217,82217
82218,82218
82219,82219
82220,82220
82221,82221
82222,82222
82223,82223
82224,82224
82225,82225
82226,82226
82227,82227
82228,82228
82229,82229
82234,82234
82238,82238
82239,82239
82240,82240
82241,82241
82242,82242
82243,82243
82244,82244
82245,82245
82246,82246
82247,82247
82248,82248
82249,82249
82250,82250
82251,82251
82252,82252
82253,82253
82254,82254
82255,82255
82256,82256
82257,82257
82258,82258
82259,82259
82261,82261
82262,82262
82264,82264
82265,82265
82266,82266
82267,82267
82268,82268
82272,82272
82273,82273
82274,82274
82275,82275
82276,82276
82277,82277
82278,82278
82281,82281
82285,82285
82286,82286
82287,82287
82288,82288
82289,82289
82290,82290
82291,82291
82292,82292
82293,82293
82295,82295
82296,82296
82299,82299
82300,82300
82303,82303
82305,82305
82306,82306
82307,82307
82309,82309
82310,82310
82311,82311
82312,82312
82313,82313
82314,82314
82315,82315
82316,82316
82317,82317
82318,82318
82319,82319
82321,82321
82323,82323
82324,82324
82325,82325
82326,82326
82327,82327
82328,82328
82329,82329
82330,82330
82332,82332
82333,82333
82337,82337
82344,82344
82345,82345
82346,82346
82347,82347
82348,82348
82349,82349
82350,82350
82351,82351
82352,82352
82353,82353
82356,82356
82357,82357
82359,82359
82360,82360
82362,82362
82363,82363
82364,82364
82365,82365
82366,82366
82367,82367
82368,82368
82371,82371
82373,82373
82374,82374
82375,82375
82376,82376
82377,82377
82378,82378
82379,82379
82380,82380
82381,82381
82382,82382
82383,82383
82384,82384
82385,82385
82388,82388
82389,82389
82390,82390
82391,82391
82392,82392
82393,82393
82395,82395
82397,82397
82398,82398
82399,82399
82400,82400
82401,82401
82402,82402
82403,82403
82404,82404
82405,82405
82406,82406
82408,82408
82409,82409
82410,82410
82411,82411
82412,82412
82413,82413
82415,82415
82416,82416
82418,82418
82419,82419
82420,82420
82421,82421
82422,82422
82423,82423
82424,82424
82425,82425
82426,82426
82427,82427
82428,82428
82430,82430
82431,82431
82432,82432
82433,82433
82434,82434
82435,82435
82436,82436
82437,82437
82438,82438
82439,82439
82440,82440
82441,82441
82442,82442
82443,82443
82444,82444
82445,82445
82447,82447
82448,82448
82449,82449
82450,82450
82451,82451
82452,82452
82453,82453
82454,82454
82455,82455
82456,82456
82457,82457
82458,82458
82460,82460
82461,82461
82462,82462
82463,82463
82464,82464
82465,82465
82466,82466
82467,82467
82468,82468
82469,82469
82470,82470
82471,82471
82472,82472
82474,82474
82475,82475
82477,82477
82478,82478
82479,82479
82480,82480
82481,82481
82482,82482
82483,82483
82484,82484
82485,82485
82488,82488
82489,82489
82491,82491
82492,82492
82493,82493
82494,82494
82495,82495
82496,82496
82497,82497
82498,82498
82499,82499
82500,82500
82504,82504
82506,82506
82507,82507
82509,82509
82511,82511
82513,82513
82514,82514
82515,82515
82516,82516
82517,82517
82518,82518
82519,82519
82520,82520
82521,82521
82528,82528
82530,82530
82531,82531
82532,82532
82533,82533
82535,82535
82536,82536
82538,82538
82539,82539
82540,82540
82541,82541
82542,82542
82543,82543
82544,82544
82545,82545
82546,82546
82547,82547
82548,82548
82549,82549
82550,82550
82552,82552
82553,82553
82554,82554
82555,82555
82556,82556
82557,82557
82558,82558
82559,82559
82560,82560
82561,82561
82562,82562
82563,82563
82564,82564
82565,82565
82566,82566
82567,82567
82568,82568
82569,82569
82573,82573
82574,82574
82575,82575
82576,82576
82577,82577
82578,82578
82579,82579
82580,82580
82581,82581
82582,82582
82583,82583
82585,82585
82586,82586
82587,82587
82588,82588
82589,82589
82590,82590
82591,82591
82592,82592
82593,82593
82594,82594
82595,82595
82596,82596
82597,82597
82599,82599
82600,82600
82601,82601
82602,82602
82603,82603
82609,82609
82610,82610
82611,82611
82612,82612
82613,82613
82614,82614
82615,82615
82617,82617
82619,82619
82621,82621
82622,82622
82623,82623
82624,82624
82625,82625
82627,82627
82629,82629
82630,82630
82631,82631
82632,82632
82636,82636
82637,82637
82641,82641
82642,82642
82646,82646
82648,82648
82649,82649
82650,82650
82651,82651
82652,82652
82653,82653
82654,82654
82655,82655
82656,82656
82657,82657
82658,82658
82659,82659
82660,82660
82661,82661
82662,82662
82663,82663
82664,82664
82665,82665
82666,82666
82667,82667
82668,82668
82669,82669
82670,82670
82671,82671
82672,82672
82673,82673
82674,82674
82675,82675
82676,82676
82677,82677
82678,82678
82679,82679
82680,82680
82681,82681
82682,82682
82683,82683
82684,82684
82685,82685
82686,82686
82687,82687
82688,82688
82689,82689
82690,82690
82691,82691
82692,82692
82693,82693
82694,82694
82695,82695
82696,82696
82697,82697
82698,82698
82699,82699
82700,82700
82701,82701
82702,82702
82703,82703
82704,82704
82705,82705
82706,82706
82707,82707
82708,82708
82709,82709
82710,82710
82714,82714
82715,82715
82717,82717
82718,82718
82719,82719
82720,82720
82721,82721
82723,82723
82724,82724
82725,82725
82726,82726
82727,82727
82728,82728
82729,82729
82730,82730
82731,82731
82733,82733
82734,82734
82735,82735
82736,82736
82737,82737
82738,82738
82739,82739
82740,82740
82741,82741
82742,82742
82743,82743
82744,82744
82745,82745
82746,82746
82747,82747
82748,82748
82749,82749
82750,82750
82751,82751
82752,82752
82753,82753
82754,82754
82755,82755
82756,82756
82757,82757
82758,82758
82759,82759
82760,82760
82761,82761
82762,82762
82763,82763
82764,82764
82765,82765
82766,82766
82767,82767
82768,82768
82769,82769
82770,82770
82771,82771
82772,82772
82773,82773
82774,82774
82775,82775
827755070023,87542
827755070054,64698
82776,82776
82778,82778
82779,82779
82780,82780
82781,82781
82782,82782
82783,82783
82784,82784
82785,82785
82786,82786
82788,82788
82789,82789
82790,82790
82791,82791
82792,82792
82793,82793
82794,82794
82795,82795
82796,82796
82797,82797
82798,82798
82799,82799
82800,82800
82801,82801
82802,82802
82803,82803
82804,82804
82805,82805
82806,82806
82807,82807
82808,82808
82809,82809
82810,82810
82811,82811
82812,82812
82813,82813
82814,82814
82815,82815
82816,82816
82817,82817
82818,82818
82819,82819
82820,82820
82821,82821
82822,82822
82823,82823
82824,82824
82825,82825
82826,82826
82827,82827
82828,82828
82829,82829
82830,82830
82831,82831
82832,82832
82833,82833
82834,82834
82835,82835
82843,82843
82845,82845
82846,82846
82847,82847
82848,82848
82849,82849
82850,82850
82851,82851
82852,82852
82853,82853
82854,82854
82856,82856
82857,82857
82858,82858
82859,82859
82860,82860
82861,82861
82862,82862
82863,82863
82864,82864
82865,82865
82866,82866
82867,82867
82868,82868
82869,82869
82870,82870
82871,82871
82872,82872
82875,82875
82876,82876
82877,82877
82878,82878
82879,82879
82880,82880
82881,82881
82882,82882
82883,82883
82884,82884
82887,82887
82888,82888
82889,82889
82890,82890
82892,82892
82893,82893
82894,82894
82896,82896
82897,82897
82898,82898
82899,82899
82900,82900
82903,82903
82904,82904
82905,82905
82906,82906
82907,82907
82908,82908
82909,82909
82910,82910
82911,82911
82912,82912
82913,82913
82914,82914
82915,82915
82916,82916
82917,82917
82918,82918
82919,82919
82920,82920
82921,82921
82922,82922
82923,82923
82924,82924
82925,82925
82926,82926
82927,82927
82928,82928
82929,82929
82930,82930
82931,82931
82932,82932
82934,82934
82935,82935
82936,82936
82937,82937
82938,82938
82939,82939
82940,82940
82941,82941
82942,82942
82943,82943
82946,82946
82947,82947
82948,82948
82950,82950
82951,82951
82952,82952
82953,82953
82954,82954
82955,82955
82956,82956
82958,82958
82959,82959
82960,82960
82961,82961
82962,82962
82963,82963
82964,82964
82965,82965
82966,82966
82968,82968
82969,82969
82970,82970
82972,82972
82975,82975
82976,82976
82977,82977
82978,82978
82981,82981
82982,82982
82983,82983
82986,82986
82987,82987
82988,82988
82989,82989
82990,82990
82991,82991
82992,82992
82993,82993
82994,82994
82995,82995
82996,82996
82997,82997
82998,82998
83000,83000
83001,83001
83002,83002
83003,83003
83004,83004
83005,83005
83006,83006
83007,83007
83008,83008
83009,83009
83010,83010
83011,83011
83015,83015
83016,83016
83018,83018
83019,83019
83020,83020
83021,83021
83022,83022
83023,83023
83024,83024
83025,83025
83026,83026
83027,83027
83028,83028
83029,83029
83031,83031
83032,83032
83033,83033
83034,83034
83036,83036
83037,83037
83038,83038
83039,83039
83040,83040
83041,83041
83042,83042
83043,83043
83044,83044
83045,83045
83046,83046
83047,83047
83048,83048
83049,83049
83054,83054
83055,83055
83056,83056
83058,83058
83059,83059
83060,83060
83061,83061
83062,83062
83063,83063
83064,83064
83065,83065
83066,83066
83067,83067
83068,83068
83070,83070
83071,83071
83072,83072
83073,83073
83074,83074
83075,83075
83076,83076
83077,83077
83078,83078
83079,83079
83080,83080
83081,83081
83082,83082
83083,83083
83084,83084
83085,83085
83086,83086
83087,83087
83088,83088
83089,83089
83091,83091
83092,83092
83093,83093
83094,83094
83095,83095
83096,83096
83097,83097
83098,83098
83099,83099
83100,83100
83101,83101
83102,83102
83104,83104
83105,83105
83106,83106
83107,83107
83108,83108
83109,83109
83110,83110
83111,83111
83112,83112
83113,83113
83114,83114
83115,83115
83116,83116
83117,83117
83118,83118
83119,83119
83120,83120
83121,83121
83122,83122
83123,83123
83124,83124
83125,83125
83126,83126
83127,83127
83128,83128
83129,83129
83130,83130
83131,83131
83132,83132
83133,83133
83134,83134
83135,83135
83136,83136
83137,83137
83138,83138
83139,83139
83140,83140
83141,83141
83142,83142
83143,83143
83144,83144
83145,83145
83146,83146
83147,83147
83148,83148
83149,83149
83150,83150
83151,83151
83157,83157
83158,83158
83159,83159
83160,83160
83161,83161
83162,83162
83163,83163
83164,83164
83165,83165
83167,83167
83169,83169
83170,83170
83171,83171
83172,83172
83174,83174
83175,83175
83176,83176
83177,83177
83178,83178
83179,83179
83180,83180
83181,83181
83182,83182
83183,83183
83184,83184
83185,83185
83186,83186
83187,83187
83188,83188
83189,83189
83191,83191
83192,83192
83193,83193
83194,83194
83195,83195
83197,83197
83198,83198
83199,83199
83200,83200
83201,83201
83202,83202
83203,83203
83204,83204
83206,83206
83207,83207
83208,83208
83209,83209
83211,83211
83212,83212
83216,83216
83217,83217
83218,83218
83220,83220
83221,83221
83222,83222
83223,83223
83224,83224
83225,83225
83226,83226
83227,83227
83228,83228
83229,83229
83232,83232
83233,83233
83234,83234
83235,83235
83236,83236
83238,83238
83239,83239
83240,83240
83241,83241
83242,83242
83243,83243
832436000442,93569
832436000770,94908
832436004013,91973
832436004020,91743
832436005058,91678
832436005157,91878
832436005171,91642
832436006147,91676
832436006383,91879
832436006499,91635
832436006864,92009
832436006956,92621
832436006970,91643
832436006994,91634
832436007113,91740
832436007144,91741
832436007212,91675
832436008752,92782
832436008899,92786
832436009018,93703
832436009315,91742
832436009551,93702
832436009773,92783
83244,83244
83245,83245
83248,83248
83249,83249
83251,83251
83252,83252
83253,83253
83254,83254
83255,83255
83256,83256
83257,83257
83258,83258
83259,83259
83261,83261
83262,83262
83263,83263
83264,83264
83265,83265
83266,83266
83267,83267
83268,83268
83269,83269
83270,83270
83271,83271
83272,83272
83273,83273
83274,83274
83275,83275
83276,83276
83277,83277
83278,83278
83279,83279
83280,83280
83281,83281
83282,83282
83283,83283
83284,83284
83285,83285
83286,83286
83287,83287
83288,83288
83289,83289
83290,83290
83291,83291
83294,83294
83295,83295
83297,83297
83299,83299
83300,83300
83301,83301
83302,83302
83303,83303
83304,83304
83305,83305
83306,83306
83307,83307
83308,83308
83309,83309
83310,83310
83311,83311
83312,83312
83313,83313
83314,83314
83315,83315
83317,83317
83318,83318
83319,83319
83320,83320
83321,83321
83322,83322
83323,83323
83324,83324
83325,83325
83326,83326
83327,83327
83328,83328
83329,83329
83330,83330
83331,83331
83332,83332
83333,83333
83334,83334
83335,83335
83336,83336
83337,83337
83338,83338
83339,83339
83340,83340
83341,83341
83342,83342
83343,83343
83344,83344
83345,83345
83346,83346
83347,83347
83351,83351
83352,83352
83353,83353
83355,83355
83358,83358
83361,83361
83362,83362
83363,83363
83364,83364
83365,83365
83366,83366
83367,83367
83368,83368
83369,83369
83370,83370
83371,83371
83372,83372
83373,83373
83374,83374
83375,83375
83376,83376
83377,83377
83378,83378
83379,83379
83380,83380
83381,83381
83382,83382
83383,83383
83384,83384
83385,83385
83386,83386
83389,83389
83390,83390
83391,83391
83392,83392
83393,83393
83394,83394
83395,83395
83396,83396
83397,83397
83400,83400
83401,83401
83402,83402
83403,83403
83404,83404
83405,83405
83407,83407
83408,83408
83411,83411
83412,83412
83413,83413
83414,83414
83415,83415
83416,83416
83417,83417
83418,83418
83419,83419
83420,83420
83421,83421
83422,83422
83423,83423
83424,83424
83425,83425
83426,83426
83427,83427
83428,83428
83429,83429
83430,83430
83431,83431
83432,83432
83433,83433
83435,83435
83436,83436
83437,83437
83438,83438
83442,83442
83443,83443
83444,83444
83445,83445
83446,83446
83447,83447
83448,83448
83449,83449
83450,83450
83451,83451
83452,83452
83453,83453
83454,83454
83455,83455
83456,83456
83457,83457
83458,83458
83459,83459
83460,83460
83461,83461
83462,83462
83464,83464
83465,83465
83466,83466
83467,83467
83468,83468
83470,83470
83471,83471
83472,83472
83473,83473
83474,83474
83475,83475
83476,83476
83477,83477
83479,83479
83480,83480
83481,83481
83482,83482
83483,83483
83484,83484
83485,83485
83486,83486
83487,83487
83488,83488
83489,83489
83490,83490
83491,83491
83493,83493
83494,83494
83495,83495
83496,83496
83497,83497
83498,83498
83499,83499
83500,83500
83501,83501
83502,83502
83503,83503
83504,83504
83505,83505
83506,83506
83507,83507
83508,83508
83510,83510
83511,83511
83512,83512
83513,83513
83514,83514
83516,83516
83517,83517
83519,83519
83520,83520
83521,83521
83522,83522
83523,83523
83524,83524
83525,83525
83526,83526
83527,83527
83528,83528
83529,83529
83530,83530
83531,83531
83532,83532
83533,83533
83534,83534
83535,83535
83536,83536
83537,83537
83538,83538
83539,83539
83540,83540
83541,83541
83542,83542
83543,83543
83544,83544
83545,83545
83546,83546
83547,83547
83548,83548
83549,83549
83550,83550
83551,83551
83553,83553
83554,83554
83555,83555
83556,83556
83558,83558
83559,83559
83561,83561
83562,83562
83563,83563
83564,83564
83565,83565
83566,83566
83567,83567
83568,83568
83569,83569
83570,83570
83571,83571
83572,83572
83573,83573
83574,83574
83575,83575
83576,83576
83577,83577
83578,83578
83579,83579
83580,83580
83581,83581
83584,83584
83586,83586
83587,83587
83588,83588
83589,83589
83590,83590
83591,83591
83592,83592
83593,83593
83594,83594
83595,83595
83597,83597
83598,83598
83599,83599
83600,83600
83601,83601
83602,83602
83603,83603
83605,83605
83607,83607
83608,83608
83609,83609
83610,83610
83611,83611
83612,83612
83613,83613
83614,83614
83615,83615
83616,83616
83617,83617
83618,83618
83619,83619
83620,83620
83621,83621
83622,83622
83623,83623
83624,83624
83625,83625
83626,83626
83627,83627
83628,83628
83629,83629
83630,83630
83631,83631
83632,83632
83633,83633
83634,83634
83635,83635
83636,83636
83637,83637
83638,83638
83640,83640
83641,83641
83642,83642
83643,83643
83644,83644
83645,83645
83646,83646
83647,83647
83648,83648
83649,83649
83650,83650
83651,83651
83652,83652
83653,83653
83654,83654
83655,83655
83658,83658
83659,83659
83660,83660
83662,83662
83663,83663
83665,83665
83666,83666
83667,83667
83669,83669
83670,83670
83671,83671
83672,83672
83675,83675
83676,83676
83677,83677
83678,83678
83679,83679
83680,83680
83681,83681
83682,83682
83683,83683
83684,83684
83685,83685
83686,83686
83687,83687
83688,83688
83692,83692
83693,83693
83694,83694
83695,83695
83696,83696
83697,83697
83698,83698
83699,83699
83700,83700
83701,83701
83702,83702
83703,83703
83704,83704
83705,83705
83706,83706
83707,83707
83708,83708
83709,83709
83710,83710
83711,83711
83712,83712
83713,83713
83714,83714
83715,83715
83716,83716
83717,83717
83718,83718
83719,83719
83720,83720
83721,83721
83722,83722
83723,83723
83724,83724
83725,83725
83726,83726
83727,83727
83728,83728
83729,83729
83730,83730
83731,83731
83732,83732
83733,83733
83734,83734
83735,83735
83736,83736
83737,83737
83738,83738
83739,83739
83740,83740
83741,83741
83742,83742
83743,83743
83745,83745
83748,83748
83749,83749
83750,83750
83751,83751
83752,83752
83753,83753
83754,83754
83755,83755
83756,83756
83757,83757
83758,83758
83761,83761
83762,83762
83763,83763
83764,83764
83765,83765
837654405475,94099
83766,83766
83767,83767
83769,83769
83770,83770
83771,83771
83772,83772
83773,83773
83775,83775
83776,83776
83778,83778
83779,83779
83780,83780
83781,83781
83782,83782
83783,83783
83784,83784
83785,83785
83786,83786
83787,83787
83788,83788
83789,83789
83790,83790
83791,83791
83792,83792
83793,83793
83794,83794
83795,83795
83796,83796
83797,83797
83799,83799
83800,83800
83801,83801
83802,83802
83803,83803
83804,83804
83806,83806
83807,83807
83808,83808
83809,83809
83810,83810
83811,83811
83812,83812
83813,83813
83814,83814
83815,83815
83816,83816
83817,83817
83818,83818
83819,83819
83820,83820
83821,83821
83822,83822
83823,83823
83824,83824
83825,83825
83826,83826
83827,83827
83828,83828
83829,83829
83830,83830
83831,83831
83832,83832
83833,83833
83834,83834
83835,83835
83836,83836
83837,83837
83838,83838
83839,83839
83840,83840
83841,83841
83843,83843
83844,83844
83845,83845
83846,83846
83847,83847
83848,83848
83849,83849
83850,83850
83851,83851
83852,83852
83853,83853
83854,83854
83855,83855
83856,83856
83857,83857
83858,83858
83859,83859
83860,83860
83861,83861
83862,83862
83865,83865
83866,83866
83867,83867
83868,83868
83869,83869
83870,83870
83871,83871
83872,83872
83873,83873
83874,83874
83876,83876
83877,83877
83878,83878
83879,83879
83880,83880
83881,83881
83882,83882
83883,83883
83884,83884
83885,83885
83886,83886
83887,83887
83888,83888
83889,83889
83890,83890
83891,83891
83892,83892
83893,83893
83894,83894
83895,83895
83896,83896
83897,83897
83898,83898
83899,83899
83900,83900
83901,83901
83902,83902
83905,83905
83906,83906
83907,83907
83908,83908
83910,83910
83911,83911
83912,83912
83914,83914
83916,83916
83917,83917
83919,83919
83920,83920
83921,83921
83922,83922
83923,83923
83925,83925
83926,83926
83927,83927
83928,83928
83929,83929
83931,83931
83932,83932
83933,83933
83934,83934
83937,83937
83938,83938
83939,83939
83940,83940
83941,83941
83942,83942
83943,83943
83944,83944
83945,83945
83946,83946
83947,83947
83948,83948
83949,83949
83950,83950
83951,83951
83952,83952
83953,83953
83954,83954
83955,83955
83956,83956
83957,83957
83958,83958
83959,83959
83960,83960
83961,83961
83962,83962
83963,83963
83964,83964
83965,83965
83966,83966
83967,83967
83968,83968
83969,83969
83970,83970
83971,83971
83972,83972
83973,83973
83974,83974
83975,83975
83976,83976
83977,83977
83978,83978
83979,83979
83980,83980
83981,83981
83982,83982
83983,83983
83984,83984
83985,83985
83986,83986
83987,83987
83988,83988
83989,83989
83990,83990
83991,83991
83992,83992
83993,83993
83994,83994
83995,83995
83996,83996
83997,83997
83998,83998
83999,83999
84000,84000
84001,84001
84003,84003
84004,84004
84005,84005
84006,84006
84007,84007
84008,84008
84009,84009
84010,84010
84011,84011
84012,84012
84013,84013
84014,84014
84015,84015
840155602076,98568
84016,84016
84017,84017
84018,84018
84019,84019
84020,84020
84021,84021
84022,84022
84023,84023
84024,84024
84025,84025
84026,84026
84027,84027
84028,84028
84029,84029
84030,84030
84031,84031
84032,84032
84033,84033
84034,84034
84035,84035
84036,84036
84037,84037
84038,84038
84039,84039
84040,84040
84041,84041
84042,84042
84043,84043
84044,84044
84045,84045
84046,84046
84047,84047
84048,84048
84049,84049
84050,84050
84051,84051
84052,84052
84053,84053
84054,84054
84055,84055
84056,84056
84057,84057
84058,84058
84059,84059
84060,84060
84061,84061
84062,84062
84063,84063
84064,84064
84065,84065
84066,84066
84067,84067
84068,84068
84069,84069
84070,84070
84071,84071
84072,84072
84073,84073
84076,84076
84077,84077
84078,84078
84079,84079
84080,84080
84081,84081
84082,84082
84083,84083
84084,84084
84085,84085
84086,84086
84087,84087
84088,84088
84089,84089
84090,84090
84092,84092
84093,84093
84094,84094
84096,84096
84097,84097
84098,84098
84099,84099
84100,84100
8410104274160,90461
8410190587229,94572
84102,84102
8410225005568,89649
84104,84104
8410436289382,94985
8410436289535,94984
84105,84105
841058004738,94202
84106,84106
84107,84107
84108,84108
84110,84110
84112,84112
84113,84113
84115,84115
84116,84116
8411660804013,96345
84117,84117
84119,84119
84120,84120
84121,84121
84122,84122
84123,84123
8412300001175,95055
8412300001182,92732
84124,84124
8412497304783,79846
8412497304813,75793
8412497308781,75325
8412497351787,83820
8412497929184,62982
84126,84126
84127,84127
84128,84128
84129,84129
84130,84130
84131,84131
84132,84132
84133,84133
84134,84134
84135,84135
84136,84136
84137,84137
84138,84138
84139,84139
84140,84140
84141,84141
84142,84142
8414200215508,90448
84143,84143
84144,84144
84145,84145
84146,84146
84147,84147
84148,84148
84149,84149
84150,84150
84151,84151
84152,84152
84153,84153
84154,84154
84155,84155
84156,84156
84157,84157
84158,84158
84159,84159
84160,84160
84161,84161
84162,84162
84163,84163
84164,84164
84165,84165
84167,84167
84169,84169
84170,84170
84173,84173
84174,84174
84175,84175
84176,84176
84177,84177
84178,84178
84179,84179
84180,84180
84181,84181
84182,84182
84183,84183
84184,84184
84185,84185
84186,84186
84187,84187
84189,84189
84190,84190
84192,84192
84193,84193
84194,84194
84195,84195
84196,84196
84197,84197
84198,84198
84199,84199
84200,84200
84201,84201
84202,84202
84203,84203
84204,84204
84205,84205
84206,84206
84207,84207
84208,84208
84209,84209
84210,84210
84211,84211
84212,84212
84213,84213
84214,84214
84215,84215
84216,84216
84217,84217
84218,84218
84219,84219
84221,84221
84222,84222
84223,84223
84224,84224
84225,84225
84226,84226
84228,84228
84229,84229
84230,84230
84233,84233
8423372000249,96539
8423372025006,96345
8423372025044,96336
8423372025051,96099
8423372026010,96335
8423372026027,96965
8423372040009,97875
8423372040023,97874
8423372040078,97878
8423372041006,97876
8423372800061,94715
8423372800153,94138
8423372800429,96338
8423372800450,97877
8423372820328,96337
8423372840173,94137
8423372840210,94139
84234,84234
84235,84235
84237,84237
84238,84238
84239,84239
84240,84240
84241,84241
84243,84243
84244,84244
84245,84245
84247,84247
84249,84249
84250,84250
84251,84251
84253,84253
84254,84254
84255,84255
84256,84256
84257,84257
84258,84258
84260,84260
84262,84262
84263,84263
84264,84264
84265,84265
8426594024949,96731
8426594038427,95988
8426594038434,96879
8426594066383,96564
8426594080181,80423
8426594094829,96563
8426594094836,97218
84267,84267
84268,84268
84269,84269
84270,84270
8427030003313,96067
8427030006239,96135
8427030006260,91404
8427030009414,97618
84271,84271
84272,84272
84273,84273
84274,84274
8427426005952,93435
8427426006010,88892
8427426006058,88893
8427426006461,92425
8427426006485,88472
8427426006492,88909
8427426006508,88889
8427426006515,88471
8427426008007,92825
8427426008328,98639
8427426008359,97096
8427426008373,93842
8427426008380,92789
8427426008649,88895
8427426011038,93764
8427426011885,94282
8427426013131,93729
8427426014961,97116
8427426020832,97115
8427426027893,92771
8427426029774,88898
8427426033269,93317
8427426033283,97568
8427426033290,88893
8427426035355,92772
8427426040595,92790
8427426040601,93714
8427426040625,93926
8427426040632,93642
8427426040656,88474
8427426040663,93640
8427426041981,92728
8427426042889,92770
8427426044739,94509
8427426046245,95712
8427426046290,96459
8427426047129,94002
8427426047174,88890
8427426047624,88896
8427426048836,91953
8427426048867,94003
8427426049185,95822
8427426049208,91957
8427426063082,97145
8427426064119,97146
8427426065475,97198
8427426067707,98506
8427426067714,98446
8427426069343,97946
8427426078758,95712
8427426078789,96459
84275,84275
84276,84276
84278,84278
84280,84280
84281,84281
84282,84282
84283,84283
84284,84284
84285,84285
84287,84287
8428749006749,98539
8428749160106,91987
8428749219804,91819
8428749245803,91570
8428749246503,91571
8428749249801,91569
8428749250708,92818
8428749357209,92243
8428749357308,91947
8428749357407,93914
8428749391401,91887
8428749391500,91888
8428749396901,94016
8428749417705,93927
8428749451808,91568
8428749451907,92282
8428749536000,93915
8428749647102,94147
8428749784906,98521
8428749785002,98522
8428749819400,98523
8428749849704,98525
8428749849803,98527
8428749849902,98524
8428749850007,98526
8428749868200,98518
8428749868507,98519
8428749868804,98520
8428749908005,98534
8428749912408,98533
8428749913504,98528
8428749913603,98530
8428749914105,98531
8428749915706,98535
8428749918202,98536
8428749944904,98537
8428749945307,98538
8428749989707,98532
84288,84288
84289,84289
84291,84291
84292,84292
84293,84293
84294,84294
8429420066441,85786
8429420070875,93071
8429420077614,94484
8429420077959,93054
8429420091399,93080
8429420093768,86048
8429420095397,90357
8429420095403,89590
8429420095724,93928
8429420095731,92738
8429420104563,90318
8429420105935,93894
8429420105959,92999
8429420105966,92815
8429420107502,92636
8429420108851,92635
8429420113107,93750
8429420113114,93752
8429420113138,93753
8429420113367,93754
8429420113374,93751
8429420123342,90379
8429420124776,93492
8429420125100,93217
8429420125117,94548
8429420126244,96778
8429420126251,96010
8429420126688,93313
8429420126701,93509
8429420128644,94896
8429420137974,95729
8429420138346,94862
8429420138933,97608
8429420139336,95154
8429420144972,94919
8429420145177,94862
8429420145245,94482
8429420149205,94483
8429420149953,93546
8429420149960,93547
8429420149991,93545
8429420152120,96068
8429420154186,94225
8429420157651,95686
8429420160613,96736
8429420160668,93222
8429420160750,89590
8429420160804,90357
8429420161214,95258
8429420161245,95286
8429420164406,96086
8429420165281,06284
8429420165298,78289
8429420171718,96374
8429420172401,96288
8429420175310,97246
8429420175341,97227
8429420179370,95287
8429420181014,96495
8429420181021,96494
8429420184527,97512
8429420184558,97513
8429420187917,92951
8429420187962,96012
8429420188013,92515
8429420188020,95154
8429420188532,86048
8429420190375,90357
8429420190986,93080
8429420192263,94291
8429420195950,92636
8429420196377,91041
8429420197961,92636
8429420200678,96649
8429420200814,96817
8429420201361,95937
8429420203082,96759
8429420210530,92515
8429420214408,92636
8429420216068,97192
8429420218758,97294
8429420222779,98075
8429420222946,98693
8429420223349,98076
8429420223455,98673
8429420226265,97155
8429420226272,98423
8429420227590,98304
8429420236219,98123
8429420236769,98134
8429420236912,97763
8429420242210,98785
8429420243385,98544
8429420244191,96736
8429420246881,98197
8429420248083,93751
8429420248977,97967
8429420251175,93080
8429420251335,95937
8429420251816,94548
8429420251984,95258
8429420252493,98051
8429420256897,96545
8429420261389,98051
8429420268302,95729
8429420271968,98694
8429420279209,98152
8429420279513,98203
8429420279520,98674
8429420280885,98242
8429420281103,98614
8429420282865,98308
8429420285064,98710
8429420285637,98247
8429420285644,97155
8429420285651,98422
8429420285668,91041
8429420288171,98957
8429420291317,98196
8429420292871,98712
8429420292901,98711
8429420301290,97763
8429420303539,98949
8429420306936,93538
8429420307261,98939
8429420307988,98908
8429420311350,98956
8429420311411,98955
8429420902435,90834
8429420902442,89912
8429420902459,93314
84296,84296
84297,84297
84298,84298
84299,84299
8429979201058,93111
8429979208040,93723
8429979221254,93328
8429979250223,92525
8429979250230,92523
8429979252166,92553
8429979252173,92540
8429979252180,92541
8429979355355,93440
8429979414564,92767
8429979414571,92529
8429979414588,92528
8429979417244,93081
8429979417312,92543
8429979417336,95581
8429979417343,93136
8429979417534,96057
8429979417541,96997
8429979418609,93567
8429979419446,93082
8429979419491,93439
8429979420329,92555
8429979421531,98091
8429979422675,94178
8429979424464,92775
8429979425638,93329
8429979425645,94741
8429979425881,95780
8429979427878,93466
8429979428165,94238
8429979428400,93047
8429979428417,93048
8429979428431,94015
8429979428691,93050
8429979429605,92542
8429979432933,95085
8429979432940,93869
8429979433732,96713
8429979435026,94392
8429979435057,94231
8429979439093,96720
8429979439208,96236
8429979439215,96235
8429979439239,96234
8429979439765,97992
8429979440365,96468
8429979440372,96466
8429979440389,96469
8429979440396,96361
8429979440426,96467
8429979442413,92538
8429979444660,94980
8429979444707,95931
8429979445032,95163
8429979445247,94953
842997944532,95163
8429979446169,96979
8429979446503,94965
8429979446510,96714
8429979446954,96776
8429979446961,96777
8429979446978,97338
8429979447227,92552
8429979447234,92553
8429979448491,94952
8429979450586,95781
8429979451118,95782
8429979451125,95164
8429979456069,93330
8429979456076,94517
8429979456083,94970
8429979456090,94392
8429979456175,92690
8429979458223,98007
8429979458261,98008
8429979460318,95885
8429979460417,96157
8429979462169,97248
8429979462282,96247
8429979463012,96247
8429979463715,96090
8429979465009,96465
8429979468932,97191
8429979468949,97188
8429979468956,97160
8429979472045,97880
8429979472403,92546
8429979472588,95319
8429979472601,97624
8429979472618,97625
8429979474483,97017
8429979474919,97339
8429979474940,97463
8429979474957,97597
8429979475008,97355
8429979475121,96775
8429979475794,97598
8429979477286,98061
8429979478252,98787
8429979478269,98788
8429979478481,98826
8429979478801,98789
8429979479433,98090
8429979479440,98089
8429979479457,98088
8429979480477,93867
8429979481450,96464
8429979481474,96818
8429979481979,94392
8429979481986,94517
8429979481993,94970
8429979482006,93330
8429979482020,92690
8429979482037,95931
8429979482143,98656
8429979482150,98657
8429979482242,98655
8429979486387,98901
8429979490155,98900
84300,84300
84302,84302
84303,84303
8430340036469,90992
8430340041470,92171
8430351066011,93494
8430351066035,89674
84304,84304
84305,84305
84306,84306
84307,84307
8430795002378,93624
8430795002385,96741
8430795005126,95150
8430795005140,97450
8430795008714,97102
84308,84308
84309,84309
84310,84310
84311,84311
8431166180015,89667
8431166180114,90250
8431166181302,89766
8431166181326,89667
8431166181333,89675
8431166181357,96698
8431166181371,90685
8431166181418,98351
8431166181852,98352
84312,84312
84313,84313
84314,84314
84315,84315
84316,84316
84317,84317
84318,84318
8431851144049,81367
84319,84319
84320,84320
84321,84321
84322,84322
84323,84323
84324,84324
84325,84325
84327,84327
84328,84328
84329,84329
84330,84330
8433042001346,62522
8433042002688,88419
8433042006082,90519
84331,84331
84333,84333
84335,84335
84336,84336
84338,84338
84339,84339
84340,84340
84341,84341
84342,84342
84343,84343
84344,84344
84345,84345
84346,84346
84347,84347
84349,84349
84351,84351
84352,84352
84353,84353
84354,84354
84355,84355
84357,84357
84360,84360
8436024610307,83115
8436024610987,98177
8436024611298,83446
8436024611526,81490
8436024611533,90445
8436024611540,85264
8436024611892,82981
8436024612103,96432
8436024612127,98738
8436024612134,98023
8436024612233,98466
8436024612370,83563
8436024612769,96622
8436024612851,83562
8436024613100,97268
8436024613339,98739
8436024613445,96579
8436024614534,98740
8436024618495,98647
8436043012564,97147
8436043013783,87554
8436046010055,98156
8436046010086,98238
8436046010123,98307
8436046010130,98211
8436046010147,98080
8436046010154,98157
8436046010710,98194
8436046010734,92209
8436046010956,98592
84361,84361
84362,84362
84363,84363
84364,84364
84365,84365
8436542625319,97329
8436542625326,97382
8436542625340,98723
8436574360301,96073
8436574360806,96074
8436574360844,96075
8436574360998,97849
8436574361032,96258
8436574363869,96259
8436574363876,91552
8436574363883,96103
8436574363951,90086
8436574363975,94858
8436574364019,91386
8436574364033,96576
8436574364040,89962
8436574364057,89668
8436574364064,89699
8436578540921,96631
8436578540969,98029
8436589050891,98588
8436589051089,98586
8436589051140,98587
84366,84366
8436601100993,93196
8436601101426,98593
8436601103680,98005
84367,84367
84368,84368
84369,84369
84370,84370
8437000435020,98827
8437000435112,94240
8437000435129,97097
8437000435136,94296
8437000435297,94297
8437000435594,94223
8437000435860,98779
8437002567071,90086
8437002567156,96207
8437002567163,96208
8437002567170,96663
8437002567248,95807
8437002567965,93951
8437009282007,94290
8437009282014,92944
8437009433973,96689
8437011329028,98028
8437015550343,96206
8437015942278,94558
8437019178062,98230
8437019178611,98833
8437019178666,98231
8437020503426,98611
8437022041391,97619
84371,84371
84372,84372
84373,84373
84374,84374
84375,84375
84376,84376
84377,84377
84378,84378
84379,84379
84380,84380
84381,84381
84382,84382
84383,84383
84384,84384
84385,84385
84386,84386
84387,84387
84388,84388
84393,84393
84394,84394
84395,84395
84396,84396
84397,84397
84399,84399
84400,84400
84401,84401
84402,84402
84403,84403
84404,84404
84405,84405
84406,84406
84407,84407
84408,84408
84409,84409
84410,84410
84411,84411
84412,84412
84413,84413
84414,84414
84415,84415
84416,84416
84417,84417
84418,84418
84419,84419
84420,84420
84421,84421
84422,84422
84423,84423
84424,84424
84425,84425
84426,84426
84427,84427
84428,84428
84429,84429
84431,84431
84433,84433
84434,84434
84435,84435
84436,84436
84437,84437
84439,84439
84440,84440
84441,84441
84442,84442
84443,84443
84444,84444
84448,84448
84449,84449
84450,84450
84451,84451
84452,84452
84453,84453
84454,84454
84455,84455
84457,84457
84458,84458
84459,84459
84460,84460
84461,84461
84463,84463
84464,84464
84465,84465
84466,84466
84467,84467
84468,84468
84469,84469
84470,84470
84471,84471
84472,84472
84473,84473
84474,84474
84475,84475
84476,84476
84477,84477
84478,84478
84479,84479
84480,84480
84481,84481
84482,84482
84483,84483
84484,84484
84485,84485
84486,84486
84487,84487
84488,84488
84489,84489
84490,84490
84491,84491
84492,84492
84493,84493
84494,84494
84495,84495
84496,84496
84497,84497
84498,84498
84499,84499
84500,84500
84501,84501
84502,84502
84503,84503
84504,84504
84505,84505
84506,84506
84507,84507
84508,84508
84509,84509
84510,84510
84511,84511
84512,84512
84513,84513
84514,84514
84515,84515
84516,84516
84517,84517
84518,84518
84519,84519
84520,84520
84523,84523
84524,84524
84525,84525
84526,84526
84527,84527
84528,84528
84529,84529
84530,84530
84531,84531
84532,84532
84533,84533
84534,84534
84535,84535
84536,84536
84537,84537
84538,84538
84539,84539
84540,84540
84541,84541
84542,84542
84543,84543
84544,84544
84545,84545
84546,84546
84547,84547
84548,84548
84549,84549
84550,84550
84551,84551
84552,84552
84553,84553
84554,84554
84555,84555
84556,84556
84557,84557
84558,84558
84559,84559
84560,84560
84561,84561
84562,84562
84563,84563
84565,84565
84567,84567
84569,84569
84570,84570
84571,84571
84572,84572
84573,84573
84574,84574
84575,84575
84576,84576
84577,84577
84578,84578
84579,84579
84580,84580
84581,84581
84582,84582
84583,84583
84584,84584
84585,84585
84586,84586
84587,84587
84588,84588
84589,84589
84590,84590
84591,84591
84592,84592
84595,84595
84596,84596
84597,84597
84598,84598
84599,84599
84600,84600
84601,84601
84602,84602
84603,84603
84604,84604
84605,84605
84606,84606
84607,84607
84608,84608
84609,84609
84610,84610
84611,84611
84612,84612
84613,84613
84614,84614
84615,84615
84616,84616
84617,84617
84618,84618
84619,84619
84620,84620
84621,84621
84622,84622
84623,84623
84624,84624
84625,84625
84627,84627
84628,84628
84629,84629
84630,84630
84631,84631
84632,84632
84633,84633
84634,84634
84635,84635
84636,84636
84637,84637
84638,84638
84639,84639
84640,84640
84641,84641
84642,84642
84643,84643
84644,84644
84645,84645
84646,84646
84647,84647
84648,84648
84649,84649
84650,84650
84651,84651
84652,84652
84653,84653
84654,84654
84655,84655
84656,84656
84658,84658
84659,84659
84660,84660
84661,84661
84662,84662
84663,84663
84664,84664
84665,84665
84666,84666
84667,84667
84668,84668
84670,84670
84671,84671
84672,84672
84673,84673
84675,84675
84676,84676
84677,84677
84678,84678
84679,84679
84680,84680
84681,84681
84682,84682
84683,84683
84684,84684
84685,84685
84686,84686
84687,84687
84688,84688
84689,84689
84690,84690
84691,84691
84693,84693
84694,84694
84695,84695
84696,84696
84697,84697
84699,84699
84700,84700
8470000488894,91045
8470001525369,92167
8470001527332,88129
8470001527349,91700
8470001529688,90697
8470001529695,91292
8470001532411,90309
8470001532435,90379
8470001535641,92527
8470001541871,90318
8470001547927,92498
8470001556349,96545
8470001564832,92609
8470001565358,91236
8470001571434,91388
8470001594969,92426
8470001612175,91126
8470001612731,96120
8470001613233,98082
8470001614841,93003
8470001638151,91387
8470001648198,93493
8470001653499,91234
8470001653505,91233
8470001654557,94695
8470001664204,93438
8470001666291,92550
8470001674227,93222
8470001679864,91553
8470001679871,91145
8470001684011,89813
8470001685186,93868
8470001686343,94611
8470001691880,92740
8470001699664,93226
8470001701886,94610
8470001723222,94692
8470001723512,97055
8470001729057,94714
8470001743749,94344
8470001763402,92739
8470001769145,97156
8470001769169,93752
8470001788993,93229
8470001791382,94635
8470001806475,93218
8470001812353,94869
8470001838902,91041
8470001838919,94291
8470001847607,96576
8470001855107,97697
8470001858122,96346
8470001858139,96339
8470001859853,94344
8470001864826,94482
8470001873583,96260
8470001875815,95938
8470001877550,96066
8470001901200,96145
8470001908285,94955
8470001911902,96115
8470001915528,95820
8470001930156,94858
8470001930170,96116
8470001945761,96415
8470001964519,94748
8470001972088,97765
8470001977786,97848
8470002000704,89912
8470002011601,94631
8470002013278,94633
8470002024434,98443
8470002029224,89962
8470002063754,90991
8470002073241,92536
8470002075221,92532
8470002075306,93673
8470002075559,98083
8470002076747,98444
8470002129856,90429
8470002141469,96969
8470002147102,98442
8470002282131,93867
8470002347908,93671
8470002367036,89700
8470002477810,94634
8470002487307,89666
8470002507616,92524
8470002541856,93672
8470002610736,93539
8470002643178,79014
8470003004343,94111
8470003031981,93110
8470003036658,89629
8470003041478,93126
8470003062749,92538
8470003085403,93046
8470003085434,92533
8470003244268,92530
8470003245913,93509
8470003245920,93313
8470003248013,89853
8470003274944,96775
8470003276689,92537
8470003310338,89751
8470003331180,92757
8470003406581,94068
8470003468237,89635
8470003521499,90052
8470003584326,94749
8470003643153,95086
8470003708746,94632
8470003725323,90612
8470003808576,85786
8470003854849,95939
8470003913423,96559
8470003935791,89750
8470003980739,97295
8470003987509,89698
8470006554982,98178
8470007272540,96806
8470008046669,04105
8470008485314,77960
8470008661039,98133
8470008844036,85440
84701,84701
84702,84702
84703,84703
84704,84704
84705,84705
84707,84707
84708,84708
84709,84709
84710,84710
84711,84711
84712,84712
84713,84713
84714,84714
84715,84715
84716,84716
84717,84717
84718,84718
84719,84719
84720,84720
84721,84721
84722,84722
84723,84723
84726,84726
84727,84727
84728,84728
84729,84729
84730,84730
84731,84731
84732,84732
84733,84733
84734,84734
84735,84735
84736,84736
84737,84737
84738,84738
84739,84739
84740,84740
84741,84741
84742,84742
84743,84743
84744,84744
84745,84745
84746,84746
84747,84747
84748,84748
84749,84749
84750,84750
84751,84751
84752,84752
84753,84753
84754,84754
84755,84755
84756,84756
84757,84757
84758,84758
84759,84759
84760,84760
84761,84761
84762,84762
84763,84763
84765,84765
84766,84766
84767,84767
84769,84769
84770,84770
84771,84771
84772,84772
84773,84773
84774,84774
84775,84775
84776,84776
84777,84777
84778,84778
84779,84779
84780,84780
84782,84782
84783,84783
84784,84784
84785,84785
84786,84786
84787,84787
84788,84788
84789,84789
84790,84790
84791,84791
84792,84792
84793,84793
84794,84794
84795,84795
84796,84796
84797,84797
84798,84798
84799,84799
84800,84800
84801,84801
84802,84802
84803,84803
84804,84804
84805,84805
84806,84806
84807,84807
84808,84808
84810,84810
84811,84811
84813,84813
84814,84814
84815,84815
84816,84816
84817,84817
84818,84818
84821,84821
84822,84822
84823,84823
84824,84824
84825,84825
84826,84826
84827,84827
84828,84828
84829,84829
84830,84830
84831,84831
84832,84832
84833,84833
84834,84834
84835,84835
84836,84836
84837,84837
84838,84838
84839,84839
84840,84840
84843,84843
84845,84845
84846,84846
84847,84847
84848,84848
84849,84849
84850,84850
84851,84851
84852,84852
84853,84853
84854,84854
84856,84856
84859,84859
84860,84860
84861,84861
84862,84862
84863,84863
84864,84864
84865,84865
84867,84867
84868,84868
84869,84869
84870,84870
84871,84871
84872,84872
84873,84873
84874,84874
84875,84875
84876,84876
84877,84877
84878,84878
84879,84879
84880,84880
84881,84881
84882,84882
84883,84883
84884,84884
84885,84885
84886,84886
84887,84887
84888,84888
84889,84889
84890,84890
84891,84891
84892,84892
84893,84893
84894,84894
84895,84895
84896,84896
84897,84897
84898,84898
84899,84899
84900,84900
84901,84901
84902,84902
84903,84903
84904,84904
84905,84905
84906,84906
84907,84907
84908,84908
84909,84909
84910,84910
84911,84911
84912,84912
84913,84913
84914,84914
84915,84915
84916,84916
84917,84917
84918,84918
84919,84919
84920,84920
84921,84921
84922,84922
84923,84923
84924,84924
84925,84925
84926,84926
84927,84927
84928,84928
84929,84929
84930,84930
84931,84931
84932,84932
84933,84933
84934,84934
84939,84939
84944,84944
84945,84945
84946,84946
84947,84947
84952,84952
84959,84959
84960,84960
84962,84962
84966,84966
84971,84971
84972,84972
84973,84973
84974,84974
84975,84975
84976,84976
84977,84977
84978,84978
84979,84979
84981,84981
84982,84982
84983,84983
84985,84985
84986,84986
84987,84987
84988,84988
84989,84989
84991,84991
84992,84992
84993,84993
84994,84994
84995,84995
84996,84996
84997,84997
84998,84998
84999,84999
85000,85000
850005755975,97786
85001,85001
85002,85002
85003,85003
85004,85004
85005,85005
85006,85006
85007,85007
85008,85008
85009,85009
85010,85010
85011,85011
85012,85012
85013,85013
85014,85014
85015,85015
85016,85016
85017,85017
85018,85018
85019,85019
85020,85020
85021,85021
85022,85022
85023,85023
85024,85024
85025,85025
85026,85026
85027,85027
85028,85028
85029,85029
85030,85030
85031,85031
85032,85032
85033,85033
85034,85034
85035,85035
85036,85036
85037,85037
85038,85038
85039,85039
85040,85040
85041,85041
85042,85042
85043,85043
85044,85044
85045,85045
85046,85046
85047,85047
85048,85048
85050,85050
85051,85051
85052,85052
85053,85053
85054,85054
85055,85055
85057,85057
85058,85058
85059,85059
85060,85060
85061,85061
85062,85062
85063,85063
85064,85064
85065,85065
85066,85066
85067,85067
85069,85069
85070,85070
85071,85071
85072,85072
85073,85073
85074,85074
85075,85075
85076,85076
85077,85077
85078,85078
85079,85079
85080,85080
85081,85081
85082,85082
85083,85083
85084,85084
85085,85085
85086,85086
85087,85087
85088,85088
85089,85089
85090,85090
85091,85091
85092,85092
85093,85093
85094,85094
85095,85095
85096,85096
85097,85097
85098,85098
85099,85099
85100,85100
85101,85101
85102,85102
85103,85103
85104,85104
85105,85105
85106,85106
85107,85107
85108,85108
85109,85109
85110,85110
85111,85111
85112,85112
85113,85113
85114,85114
85115,85115
85116,85116
85117,85117
85118,85118
85119,85119
85120,85120
85121,85121
85122,85122
85123,85123
85124,85124
85125,85125
85126,85126
85127,85127
85128,85128
85129,85129
85130,85130
85131,85131
85132,85132
85133,85133
85134,85134
85135,85135
85136,85136
85137,85137
85138,85138
85139,85139
85140,85140
85141,85141
85142,85142
85143,85143
85144,85144
85145,85145
85146,85146
85147,85147
85148,85148
85149,85149
85150,85150
85151,85151
85152,85152
85153,85153
85154,85154
85155,85155
85156,85156
85157,85157
85158,85158
85160,85160
85161,85161
85162,85162
85164,85164
85165,85165
85166,85166
85167,85167
85168,85168
85169,85169
85170,85170
85171,85171
85172,85172
85174,85174
85175,85175
85176,85176
85177,85177
85178,85178
85179,85179
85180,85180
85181,85181
85182,85182
85183,85183
85184,85184
85187,85187
85188,85188
85189,85189
85190,85190
85192,85192
85193,85193
85194,85194
85195,85195
85196,85196
85197,85197
85198,85198
85200,85200
85201,85201
85202,85202
85203,85203
85204,85204
85205,85205
85206,85206
85207,85207
85208,85208
85209,85209
85210,85210
85211,85211
85212,85212
85213,85213
85214,85214
85216,85216
85217,85217
85218,85218
85219,85219
85220,85220
85221,85221
85222,85222
85223,85223
85224,85224
85225,85225
85226,85226
852260000012,89672
852260000531,89819
852260000555,93777
852260000562,93778
852260000692,94303
85227,85227
85228,85228
85229,85229
85230,85230
85231,85231
85232,85232
85233,85233
85234,85234
85235,85235
85236,85236
85237,85237
85238,85238
85239,85239
85240,85240
85241,85241
85242,85242
85243,85243
85244,85244
85245,85245
85246,85246
85247,85247
85248,85248
85249,85249
85251,85251
85252,85252
85253,85253
85254,85254
85255,85255
85256,85256
85257,85257
85258,85258
85259,85259
85260,85260
85261,85261
85262,85262
85263,85263
85264,85264
85265,85265
85266,85266
85267,85267
85268,85268
85269,85269
85270,85270
85271,85271
85272,85272
85273,85273
85274,85274
85275,85275
85276,85276
85278,85278
85279,85279
85282,85282
85283,85283
85284,85284
85285,85285
85286,85286
85287,85287
85288,85288
85289,85289
85290,85290
85291,85291
85292,85292
85293,85293
85294,85294
85295,85295
85296,85296
85297,85297
85299,85299
85301,85301
85302,85302
85303,85303
85304,85304
85305,85305
85306,85306
85308,85308
85309,85309
85310,85310
85311,85311
85312,85312
85313,85313
85314,85314
85315,85315
85316,85316
85317,85317
85318,85318
85321,85321
85322,85322
85323,85323
85324,85324
85325,85325
85326,85326
85328,85328
85329,85329
85330,85330
85331,85331
85332,85332
85333,85333
85334,85334
85335,85335
85336,85336
85337,85337
85338,85338
85339,85339
85340,85340
85341,85341
85342,85342
85343,85343
85344,85344
85345,85345
85346,85346
85347,85347
85348,85348
85349,85349
85350,85350
85351,85351
85352,85352
85353,85353
85354,85354
85355,85355
85356,85356
853564007028,95228
853564007035,95224
853564007066,95223
853564007073,95892
853564007080,95891
853564007165,95225
853564007172,95226
85357,85357
85358,85358
85359,85359
85360,85360
85361,85361
85363,85363
85364,85364
85365,85365
85366,85366
85368,85368
85369,85369
85370,85370
85371,85371
85372,85372
85373,85373
85374,85374
85375,85375
85376,85376
85377,85377
85378,85378
85379,85379
85381,85381
85382,85382
85383,85383
85384,85384
85385,85385
85386,85386
85387,85387
85389,85389
85390,85390
85391,85391
85392,85392
85393,85393
85394,85394
85395,85395
85396,85396
85397,85397
85398,85398
85399,85399
85400,85400
85401,85401
85402,85402
85403,85403
85405,85405
85406,85406
85407,85407
85408,85408
85409,85409
85410,85410
85412,85412
85413,85413
85414,85414
85415,85415
85416,85416
85417,85417
85418,85418
85419,85419
85420,85420
85421,85421
85422,85422
85423,85423
85424,85424
85425,85425
85426,85426
85427,85427
85428,85428
85429,85429
85430,85430
85431,85431
85432,85432
85433,85433
85434,85434
85435,85435
85436,85436
85437,85437
85438,85438
85439,85439
85440,85440
85441,85441
85442,85442
85443,85443
85444,85444
85445,85445
85446,85446
85447,85447
85448,85448
85449,85449
85450,85450
85451,85451
85452,85452
85453,85453
85454,85454
85455,85455
85456,85456
85457,85457
85458,85458
85459,85459
85460,85460
85461,85461
85463,85463
85464,85464
85465,85465
85466,85466
85467,85467
85468,85468
85469,85469
85470,85470
85471,85471
85472,85472
85473,85473
85474,85474
85475,85475
85476,85476
85477,85477
85478,85478
85479,85479
85480,85480
85481,85481
85482,85482
85483,85483
85484,85484
85485,85485
85486,85486
85487,85487
85488,85488
85489,85489
85490,85490
85493,85493
85494,85494
85495,85495
85496,85496
85498,85498
85499,85499
85500,85500
85501,85501
85502,85502
85503,85503
85504,85504
85505,85505
85506,85506
85507,85507
85508,85508
85509,85509
85510,85510
85511,85511
85512,85512
85513,85513
85514,85514
85515,85515
85516,85516
85517,85517
85518,85518
85519,85519
85520,85520
85521,85521
85522,85522
85523,85523
85524,85524
85525,85525
85526,85526
85527,85527
85528,85528
85529,85529
85530,85530
85531,85531
85532,85532
85533,85533
85534,85534
85535,85535
85536,85536
85537,85537
85538,85538
85539,85539
85540,85540
85541,85541
85542,85542
85543,85543
85544,85544
85545,85545
85546,85546
85547,85547
85548,85548
85549,85549
85550,85550
85551,85551
85552,85552
85553,85553
85554,85554
85555,85555
85556,85556
85559,85559
85560,85560
85561,85561
85562,85562
85563,85563
85565,85565
85566,85566
85567,85567
85568,85568
85569,85569
85570,85570
85571,85571
85572,85572
85573,85573
85574,85574
85575,85575
85576,85576
85577,85577
85578,85578
85579,85579
85580,85580
85581,85581
85582,85582
85583,85583
85584,85584
85585,85585
85586,85586
85587,85587
85588,85588
85589,85589
85590,85590
85591,85591
85592,85592
85593,85593
85594,85594
85595,85595
85596,85596
85597,85597
85598,85598
85599,85599
85600,85600
85601,85601
85602,85602
85603,85603
85605,85605
85607,85607
85609,85609
85610,85610
85611,85611
85612,85612
85613,85613
85614,85614
85615,85615
85616,85616
85617,85617
85618,85618
85621,85621
85622,85622
85623,85623
85624,85624
85625,85625
85626,85626
85627,85627
85628,85628
85629,85629
85630,85630
85631,85631
85632,85632
85633,85633
85634,85634
85635,85635
85636,85636
85637,85637
85638,85638
85639,85639
85640,85640
85641,85641
85642,85642
85643,85643
85644,85644
85645,85645
85646,85646
85647,85647
85648,85648
85649,85649
85650,85650
85651,85651
85652,85652
85653,85653
85654,85654
85655,85655
85656,85656
85657,85657
85658,85658
85659,85659
85660,85660
85661,85661
85663,85663
85664,85664
85666,85666
85667,85667
85668,85668
85669,85669
85670,85670
85671,85671
85673,85673
85675,85675
85676,85676
85677,85677
85678,85678
85679,85679
85680,85680
85681,85681
85682,85682
85683,85683
85684,85684
85685,85685
85686,85686
85687,85687
85688,85688
85689,85689
85690,85690
85691,85691
85692,85692
85693,85693
85694,85694
85695,85695
85696,85696
85697,85697
85698,85698
85699,85699
85700,85700
85701,85701
85702,85702
85703,85703
85704,85704
85706,85706
85707,85707
85708,85708
85709,85709
85710,85710
85711,85711
85712,85712
85713,85713
85714,85714
85717,85717
85718,85718
85719,85719
85720,85720
85721,85721
85722,85722
85723,85723
85724,85724
85725,85725
85726,85726
85727,85727
85728,85728
85729,85729
85730,85730
85731,85731
85732,85732
85733,85733
85734,85734
85735,85735
85736,85736
85737,85737
85738,85738
85739,85739
85740,85740
85741,85741
85742,85742
85743,85743
85744,85744
85745,85745
85746,85746
85747,85747
85748,85748
85749,85749
85750,85750
85751,85751
85752,85752
85753,85753
85754,85754
85755,85755
85756,85756
85757,85757
85758,85758
85759,85759
85760,85760
85761,85761
85762,85762
85763,85763
85764,85764
85765,85765
85766,85766
85767,85767
85768,85768
85769,85769
85770,85770
85771,85771
85772,85772
85773,85773
85774,85774
85775,85775
85777,85777
85778,85778
85779,85779
85780,85780
85781,85781
85782,85782
85783,85783
85784,85784
85785,85785
85786,85786
85787,85787
85789,85789
85790,85790
85791,85791
85792,85792
85793,85793
85794,85794
85796,85796
85797,85797
85798,85798
85799,85799
85800,85800
85801,85801
85802,85802
85803,85803
85804,85804
85805,85805
85806,85806
85807,85807
85808,85808
85809,85809
85810,85810
85811,85811
85812,85812
85813,85813
85814,85814
85815,85815
85816,85816
85817,85817
85818,85818
85820,85820
85821,85821
85822,85822
85823,85823
85824,85824
85825,85825
85826,85826
85827,85827
85828,85828
85829,85829
85830,85830
85831,85831
85832,85832
85833,85833
85834,85834
85835,85835
85836,85836
85837,85837
85838,85838
85839,85839
85840,85840
85841,85841
85842,85842
85844,85844
85846,85846
85847,85847
85848,85848
85849,85849
85850,85850
85851,85851
85852,85852
85853,85853
85854,85854
85855,85855
85856,85856
85859,85859
85860,85860
85861,85861
85862,85862
85863,85863
85864,85864
85865,85865
85866,85866
85867,85867
85868,85868
85869,85869
85870,85870
85871,85871
85872,85872
85876,85876
85878,85878
85879,85879
85880,85880
85881,85881
85882,85882
85883,85883
85884,85884
85885,85885
85886,85886
85887,85887
85888,85888
85889,85889
85890,85890
85891,85891
85892,85892
85893,85893
85894,85894
85895,85895
85896,85896
85897,85897
85900,85900
85901,85901
85902,85902
85903,85903
85904,85904
85905,85905
85906,85906
85907,85907
85908,85908
85909,85909
85910,85910
85911,85911
85912,85912
85913,85913
85914,85914
85915,85915
85916,85916
85917,85917
85918,85918
85919,85919
85920,85920
85921,85921
85922,85922
85923,85923
85924,85924
85925,85925
85926,85926
85927,85927
85928,85928
85929,85929
85930,85930
85931,85931
85932,85932
85933,85933
85934,85934
85935,85935
85936,85936
85937,85937
85938,85938
85939,85939
85940,85940
85941,85941
8594171663017,93340
85942,85942
85943,85943
85944,85944
85945,85945
85946,85946
85947,85947
85948,85948
85949,85949
85951,85951
85952,85952
85953,85953
85954,85954
85955,85955
85956,85956
85957,85957
85958,85958
85959,85959
85960,85960
85961,85961
85962,85962
85964,85964
85965,85965
85966,85966
85967,85967
85968,85968
85969,85969
85970,85970
85971,85971
85972,85972
85973,85973
85974,85974
85975,85975
85976,85976
85977,85977
85978,85978
85979,85979
85980,85980
85982,85982
85983,85983
85984,85984
85985,85985
85986,85986
85987,85987
85988,85988
85989,85989
85990,85990
85991,85991
85993,85993
85994,85994
85995,85995
85996,85996
85997,85997
85998,85998
85999,85999
859999903683,95219
859999905342,95216
859999905380,95222
859999905717,95220
859999906974,95213
859999907209,95215
859999907216,95214
859999977882,95229
86000,86000
860010246962,93620
860012221011,93712
860013224745,98960
860013224752,98961
86002,86002
86003,86003
86004,86004
86005,86005
86006,86006
86007,86007
86008,86008
86009,86009
86010,86010
86011,86011
86012,86012
86014,86014
86015,86015
86016,86016
86017,86017
86018,86018
86019,86019
86020,86020
86021,86021
86022,86022
86023,86023
86024,86024
86025,86025
86028,86028
86029,86029
86030,86030
86031,86031
86032,86032
86033,86033
86034,86034
86035,86035
86036,86036
86037,86037
86038,86038
86039,86039
86040,86040
86041,86041
86042,86042
86043,86043
86044,86044
86045,86045
86046,86046
86047,86047
86048,86048
86049,86049
86050,86050
86051,86051
86052,86052
86053,86053
86054,86054
86056,86056
86057,86057
86058,86058
86059,86059
86060,86060
86061,86061
86063,86063
86064,86064
86065,86065
86066,86066
86067,86067
86068,86068
86069,86069
86070,86070
86071,86071
86072,86072
86073,86073
86074,86074
86075,86075
86076,86076
86077,86077
86078,86078
86079,86079
86080,86080
86081,86081
86082,86082
86083,86083
86084,86084
86085,86085
86086,86086
86087,86087
86088,86088
86089,86089
86090,86090
86091,86091
86092,86092
86093,86093
86095,86095
86096,86096
86097,86097
86098,86098
86099,86099
86100,86100
86101,86101
86102,86102
86103,86103
86104,86104
86105,86105
86106,86106
86107,86107
86108,86108
86109,86109
86110,86110
86111,86111
86112,86112
86113,86113
86114,86114
86115,86115
86116,86116
86117,86117
86118,86118
86119,86119
86120,86120
86121,86121
86122,86122
86123,86123
86124,86124
86125,86125
86126,86126
86127,86127
86128,86128
86129,86129
86130,86130
86131,86131
86132,86132
86133,86133
86134,86134
86135,86135
86136,86136
86137,86137
86138,86138
86139,86139
86140,86140
86141,86141
86142,86142
86143,86143
86144,86144
86145,86145
86146,86146
86147,86147
86148,86148
86149,86149
86150,86150
86151,86151
86152,86152
86153,86153
86154,86154
86155,86155
86156,86156
86157,86157
86158,86158
86159,86159
86160,86160
86161,86161
86162,86162
86163,86163
86164,86164
86165,86165
86167,86167
86168,86168
86169,86169
86170,86170
86171,86171
86172,86172
86173,86173
86174,86174
86175,86175
86176,86176
86177,86177
86178,86178
86179,86179
86180,86180
86181,86181
86182,86182
86183,86183
86184,86184
86185,86185
86186,86186
86187,86187
86189,86189
86190,86190
86191,86191
86192,86192
86193,86193
86194,86194
86196,86196
86197,86197
86198,86198
86199,86199
86200,86200
86201,86201
86202,86202
86203,86203
86206,86206
86207,86207
86208,86208
86209,86209
86211,86211
86212,86212
86213,86213
86214,86214
86215,86215
86216,86216
86217,86217
86218,86218
86219,86219
86220,86220
86221,86221
86222,86222
86223,86223
86224,86224
86225,86225
86226,86226
86227,86227
86228,86228
86229,86229
86230,86230
86231,86231
86232,86232
86233,86233
86234,86234
86235,86235
86236,86236
86237,86237
86238,86238
86239,86239
86240,86240
86241,86241
86242,86242
86243,86243
86244,86244
86245,86245
86246,86246
86248,86248
86250,86250
86251,86251
86252,86252
86253,86253
86254,86254
86255,86255
86257,86257
86259,86259
86260,86260
86261,86261
86263,86263
86264,86264
86265,86265
86266,86266
86267,86267
86268,86268
86269,86269
86270,86270
86271,86271
86272,86272
86273,86273
86274,86274
86275,86275
86276,86276
86277,86277
86278,86278
86279,86279
86280,86280
86281,86281
86282,86282
86283,86283
86284,86284
86285,86285
86286,86286
86287,86287
86288,86288
86289,86289
86290,86290
86291,86291
86292,86292
86293,86293
86294,86294
86295,86295
86296,86296
86297,86297
86298,86298
86299,86299
86300,86300
86301,86301
86302,86302
86303,86303
86304,86304
86305,86305
86306,86306
86307,86307
86308,86308
86309,86309
86311,86311
86312,86312
86313,86313
86314,86314
86315,86315
86316,86316
86317,86317
86318,86318
86319,86319
86320,86320
86321,86321
86323,86323
86325,86325
86326,86326
86327,86327
86328,86328
86329,86329
86330,86330
86331,86331
86332,86332
86333,86333
86334,86334
86335,86335
86336,86336
86338,86338
86339,86339
86340,86340
86341,86341
86342,86342
86343,86343
86344,86344
86345,86345
86346,86346
86347,86347
86348,86348
86349,86349
86350,86350
86351,86351
86354,86354
86355,86355
86356,86356
86357,86357
86358,86358
86359,86359
86360,86360
86361,86361
86362,86362
86363,86363
86364,86364
86365,86365
86366,86366
86367,86367
86368,86368
86369,86369
86370,86370
86371,86371
86372,86372
86373,86373
86374,86374
86375,86375
86377,86377
86378,86378
86379,86379
86380,86380
86381,86381
86382,86382
86383,86383
86384,86384
86385,86385
86386,86386
86387,86387
86388,86388
86389,86389
86390,86390
86391,86391
86392,86392
86393,86393
86394,86394
86395,86395
86396,86396
86398,86398
86399,86399
86400,86400
86401,86401
86402,86402
86403,86403
86404,86404
86405,86405
86406,86406
86407,86407
86408,86408
86409,86409
86410,86410
86411,86411
86413,86413
86414,86414
86415,86415
86417,86417
86418,86418
86419,86419
86420,86420
86421,86421
86422,86422
86423,86423
86424,86424
86426,86426
86427,86427
86428,86428
86429,86429
86430,86430
86431,86431
86432,86432
86433,86433
86434,86434
86435,86435
86437,86437
86438,86438
86439,86439
86440,86440
86442,86442
86443,86443
86444,86444
86445,86445
86447,86447
86449,86449
86450,86450
86451,86451
86452,86452
86453,86453
86454,86454
86455,86455
86456,86456
86457,86457
86458,86458
86459,86459
86460,86460
86461,86461
86462,86462
86464,86464
86465,86465
86466,86466
86467,86467
86468,86468
86469,86469
86470,86470
86471,86471
86472,86472
86473,86473
86474,86474
86475,86475
86476,86476
86477,86477
86478,86478
86479,86479
86480,86480
86481,86481
86482,86482
86483,86483
86484,86484
86485,86485
86486,86486
86487,86487
86488,86488
86489,86489
86490,86490
86491,86491
86492,86492
86493,86493
86494,86494
86495,86495
86496,86496
86497,86497
86498,86498
86499,86499
86500,86500
86501,86501
86502,86502
86503,86503
86504,86504
86505,86505
86506,86506
86507,86507
86508,86508
86509,86509
86510,86510
86511,86511
86512,86512
86513,86513
86514,86514
86515,86515
86516,86516
86517,86517
86518,86518
86519,86519
86520,86520
86521,86521
86522,86522
86523,86523
86524,86524
86525,86525
86526,86526
86527,86527
86528,86528
86529,86529
86530,86530
86531,86531
86532,86532
86533,86533
86534,86534
86535,86535
86536,86536
86537,86537
86538,86538
86539,86539
86540,86540
86541,86541
86542,86542
86543,86543
86544,86544
86545,86545
86546,86546
86547,86547
86548,86548
86549,86549
86550,86550
86551,86551
86552,86552
86553,86553
86554,86554
86555,86555
86556,86556
86557,86557
86558,86558
86559,86559
86561,86561
86562,86562
86563,86563
86564,86564
86565,86565
86566,86566
86567,86567
86568,86568
86569,86569
86570,86570
86571,86571
86572,86572
86573,86573
86574,86574
86575,86575
86576,86576
86577,86577
86578,86578
86579,86579
86580,86580
86581,86581
86582,86582
86583,86583
86584,86584
86585,86585
86587,86587
86588,86588
86589,86589
86590,86590
86591,86591
86593,86593
86594,86594
86595,86595
86596,86596
86597,86597
86598,86598
86599,86599
86600,86600
86601,86601
86603,86603
86604,86604
86605,86605
86606,86606
86607,86607
86608,86608
86609,86609
86610,86610
86611,86611
86612,86612
86613,86613
86614,86614
86615,86615
86616,86616
86617,86617
86618,86618
86619,86619
86620,86620
86621,86621
86622,86622
86623,86623
86624,86624
86625,86625
86626,86626
86627,86627
86628,86628
86629,86629
86630,86630
86631,86631
86632,86632
86633,86633
86634,86634
86635,86635
86636,86636
86637,86637
86638,86638
86639,86639
86640,86640
86641,86641
86642,86642
86643,86643
86644,86644
86645,86645
86646,86646
86647,86647
86648,86648
86649,86649
86650,86650
86651,86651
86652,86652
86653,86653
86654,86654
86655,86655
86656,86656
86657,86657
86658,86658
86659,86659
86660,86660
86661,86661
86662,86662
86663,86663
86664,86664
86665,86665
86666,86666
86667,86667
86668,86668
86669,86669
86670,86670
86672,86672
86673,86673
86674,86674
86675,86675
86676,86676
86677,86677
86678,86678
86679,86679
86680,86680
86682,86682
86683,86683
86684,86684
86685,86685
86686,86686
86687,86687
86688,86688
86689,86689
86690,86690
86691,86691
86692,86692
86693,86693
86694,86694
86695,86695
86696,86696
86697,86697
86698,86698
86699,86699
86700,86700
86701,86701
86702,86702
86703,86703
86704,86704
86705,86705
86706,86706
86707,86707
86708,86708
86709,86709
86710,86710
86711,86711
86712,86712
86713,86713
86714,86714
86715,86715
86716,86716
86717,86717
86718,86718
86719,86719
86720,86720
86721,86721
86722,86722
86723,86723
86724,86724
86725,86725
86726,86726
86727,86727
86728,86728
86729,86729
86730,86730
86731,86731
86732,86732
86733,86733
86734,86734
86735,86735
86736,86736
86737,86737
86738,86738
86739,86739
86740,86740
86741,86741
86742,86742
86743,86743
86745,86745
86746,86746
86747,86747
86748,86748
86749,86749
86750,86750
86751,86751
86752,86752
86753,86753
86754,86754
86755,86755
86756,86756
86757,86757
86758,86758
86759,86759
86762,86762
86763,86763
86764,86764
86765,86765
86766,86766
86767,86767
86768,86768
86769,86769
86770,86770
86771,86771
86772,86772
86773,86773
86774,86774
86775,86775
86776,86776
86777,86777
86778,86778
86779,86779
86780,86780
86781,86781
86782,86782
86783,86783
86784,86784
86785,86785
86786,86786
86787,86787
86788,86788
86789,86789
86791,86791
86792,86792
86793,86793
86794,86794
86795,86795
86796,86796
86798,86798
86799,86799
86800,86800
86801,86801
86802,86802
86803,86803
86804,86804
86805,86805
86806,86806
86807,86807
86808,86808
86809,86809
86810,86810
86811,86811
86813,86813
86814,86814
86816,86816
86817,86817
86818,86818
86819,86819
86820,86820
86821,86821
86822,86822
86823,86823
86824,86824
86825,86825
86826,86826
86827,86827
86828,86828
86829,86829
86830,86830
86831,86831
86832,86832
86833,86833
86834,86834
86835,86835
86836,86836
86837,86837
86838,86838
86839,86839
86840,86840
86841,86841
86842,86842
86843,86843
86844,86844
86845,86845
86846,86846
86847,86847
86848,86848
86849,86849
86850,86850
86851,86851
86852,86852
86853,86853
86854,86854
86855,86855
86856,86856
86857,86857
86858,86858
86859,86859
86860,86860
86861,86861
86862,86862
86863,86863
86864,86864
86865,86865
86866,86866
86867,86867
86868,86868
86869,86869
86870,86870
86871,86871
86872,86872
86873,86873
86874,86874
86875,86875
86876,86876
86878,86878
86879,86879
86880,86880
86881,86881
86882,86882
86883,86883
86884,86884
86885,86885
86886,86886
86887,86887
86888,86888
86889,86889
86890,86890
86891,86891
86892,86892
86893,86893
86894,86894
86895,86895
86896,86896
86897,86897
86898,86898
86899,86899
86900,86900
86901,86901
86902,86902
86903,86903
86905,86905
86906,86906
86907,86907
86909,86909
86910,86910
86911,86911
86912,86912
86913,86913
86914,86914
86915,86915
86916,86916
86917,86917
86919,86919
86920,86920
86921,86921
86922,86922
86923,86923
86924,86924
86925,86925
86926,86926
86927,86927
86928,86928
86929,86929
86930,86930
86931,86931
86932,86932
86933,86933
86934,86934
86935,86935
86936,86936
86937,86937
86938,86938
86939,86939
86940,86940
86941,86941
86942,86942
86943,86943
86944,86944
86945,86945
86946,86946
86947,86947
86948,86948
86949,86949
86950,86950
86951,86951
86952,86952
86953,86953
86954,86954
86955,86955
86956,86956
86957,86957
86958,86958
86959,86959
86960,86960
86961,86961
86962,86962
86963,86963
86964,86964
86965,86965
86966,86966
86967,86967
86968,86968
86969,86969
86970,86970
86971,86971
86972,86972
86973,86973
86974,86974
86975,86975
86976,86976
86977,86977
86978,86978
86979,86979
86980,86980
86981,86981
86982,86982
86983,86983
86984,86984
86985,86985
86986,86986
86987,86987
86988,86988
86989,86989
86990,86990
86991,86991
86992,86992
86993,86993
86994,86994
86995,86995
8699568503355,97896
8699568503362,97895
86996,86996
86997,86997
86998,86998
86999,86999
87000,87000
87001,87001
87002,87002
87003,87003
87004,87004
87005,87005
87006,87006
87007,87007
87008,87008
87009,87009
87010,87010
87011,87011
87012,87012
87013,87013
87014,87014
87015,87015
87016,87016
87017,87017
87018,87018
87019,87019
87020,87020
87021,87021
87022,87022
87023,87023
87025,87025
87026,87026
87027,87027
87028,87028
87029,87029
87030,87030
87031,87031
87032,87032
87033,87033
87034,87034
87035,87035
87036,87036
87037,87037
87038,87038
87039,87039
87040,87040
87041,87041
87042,87042
87043,87043
87044,87044
87045,87045
87046,87046
87047,87047
87048,87048
87049,87049
87050,87050
87051,87051
87052,87052
87053,87053
87054,87054
87055,87055
87056,87056
87057,87057
87058,87058
87059,87059
87060,87060
87061,87061
87062,87062
87063,87063
87064,87064
87065,87065
87066,87066
87067,87067
87068,87068
87069,87069
87070,87070
87071,87071
87072,87072
87073,87073
87074,87074
87075,87075
87076,87076
87077,87077
87078,87078
87079,87079
87080,87080
87081,87081
87082,87082
87083,87083
87084,87084
87085,87085
87086,87086
87087,87087
87088,87088
87089,87089
87090,87090
87091,87091
87092,87092
87093,87093
87094,87094
87095,87095
87096,87096
87097,87097
87098,87098
87099,87099
87101,87101
87102,87102
87103,87103
87104,87104
8710428007537,90792
8710428007551,90989
8710428009241,95064
8710428010469,95495
8710428010896,95063
8710428015013,91059
8710428017970,93045
8710428018755,97289
8710428018762,97404
8710428019998,91059
8710428024640,91208
8710428024664,91208
8710428052988,90820
87105,87105
87106,87106
87107,87107
87108,87108
87109,87109
87110,87110
87111,87111
8711141912733,92933
87112,87112
87113,87113
87114,87114
8711428065510,95340
87115,87115
87116,87116
87117,87117
87118,87118
87119,87119
87120,87120
87121,87121
87122,87122
87123,87123
87124,87124
87125,87125
87126,87126
87127,87127
87128,87128
87129,87129
87130,87130
87131,87131
87132,87132
87133,87133
87134,87134
87135,87135
87136,87136
87137,87137
87138,87138
87139,87139
87140,87140
87141,87141
87142,87142
87143,87143
87144,87144
87145,87145
87146,87146
87147,87147
87148,87148
87149,87149
87150,87150
87151,87151
87152,87152
87153,87153
87154,87154
87155,87155
87156,87156
87157,87157
87158,87158
87159,87159
87160,87160
87162,87162
87163,87163
87164,87164
87165,87165
87166,87166
87167,87167
87168,87168
87169,87169
87170,87170
87171,87171
87172,87172
87173,87173
87174,87174
87175,87175
87176,87176
871760001497,98513
871760001534,98514
871760001855,98515
871760001978,98510
871760002081,98511
871760002098,98512
871760002784,98567
871760002975,98565
871760003095,98564
871760005402,98566
871760005884,98516
871760007666,98517
87177,87177
87178,87178
87179,87179
87180,87180
87181,87181
87182,87182
87183,87183
87184,87184
87185,87185
87186,87186
87187,87187
87188,87188
87189,87189
87190,87190
87191,87191
87192,87192
87193,87193
87194,87194
87195,87195
87196,87196
87197,87197
87198,87198
87199,87199
87200,87200
87201,87201
87202,87202
87203,87203
87204,87204
87205,87205
87206,87206
87207,87207
87208,87208
87209,87209
87210,87210
87211,87211
87212,87212
87213,87213
87215,87215
87216,87216
87217,87217
87218,87218
87219,87219
87220,87220
87221,87221
87222,87222
87223,87223
87224,87224
87225,87225
87226,87226
87227,87227
87228,87228
87229,87229
872292003225,93491
872292003317,93122
872292003324,93123
872292003379,93119
872292003423,93120
872292003522,93118
872292003706,93117
87230,87230
87231,87231
87232,87232
87233,87233
87234,87234
87235,87235
87236,87236
87237,87237
87238,87238
87239,87239
87240,87240
87241,87241
87242,87242
87243,87243
87244,87244
87245,87245
87246,87246
87247,87247
87248,87248
87249,87249
87250,87250
87251,87251
87252,87252
87253,87253
87254,87254
87255,87255
87256,87256
87257,87257
87258,87258
87259,87259
87260,87260
87261,87261
87262,87262
87263,87263
87265,87265
87266,87266
87267,87267
87268,87268
87269,87269
87270,87270
87271,87271
87272,87272
87273,87273
87274,87274
87275,87275
87276,87276
87277,87277
87278,87278
87279,87279
87280,87280
87281,87281
87282,87282
87283,87283
87284,87284
87285,87285
87286,87286
87287,87287
87288,87288
87289,87289
87290,87290
87291,87291
87292,87292
87293,87293
87294,87294
87295,87295
87296,87296
87297,87297
87298,87298
87299,87299
87300,87300
87301,87301
87302,87302
87303,87303
87304,87304
87305,87305
87306,87306
87307,87307
87308,87308
87309,87309
87310,87310
87311,87311
87312,87312
87313,87313
87314,87314
87315,87315
87316,87316
87317,87317
87318,87318
87319,87319
87320,87320
87321,87321
87322,87322
87323,87323
87324,87324
87325,87325
87326,87326
87327,87327
87328,87328
87329,87329
87330,87330
87331,87331
87332,87332
87333,87333
87334,87334
87335,87335
87336,87336
87337,87337
87338,87338
87339,87339
87340,87340
87341,87341
87342,87342
87343,87343
87344,87344
87345,87345
87346,87346
87347,87347
87348,87348
87349,87349
87350,87350
87351,87351
87352,87352
87353,87353
87354,87354
87355,87355
87356,87356
87357,87357
87358,87358
87359,87359
87360,87360
87361,87361
87362,87362
87364,87364
87365,87365
87366,87366
87367,87367
87368,87368
87369,87369
87370,87370
87371,87371
87372,87372
87373,87373
87374,87374
87375,87375
87376,87376
87377,87377
87378,87378
87379,87379
87380,87380
87381,87381
87382,87382
87384,87384
87385,87385
87386,87386
87387,87387
87388,87388
87389,87389
87390,87390
87391,87391
87392,87392
87393,87393
87394,87394
87395,87395
87396,87396
87398,87398
87399,87399
87400,87400
87401,87401
87402,87402
87403,87403
87404,87404
87405,87405
87406,87406
87407,87407
87408,87408
87409,87409
87410,87410
87411,87411
87412,87412
87413,87413
87414,87414
87415,87415
87416,87416
87417,87417
87418,87418
87419,87419
87420,87420
87421,87421
87422,87422
87423,87423
87424,87424
87425,87425
87426,87426
87427,87427
87428,87428
87429,87429
87430,87430
87431,87431
87432,87432
87435,87435
87436,87436
87437,87437
87438,87438
87439,87439
87440,87440
87441,87441
87442,87442
87443,87443
87444,87444
87445,87445
87446,87446
87447,87447
87448,87448
87449,87449
87450,87450
87451,87451
87452,87452
87454,87454
87455,87455
87456,87456
87457,87457
87458,87458
87459,87459
87460,87460
87461,87461
87462,87462
87463,87463
87464,87464
87465,87465
87466,87466
87467,87467
87468,87468
87469,87469
87470,87470
87471,87471
87472,87472
87473,87473
87474,87474
87475,87475
87476,87476
87477,87477
87478,87478
87479,87479
87480,87480
87481,87481
87482,87482
87483,87483
87484,87484
87485,87485
87486,87486
87487,87487
87488,87488
87489,87489
87490,87490
87491,87491
87492,87492
87493,87493
87494,87494
87495,87495
87496,87496
87497,87497
87498,87498
87499,87499
87500,87500
87502,87502
87503,87503
87504,87504
87505,87505
87506,87506
87507,87507
87508,87508
87510,87510
87511,87511
87512,87512
87513,87513
87514,87514
87515,87515
87516,87516
87517,87517
87518,87518
87519,87519
87520,87520
87521,87521
87522,87522
87523,87523
87524,87524
87525,87525
87526,87526
87527,87527
87528,87528
87529,87529
87532,87532
87533,87533
87534,87534
87535,87535
87536,87536
87537,87537
87538,87538
87539,87539
87540,87540
87541,87541
87542,87542
87543,87543
87544,87544
87545,87545
87546,87546
87547,87547
87548,87548
87549,87549
87550,87550
87551,87551
87552,87552
87553,87553
87554,87554
87555,87555
87556,87556
87557,87557
87558,87558
87559,87559
87560,87560
87561,87561
87562,87562
87563,87563
87564,87564
87565,87565
87566,87566
87567,87567
87568,87568
87569,87569
87570,87570
87571,87571
87572,87572
87573,87573
87574,87574
87575,87575
87576,87576
87577,87577
87578,87578
87579,87579
87580,87580
87581,87581
87582,87582
87583,87583
87584,87584
87585,87585
87586,87586
87587,87587
87589,87589
87590,87590
87591,87591
87592,87592
87593,87593
87594,87594
87595,87595
87596,87596
87597,87597
87598,87598
87599,87599
87600,87600
87601,87601
87602,87602
87603,87603
87604,87604
87605,87605
87606,87606
87607,87607
87608,87608
87609,87609
87610,87610
87611,87611
87612,87612
87613,87613
87614,87614
87615,87615
87616,87616
87617,87617
87618,87618
87619,87619
87620,87620
87621,87621
87622,87622
87623,87623
87624,87624
87625,87625
87626,87626
87627,87627
87628,87628
87629,87629
87630,87630
87631,87631
87632,87632
87633,87633
87634,87634
87635,87635
87636,87636
87637,87637
87638,87638
87639,87639
87640,87640
87641,87641
87642,87642
87643,87643
87644,87644
87645,87645
87646,87646
87647,87647
87648,87648
87649,87649
87650,87650
87651,87651
87652,87652
87653,87653
87654,87654
87655,87655
87656,87656
87658,87658
87659,87659
87660,87660
87661,87661
87662,87662
87663,87663
87664,87664
87665,87665
87666,87666
87667,87667
87668,87668
87669,87669
87670,87670
87671,87671
87672,87672
87673,87673
87674,87674
87675,87675
87676,87676
87677,87677
87678,87678
87679,87679
87680,87680
87682,87682
87683,87683
87684,87684
87685,87685
87686,87686
87687,87687
87688,87688
87689,87689
87690,87690
87692,87692
87693,87693
87694,87694
87695,87695
87696,87696
87697,87697
87698,87698
87699,87699
87700,87700
87702,87702
87703,87703
87704,87704
87705,87705
87706,87706
87707,87707
87708,87708
87709,87709
87710,87710
87711,87711
87712,87712
87713,87713
87714,87714
87715,87715
87716,87716
87717,87717
87718,87718
87719,87719
87720,87720
87721,87721
87722,87722
87723,87723
87724,87724
87725,87725
87726,87726
87727,87727
87728,87728
87729,87729
87730,87730
87731,87731
87732,87732
87733,87733
87734,87734
87735,87735
87736,87736
87737,87737
87738,87738
87739,87739
87740,87740
87741,87741
87742,87742
87743,87743
87744,87744
87745,87745
87746,87746
87747,87747
87748,87748
87749,87749
87750,87750
87751,87751
87752,87752
87753,87753
87754,87754
87755,87755
87756,87756
87757,87757
87758,87758
87759,87759
87760,87760
87761,87761
87762,87762
87763,87763
87764,87764
87765,87765
87766,87766
87767,87767
87768,87768
87769,87769
87770,87770
87771,87771
87772,87772
87773,87773
87774,87774
87775,87775
87776,87776
87777,87777
87778,87778
87779,87779
87780,87780
87781,87781
87782,87782
87783,87783
87784,87784
87785,87785
87786,87786
87787,87787
87788,87788
87789,87789
87790,87790
87791,87791
87792,87792
87793,87793
87794,87794
87795,87795
87796,87796
87797,87797
87798,87798
87799,87799
87800,87800
87801,87801
87802,87802
87803,87803
87804,87804
87805,87805
87806,87806
87807,87807
87808,87808
87809,87809
87810,87810
87811,87811
87812,87812
87813,87813
87814,87814
87815,87815
87816,87816
87817,87817
87818,87818
87819,87819
87820,87820
87821,87821
87822,87822
87823,87823
87824,87824
87825,87825
87826,87826
87827,87827
87828,87828
87829,87829
87830,87830
87831,87831
87832,87832
87833,87833
87834,87834
87835,87835
87836,87836
87837,87837
87838,87838
87839,87839
87840,87840
87841,87841
87842,87842
87843,87843
87844,87844
87845,87845
87846,87846
87847,87847
87848,87848
87849,87849
87850,87850
87851,87851
87852,87852
87853,87853
87854,87854
87855,87855
87856,87856
87857,87857
87858,87858
87859,87859
87860,87860
87861,87861
87862,87862
87863,87863
87864,87864
87865,87865
87866,87866
87867,87867
87868,87868
87869,87869
87870,87870
87871,87871
87872,87872
87873,87873
87874,87874
87875,87875
87876,87876
87877,87877
87878,87878
87879,87879
87880,87880
87881,87881
87882,87882
87883,87883
87884,87884
87885,87885
87886,87886
87887,87887
87888,87888
87889,87889
87890,87890
87891,87891
87892,87892
87893,87893
87894,87894
87895,87895
87896,87896
87897,87897
87898,87898
87899,87899
87900,87900
87901,87901
87902,87902
87903,87903
87904,87904
87905,87905
87906,87906
87907,87907
87908,87908
87909,87909
87910,87910
87911,87911
87912,87912
87913,87913
87914,87914
87915,87915
87916,87916
87917,87917
87918,87918
87919,87919
87920,87920
87921,87921
87922,87922
87923,87923
87924,87924
87925,87925
87926,87926
87927,87927
87928,87928
87929,87929
87930,87930
87931,87931
87932,87932
87933,87933
87934,87934
87935,87935
87936,87936
87937,87937
87938,87938
87939,87939
87940,87940
87941,87941
87942,87942
87943,87943
87944,87944
87945,87945
87946,87946
87947,87947
87948,87948
87949,87949
87950,87950
87951,87951
87952,87952
87953,87953
87954,87954
87955,87955
87956,87956
87957,87957
87958,87958
87959,87959
87960,87960
87961,87961
87962,87962
87963,87963
87964,87964
87965,87965
87966,87966
87967,87967
87968,87968
87969,87969
87970,87970
87971,87971
87972,87972
87973,87973
87974,87974
87975,87975
87976,87976
87977,87977
87978,87978
87979,87979
87980,87980
87981,87981
87982,87982
87983,87983
87984,87984
87985,87985
87986,87986
87987,87987
87988,87988
87989,87989
87990,87990
87991,87991
87992,87992
87993,87993
87994,87994
87995,87995
87996,87996
87997,87997
87998,87998
87999,87999
88000,88000
88001,88001
88002,88002
88003,88003
88004,88004
88005,88005
88006,88006
88007,88007
88008,88008
88009,88009
88010,88010
88011,88011
8801166650472,96490
88012,88012
88013,88013
88014,88014
88015,88015
88016,88016
88017,88017
88018,88018
88019,88019
88020,88020
88021,88021
88022,88022
88023,88023
88025,88025
88026,88026
88027,88027
88028,88028
88029,88029
88030,88030
88031,88031
88032,88032
88033,88033
88034,88034
88035,88035
88036,88036
88037,88037
88038,88038
88039,88039
88040,88040
88041,88041
88042,88042
88043,88043
88044,88044
88045,88045
88046,88046
88047,88047
88048,88048
88049,88049
88050,88050
88051,88051
88052,88052
88053,88053
88054,88054
88055,88055
88056,88056
88057,88057
88058,88058
88059,88059
88060,88060
8806044013752,96507
88061,88061
8806107604798,89679
88062,88062
88063,88063
88064,88064
88065,88065
88066,88066
88067,88067
8806718008954,92265
8806718031938,92309
88068,88068
88069,88069
88070,88070
88071,88071
88072,88072
88073,88073
88074,88074
88075,88075
88076,88076
88077,88077
88078,88078
88079,88079
88080,88080
88081,88081
88082,88082
88083,88083
88084,88084
88085,88085
88086,88086
88087,88087
88088,88088
88089,88089
88090,88090
88091,88091
88092,88092
88093,88093
8809369850248,96417
8809369850255,96420
8809369850323,96419
8809369850361,96423
8809369850415,96416
8809369850439,96421
8809369850491,96422
8809369850545,96418
88094,88094
88095,88095
88097,88097
88098,88098
88099,88099
88100,88100
88101,88101
88102,88102
88103,88103
88104,88104
88105,88105
88106,88106
88107,88107
88108,88108
88109,88109
88110,88110
88111,88111
88112,88112
88113,88113
88114,88114
88115,88115
88116,88116
88117,88117
88118,88118
88119,88119
88120,88120
88121,88121
88122,88122
88123,88123
88124,88124
88125,88125
88126,88126
88127,88127
88128,88128
88129,88129
88130,88130
88131,88131
88132,88132
88133,88133
88134,88134
88135,88135
88136,88136
88137,88137
88138,88138
88139,88139
88140,88140
88141,88141
88142,88142
88143,88143
88144,88144
88145,88145
88146,88146
88147,88147
88148,88148
88149,88149
88150,88150
88151,88151
88152,88152
88153,88153
88154,88154
88155,88155
88156,88156
88157,88157
88158,88158
88159,88159
88161,88161
88162,88162
88163,88163
88164,88164
88165,88165
88166,88166
88167,88167
88168,88168
88169,88169
88170,88170
88171,88171
88172,88172
88173,88173
88174,88174
88175,88175
88176,88176
88177,88177
88178,88178
88179,88179
88180,88180
88181,88181
88182,88182
88183,88183
88184,88184
88185,88185
88186,88186
88187,88187
88188,88188
88189,88189
88190,88190
88191,88191
88192,88192
88193,88193
88194,88194
88195,88195
88196,88196
88197,88197
88198,88198
88199,88199
88200,88200
88201,88201
88202,88202
88203,88203
88204,88204
88205,88205
88206,88206
88207,88207
88208,88208
88209,88209
88210,88210
88211,88211
88212,88212
88213,88213
88214,88214
88215,88215
88216,88216
88217,88217
88218,88218
88219,88219
88220,88220
88221,88221
88222,88222
88223,88223
88224,88224
88225,88225
88226,88226
88227,88227
88228,88228
88229,88229
88230,88230
88231,88231
88232,88232
88233,88233
88234,88234
88235,88235
88236,88236
88237,88237
88238,88238
88239,88239
88240,88240
88241,88241
88242,88242
88243,88243
88244,88244
88245,88245
88246,88246
88247,88247
88248,88248
88249,88249
88250,88250
88251,88251
88252,88252
88253,88253
88254,88254
88255,88255
88256,88256
88257,88257
88258,88258
88259,88259
88260,88260
88261,88261
88262,88262
88263,88263
88264,88264
88265,88265
88266,88266
88267,88267
88268,88268
88269,88269
88270,88270
88271,88271
88272,88272
88273,88273
88274,88274
88275,88275
88276,88276
88277,88277
88278,88278
88279,88279
88280,88280
88281,88281
88282,88282
88283,88283
88284,88284
88285,88285
88286,88286
88287,88287
88288,88288
88289,88289
88290,88290
88291,88291
88293,88293
88294,88294
88295,88295
88296,88296
88297,88297
88298,88298
88299,88299
88300,88300
88301,88301
88302,88302
88303,88303
88304,88304
88305,88305
88306,88306
88307,88307
88308,88308
88309,88309
88310,88310
88311,88311
88312,88312
88313,88313
88314,88314
883140000778,97049
88315,88315
88316,88316
88317,88317
88318,88318
88319,88319
88320,88320
88321,88321
88322,88322
88323,88323
88324,88324
88325,88325
88326,88326
88328,88328
88329,88329
88330,88330
88331,88331
88332,88332
88333,88333
88334,88334
88335,88335
88336,88336
88337,88337
88338,88338
88339,88339
88340,88340
88341,88341
88342,88342
88343,88343
88344,88344
88345,88345
88346,88346
88347,88347
88348,88348
88349,88349
88350,88350
88351,88351
88352,88352
88353,88353
88354,88354
88355,88355
88356,88356
88357,88357
88358,88358
88359,88359
88360,88360
88361,88361
88362,88362
88363,88363
88364,88364
88365,88365
88366,88366
88367,88367
88368,88368
88369,88369
88370,88370
88371,88371
88372,88372
88373,88373
88374,88374
88375,88375
88376,88376
88377,88377
88378,88378
88379,88379
88380,88380
88381,88381
88382,88382
88383,88383
88384,88384
88385,88385
88386,88386
88387,88387
88388,88388
88389,88389
88390,88390
88391,88391
88392,88392
88393,88393
88394,88394
88395,88395
88396,88396
88397,88397
88398,88398
88399,88399
88400,88400
88401,88401
88402,88402
88403,88403
88404,88404
88405,88405
88406,88406
88407,88407
88408,88408
88409,88409
88410,88410
88411,88411
88412,88412
88413,88413
88414,88414
88415,88415
88416,88416
88417,88417
88418,88418
88419,88419
88420,88420
88421,88421
88422,88422
88423,88423
88424,88424
88425,88425
88426,88426
88427,88427
88428,88428
88429,88429
88430,88430
88431,88431
88432,88432
88433,88433
88434,88434
88435,88435
88436,88436
88437,88437
88438,88438
88439,88439
88440,88440
88441,88441
88442,88442
88443,88443
88444,88444
88445,88445
88446,88446
88447,88447
88448,88448
88449,88449
88450,88450
88451,88451
88452,88452
88453,88453
88454,88454
88455,88455
88456,88456
88457,88457
88458,88458
88459,88459
88460,88460
88461,88461
88462,88462
88463,88463
88464,88464
88465,88465
88466,88466
88467,88467
88468,88468
88469,88469
88470,88470
88471,88471
88472,88472
88473,88473
88474,88474
88475,88475
88476,88476
88477,88477
88478,88478
88479,88479
88480,88480
88481,88481
88482,88482
88483,88483
88484,88484
88485,88485
88486,88486
88487,88487
88488,88488
88489,88489
88490,88490
88491,88491
88492,88492
88493,88493
88494,88494
88495,88495
88496,88496
88497,88497
88498,88498
88499,88499
88500,88500
88501,88501
88502,88502
88503,88503
88504,88504
88505,88505
88506,88506
88507,88507
8850769011975,95100
8850769011982,91645
8850769012019,98333
8850769012996,97537
8850769020359,98940
8850769020502,98334
8850769024203,97690
8850769025262,98941
88508,88508
88509,88509
88510,88510
88511,88511
88512,88512
88513,88513
88514,88514
88515,88515
88516,88516
88517,88517
88518,88518
88519,88519
88520,88520
88521,88521
88522,88522
88523,88523
88524,88524
88525,88525
88526,88526
88527,88527
88528,88528
88529,88529
8852961008944,92585
8852961011524,94512
8852961011890,93936
8852961011913,94942
8852961019599,92585
8852961019605,96723
88530,88530
88531,88531
88532,88532
88533,88533
88534,88534
88535,88535
88536,88536
88537,88537
88538,88538
88539,88539
88540,88540
88541,88541
88542,88542
88543,88543
88544,88544
88545,88545
88546,88546
88547,88547
88548,88548
88549,88549
88550,88550
88551,88551
88552,88552
88553,88553
88554,88554
88555,88555
88556,88556
88557,88557
88558,88558
88559,88559
88560,88560
88561,88561
88562,88562
88563,88563
88564,88564
88565,88565
88566,88566
88567,88567
88568,88568
88569,88569
88570,88570
88571,88571
88572,88572
88573,88573
88574,88574
88575,88575
88576,88576
88577,88577
88578,88578
88579,88579
88580,88580
88581,88581
88582,88582
88583,88583
88584,88584
88585,88585
88586,88586
88587,88587
88588,88588
88589,88589
88590,88590
88591,88591
8859130608042,89643
8859130608059,83628
88592,88592
88593,88593
88594,88594
88595,88595
88596,88596
88597,88597
88598,88598
88599,88599
88600,88600
88601,88601
88602,88602
88603,88603
88604,88604
88605,88605
88606,88606
88607,88607
88608,88608
88609,88609
88610,88610
88611,88611
88612,88612
88613,88613
88614,88614
88615,88615
88616,88616
88617,88617
88618,88618
88619,88619
88620,88620
88621,88621
88622,88622
88623,88623
88624,88624
88625,88625
88626,88626
88627,88627
88628,88628
88629,88629
88630,88630
88631,88631
88632,88632
88633,88633
88634,88634
88635,88635
88636,88636
88637,88637
88638,88638
88639,88639
88640,88640
88641,88641
88642,88642
88643,88643
88644,88644
88645,88645
88646,88646
88647,88647
88648,88648
88649,88649
88650,88650
88651,88651
88652,88652
88653,88653
88654,88654
88655,88655
88656,88656
88657,88657
88658,88658
88659,88659
88660,88660
88661,88661
88662,88662
88663,88663
88664,88664
88665,88665
88666,88666
88667,88667
88668,88668
88669,88669
88670,88670
88671,88671
88672,88672
88673,88673
88674,88674
88675,88675
88676,88676
88677,88677
88678,88678
88679,88679
88680,88680
88681,88681
88682,88682
88683,88683
88684,88684
88685,88685
88686,88686
88687,88687
88688,88688
88689,88689
88690,88690
88691,88691
88692,88692
88693,88693
88694,88694
88695,88695
88696,88696
88697,88697
88698,88698
88699,88699
88700,88700
88701,88701
88702,88702
88703,88703
88704,88704
88705,88705
88706,88706
88707,88707
88708,88708
88709,88709
88710,88710
88711,88711
88712,88712
88713,88713
88714,88714
88715,88715
88716,88716
88717,88717
88718,88718
88719,88719
88720,88720
88721,88721
88722,88722
88723,88723
88724,88724
88725,88725
88726,88726
88727,88727
88728,88728
88729,88729
88730,88730
88731,88731
88732,88732
88733,88733
88734,88734
88735,88735
88736,88736
88737,88737
88738,88738
88739,88739
88740,88740
88741,88741
88742,88742
88743,88743
88744,88744
88745,88745
88746,88746
88747,88747
88748,88748
88749,88749
88750,88750
88751,88751
88752,88752
88753,88753
88754,88754
88755,88755
88756,88756
88757,88757
88758,88758
88759,88759
88760,88760
88761,88761
88762,88762
88763,88763
88764,88764
88765,88765
88767,88767
88768,88768
88769,88769
88770,88770
88771,88771
88772,88772
88773,88773
88774,88774
88775,88775
88776,88776
88777,88777
88778,88778
88779,88779
88780,88780
88781,88781
88782,88782
88783,88783
88784,88784
88785,88785
88786,88786
88787,88787
88788,88788
88789,88789
88790,88790
88791,88791
88792,88792
88793,88793
88794,88794
88795,88795
88796,88796
88797,88797
88798,88798
88800,88800
88801,88801
88802,88802
88803,88803
88804,88804
88805,88805
88806,88806
88807,88807
88808,88808
88809,88809
88810,88810
88811,88811
88812,88812
88814,88814
88815,88815
88816,88816
88817,88817
88818,88818
88819,88819
88820,88820
88821,88821
88822,88822
88823,88823
88824,88824
88825,88825
88826,88826
88827,88827
88828,88828
88829,88829
88830,88830
88831,88831
88832,88832
88833,88833
88834,88834
88835,88835
88836,88836
88837,88837
88838,88838
88839,88839
88840,88840
88841,88841
88842,88842
88843,88843
88844,88844
88845,88845
88846,88846
88847,88847
88848,88848
88849,88849
88850,88850
88851,88851
88852,88852
88853,88853
88854,88854
88855,88855
88856,88856
88857,88857
88858,88858
88859,88859
88860,88860
88861,88861
88862,88862
88863,88863
88864,88864
8886451000989,89155
8886451000996,89167
8886451001009,82489
8886451001016,87103
8886451005304,95805
8886451005618,95757
8886451005724,95882
8886451007155,96873
8886451007995,95805
8886451008718,98759
8886451010056,89155
8886451011275,89167
8886451018038,89694
88865,88865
88866,88866
88867,88867
88868,88868
88869,88869
88870,88870
88871,88871
88872,88872
88873,88873
88874,88874
88875,88875
88876,88876
88877,88877
88878,88878
88879,88879
88880,88880
88881,88881
88882,88882
88883,88883
88884,88884
88885,88885
88886,88886
88887,88887
88888,88888
88889,88889
88890,88890
88891,88891
88892,88892
88893,88893
88894,88894
88895,88895
88896,88896
88897,88897
88898,88898
88899,88899
88900,88900
88901,88901
88902,88902
88903,88903
88904,88904
88905,88905
88906,88906
88907,88907
88908,88908
88909,88909
88910,88910
88911,88911
88912,88912
88913,88913
88914,88914
88915,88915
88916,88916
88917,88917
88918,88918
88919,88919
88920,88920
88921,88921
88922,88922
88923,88923
88924,88924
88925,88925
88926,88926
88927,88927
88928,88928
88929,88929
88930,88930
88931,88931
88933,88933
88934,88934
88935,88935
88936,88936
88937,88937
88938,88938
88939,88939
88940,88940
88941,88941
88942,88942
88943,88943
88944,88944
88945,88945
88946,88946
88947,88947
88948,88948
88949,88949
88950,88950
88951,88951
88952,88952
88953,88953
88954,88954
88955,88955
88956,88956
88957,88957
88958,88958
88959,88959
88960,88960
88961,88961
88963,88963
88964,88964
88965,88965
88966,88966
88967,88967
88968,88968
88969,88969
88970,88970
88971,88971
88972,88972
88973,88973
88974,88974
88975,88975
88976,88976
88977,88977
88978,88978
88979,88979
88980,88980
88981,88981
88982,88982
88983,88983
88984,88984
88985,88985
88986,88986
88987,88987
88988,88988
88989,88989
88990,88990
88991,88991
88992,88992
88993,88993
88994,88994
88995,88995
88996,88996
88997,88997
88998,88998
88999,88999
89000,89000
89001,89001
89002,89002
89003,89003
89004,89004
89005,89005
89006,89006
89007,89007
89008,89008
89009,89009
89010,89010
8901079006097,91465
8901079006547,98229
8901079017499,98651
8901079017536,98650
8901079017543,98002
8901079018281,92480
89011,89011
8901114003005,98039
8901117105515,96144
8901127005119,93820
8901127005638,95553
8901127007199,91092
8901127007205,91868
8901127008233,93423
8901127009247,91469
8901127009490,96768
8901127010922,96987
8901127011363,91472
8901127011585,92169
8901127012735,96787
8901127017242,91476
8901127018430,98058
8901127022703,97668
8901127033013,96721
8901127037127,98902
8901138011000,93034
8901138100629,93033
8901138500719,91916
8901138505974,98578
8901138506513,93036
8901138712204,98579
8901138824822,93035
89012,89012
8901296011256,97667
8901296015261,98115
8901296043776,94742
8901296043783,95655
8901296046401,93803
8901296046418,93824
8901296053072,97991
8901296056677,91479
8901296056691,91804
8901296300794,93819
8901296302576,97703
8901296302941,93820
89013,89013
89014,89014
8901463128046,98616
89015,89015
89016,89016
89017,89017
8901790714509,97217
89018,89018
89019,89019
89020,89020
8902031803730,94027
89021,89021
89022,89022
89023,89023
8902319011598,98877
8902319011604,97789
8902319028350,98448
8902319031961,97581
8902319070045,96521
8902319070052,96537
8902319121181,97789
8902382230018,95122
8902396022128,95901
89024,89024
89025,89025
89026,89026
89027,89027
89028,89028
89029,89029
89030,89030
89031,89031
89032,89032
89033,89033
89034,89034
89035,89035
89036,89036
89037,89037
8903703009627,96471
89038,89038
8903840007555,92256
8903840009849,98689
89039,89039
89040,89040
8904091101597,91343
8904091101610,90187
8904091102808,91534
8904091103300,90617
8904091103607,90042
8904091103850,92613
8904091106011,93705
8904091109418,92970
8904091110032,95884
8904091113613,89771
8904091119837,91798
8904091123636,95699
8904091124282,95698
8904091133338,96942
8904091135134,93085
8904091146215,90043
8904091146611,95697
8904091149216,90573
8904091150441,90213
8904091183425,92848
8904091183432,92806
8904091184477,92482
8904091184545,92041
8904091184552,92040
8904091191666,98101
8904092908843,94975
89041,89041
8904102202794,94025
8904102204279,96056
8904102204729,95289
8904102205399,96548
8904102205412,97574
8904102205467,97704
8904102205511,97571
8904112512371,92660
8904112512388,92661
8904112512708,93611
8904112512715,91261
8904112513439,94851
8904112514276,97839
8904112514436,98758
8904112520956,93609
8904112520970,93608
8904112521410,98228
8904112521458,97454
8904112521564,98056
8904112521588,93946
8904151826170,97384
8904151826187,98411
8904159611211,96240
8904159611235,86754
8904159611303,96451
8904159612324,94047
8904159612331,94023
8904159612843,95600
8904159613949,03400
8904159622644,97979
8904159622651,97980
8904159628073,95058
8904159628288,97662
8904159628394,97745
8904159671574,97944
8904159675480,97978
8904159675497,97981
8904159677446,98606
8904180900438,92662
8904180900445,93612
8904180901107,98114
8904180901121,96994
8904180901138,96627
8904180902487,96724
8904180913490,97993
8904182012429,98615
8904185600005,98797
8904185600128,98258
89042,89042
8904242400258,91384
8904242400265,91261
8904242400272,93611
8904242400289,92718
8904242400296,92820
8904242400302,98725
8904242400326,91305
8904242400333,97479
8904242400340,93574
8904242400364,98474
8904242400609,98190
89043,89043
8904324900164,96626
8904324900171,96599
8904324900362,92129
8904324900379,92720
8904324900539,97670
8904324900614,96508
8904324905169,96600
8904324905176,97490
8904324905909,97996
8904324906197,98754
89044,89044
89045,89045
89046,89046
89047,89047
89048,89048
89049,89049
89050,89050
8905013002503,97573
89051,89051
89052,89052
89053,89053
89054,89054
89055,89055
89056,89056
89057,89057
89058,89058
89059,89059
89060,89060
8906000020463,95441
8906000020470,94844
8906014102438,85750
8906044954267,96198
8906045625937,97684
8906046200607,97995
8906046202755,94850
8906046202830,97674
8906061481784,98135
89061,89061
8906101920778,95494
8906101920945,96388
8906101921034,97572
8906101924684,96328
89062,89062
89063,89063
89064,89064
89065,89065
89066,89066
89067,89067
89068,89068
89069,89069
89070,89070
89071,89071
89072,89072
89073,89073
89074,89074
89075,89075
89076,89076
8907695035114,95694
89077,89077
89078,89078
89079,89079
89080,89080
8908000432291,92129
8908000432307,92720
8908000435025,93610
8908002671032,90858
8908002671131,90731
8908002671797,93995
8908006740246,96617
8908006740680,98542
89081,89081
89082,89082
89083,89083
89084,89084
89085,89085
89086,89086
89087,89087
89088,89088
89089,89089
89090,89090
89091,89091
89093,89093
89094,89094
89095,89095
89096,89096
89097,89097
89098,89098
89099,89099
89100,89100
89101,89101
891019002037,90953
89102,89102
89103,89103
89104,89104
89105,89105
89106,89106
89107,89107
89108,89108
89110,89110
89111,89111
89112,89112
89113,89113
89114,89114
89115,89115
89116,89116
89117,89117
89118,89118
89119,89119
89120,89120
89121,89121
89122,89122
89123,89123
89124,89124
89125,89125
89126,89126
89127,89127
89128,89128
89129,89129
89130,89130
89131,89131
89132,89132
89133,89133
89134,89134
89135,89135
89136,89136
89137,89137
89138,89138
89139,89139
89140,89140
89141,89141
89142,89142
89143,89143
89144,89144
89145,89145
89146,89146
89147,89147
89148,89148
89149,89149
89150,89150
89151,89151
89152,89152
89153,89153
89154,89154
89155,89155
89156,89156
89157,89157
89158,89158
89159,89159
89160,89160
89161,89161
89162,89162
89163,89163
89164,89164
89165,89165
89166,89166
89167,89167
89168,89168
89169,89169
89170,89170
89171,89171
89172,89172
89173,89173
89174,89174
89175,89175
89176,89176
89177,89177
89178,89178
89179,89179
89180,89180
89181,89181
89182,89182
89183,89183
89184,89184
89185,89185
89186,89186
89188,89188
89189,89189
89190,89190
89191,89191
89192,89192
89193,89193
89194,89194
89195,89195
89196,89196
89197,89197
89198,89198
89199,89199
89200,89200
89201,89201
89202,89202
89203,89203
89204,89204
89205,89205
89206,89206
89207,89207
89208,89208
89209,89209
89210,89210
89211,89211
89212,89212
89213,89213
89214,89214
89215,89215
89216,89216
89217,89217
89218,89218
89219,89219
89220,89220
89221,89221
89222,89222
89223,89223
89224,89224
89225,89225
89226,89226
89227,89227
89228,89228
89229,89229
89230,89230
89231,89231
89232,89232
89233,89233
89234,89234
89235,89235
89236,89236
89237,89237
89238,89238
89239,89239
89240,89240
89241,89241
89242,89242
89243,89243
89244,89244
89245,89245
89246,89246
89247,89247
89248,89248
89249,89249
89250,89250
89251,89251
89252,89252
89253,89253
89254,89254
89255,89255
89256,89256
89257,89257
89258,89258
89259,89259
89260,89260
89261,89261
89262,89262
89263,89263
89264,89264
89265,89265
89266,89266
89267,89267
89268,89268
89269,89269
89270,89270
89271,89271
89272,89272
89273,89273
89274,89274
89275,89275
89276,89276
89277,89277
89278,89278
89279,89279
89280,89280
89281,89281
89282,89282
89283,89283
89284,89284
89285,89285
89286,89286
89287,89287
89288,89288
89289,89289
89290,89290
89291,89291
89292,89292
89293,89293
89294,89294
89295,89295
89296,89296
89297,89297
89298,89298
89299,89299
89300,89300
89301,89301
89302,89302
89303,89303
89304,89304
89305,89305
89306,89306
89307,89307
89308,89308
89309,89309
89310,89310
89311,89311
89312,89312
89313,89313
89314,89314
89315,89315
89316,89316
89317,89317
89318,89318
89319,89319
89320,89320
89321,89321
89322,89322
89323,89323
89324,89324
89325,89325
89326,89326
89327,89327
89328,89328
89329,89329
89330,89330
89331,89331
89332,89332
89333,89333
89334,89334
89335,89335
89336,89336
89337,89337
89338,89338
89339,89339
89340,89340
89341,89341
89342,89342
89343,89343
89344,89344
89345,89345
89346,89346
89347,89347
89348,89348
89349,89349
89350,89350
89351,89351
89352,89352
89353,89353
89354,89354
89355,89355
89356,89356
89357,89357
89358,89358
89359,89359
89360,89360
8936075730165,97707
89361,89361
89362,89362
8936218616240,98810
89363,89363
89364,89364
89365,89365
89366,89366
89367,89367
89368,89368
89369,89369
89370,89370
89371,89371
89372,89372
89373,89373
89374,89374
89375,89375
89376,89376
89377,89377
89378,89378
89379,89379
89380,89380
89381,89381
89382,89382
89383,89383
89384,89384
89385,89385
89386,89386
89387,89387
89388,89388
89389,89389
89390,89390
89391,89391
89392,89392
89394,89394
89395,89395
89396,89396
89397,89397
89398,89398
89399,89399
89400,89400
89401,89401
89402,89402
89404,89404
89405,89405
89406,89406
89407,89407
89408,89408
89409,89409
89410,89410
89411,89411
89412,89412
89413,89413
89414,89414
89415,89415
89416,89416
89417,89417
89418,89418
89419,89419
89420,89420
89421,89421
89422,89422
89423,89423
89424,89424
89426,89426
89427,89427
89428,89428
89429,89429
89430,89430
89431,89431
89432,89432
89433,89433
89434,89434
89435,89435
89436,89436
89437,89437
89438,89438
89439,89439
89440,89440
89441,89441
89442,89442
89443,89443
89444,89444
89445,89445
89446,89446
89447,89447
89448,89448
89449,89449
89450,89450
89451,89451
89452,89452
89453,89453
89454,89454
89455,89455
89456,89456
89457,89457
89458,89458
89459,89459
89460,89460
89461,89461
89462,89462
89463,89463
89464,89464
89465,89465
89466,89466
89467,89467
89468,89468
89469,89469
89470,89470
89471,89471
89472,89472
89473,89473
89474,89474
89475,89475
89476,89476
89477,89477
89478,89478
89479,89479
89480,89480
89481,89481
89482,89482
89483,89483
89484,89484
89485,89485
89486,89486
89487,89487
89488,89488
89489,89489
89490,89490
89491,89491
89492,89492
89493,89493
89494,89494
89495,89495
89496,89496
89497,89497
89498,89498
89499,89499
89500,89500
89501,89501
89502,89502
89503,89503
89504,89504
89505,89505
89506,89506
89507,89507
89508,89508
89509,89509
89510,89510
89511,89511
89512,89512
89513,89513
89514,89514
89515,89515
89516,89516
89517,89517
89518,89518
89519,89519
89520,89520
89521,89521
89522,89522
89523,89523
89524,89524
89525,89525
89526,89526
89527,89527
89528,89528
89529,89529
89530,89530
89531,89531
89532,89532
89533,89533
89534,89534
89535,89535
89536,89536
89537,89537
89538,89538
89539,89539
89540,89540
89541,89541
89542,89542
89543,89543
89544,89544
89545,89545
89546,89546
89547,89547
89548,89548
89549,89549
89550,89550
89551,89551
89552,89552
89553,89553
89554,89554
89555,89555
89556,89556
89557,89557
89558,89558
89559,89559
89560,89560
89561,89561
89562,89562
89563,89563
89564,89564
89565,89565
89566,89566
89567,89567
89568,89568
89569,89569
89570,89570
89571,89571
89572,89572
89573,89573
89574,89574
89575,89575
89576,89576
89577,89577
89578,89578
89579,89579
89580,89580
89581,89581
89582,89582
89583,89583
89584,89584
89585,89585
89586,89586
89587,89587
89588,89588
89589,89589
89590,89590
89591,89591
89592,89592
89593,89593
89594,89594
89595,89595
89596,89596
89597,89597
89598,89598
89599,89599
89600,89600
89601,89601
89602,89602
89603,89603
89604,89604
89605,89605
89606,89606
89607,89607
89608,89608
89609,89609
89610,89610
89611,89611
89612,89612
89613,89613
89614,89614
89615,89615
89616,89616
89617,89617
89618,89618
89619,89619
89620,89620
89621,89621
89622,89622
89623,89623
89624,89624
89625,89625
89626,89626
89627,89627
89628,89628
89629,89629
89630,89630
89631,89631
89632,89632
89633,89633
89634,89634
89635,89635
89636,89636
89637,89637
89638,89638
89639,89639
89640,89640
89641,89641
89642,89642
89643,89643
89644,89644
89645,89645
89646,89646
89647,89647
89648,89648
89649,89649
89650,89650
89651,89651
89652,89652
89653,89653
89654,89654
89655,89655
89656,89656
89657,89657
89658,89658
89659,89659
89660,89660
89661,89661
89662,89662
89663,89663
89664,89664
89665,89665
89666,89666
89667,89667
89668,89668
89669,89669
89670,89670
89671,89671
89672,89672
89673,89673
89674,89674
89675,89675
89676,89676
89677,89677
89678,89678
89679,89679
89680,89680
89681,89681
89682,89682
89683,89683
89684,89684
89685,89685
89686,89686
89687,89687
89688,89688
89689,89689
89690,89690
89691,89691
89692,89692
89693,89693
89694,89694
89695,89695
89696,89696
89697,89697
89698,89698
89699,89699
89700,89700
89701,89701
89702,89702
89703,89703
89704,89704
89705,89705
89706,89706
89707,89707
89708,89708
89709,89709
89710,89710
89711,89711
89712,89712
89713,89713
89714,89714
89715,89715
89716,89716
89717,89717
89718,89718
89719,89719
89720,89720
89721,89721
89722,89722
89723,89723
89724,89724
89725,89725
89726,89726
89727,89727
89728,89728
89729,89729
89730,89730
89731,89731
89732,89732
89733,89733
89734,89734
89735,89735
89736,89736
89737,89737
89738,89738
89739,89739
89740,89740
89741,89741
89742,89742
89743,89743
89744,89744
89745,89745
89746,89746
89747,89747
89748,89748
89749,89749
89750,89750
89751,89751
89752,89752
89753,89753
89754,89754
89755,89755
89756,89756
89757,89757
89758,89758
89759,89759
89760,89760
89761,89761
89762,89762
89763,89763
89764,89764
89765,89765
89766,89766
89767,89767
89768,89768
89769,89769
89770,89770
89771,89771
89772,89772
89773,89773
89774,89774
89775,89775
89776,89776
89777,89777
89778,89778
89779,89779
89780,89780
89781,89781
89782,89782
89783,89783
89784,89784
89785,89785
89786,89786
89787,89787
89788,89788
89789,89789
89790,89790
89791,89791
89792,89792
89793,89793
89794,89794
89795,89795
89796,89796
89797,89797
89798,89798
89799,89799
89800,89800
89801,89801
89802,89802
89803,89803
89804,89804
89805,89805
89806,89806
89807,89807
89808,89808
89809,89809
89810,89810
89811,89811
89812,89812
89813,89813
89814,89814
89815,89815
89816,89816
89817,89817
89818,89818
89819,89819
89820,89820
89821,89821
89822,89822
89823,89823
89824,89824
89825,89825
89826,89826
89827,89827
89828,89828
89829,89829
89830,89830
89831,89831
89832,89832
89833,89833
89834,89834
89835,89835
89836,89836
89837,89837
89838,89838
89839,89839
89840,89840
89841,89841
89842,89842
89843,89843
89844,89844
89845,89845
89846,89846
89847,89847
89848,89848
89849,89849
89850,89850
89851,89851
898515001106,93712
89852,89852
89853,89853
89854,89854
89855,89855
89856,89856
89857,89857
89858,89858
89859,89859
89860,89860
89861,89861
89862,89862
89863,89863
89864,89864
89865,89865
89866,89866
89867,89867
89868,89868
89869,89869
89870,89870
89871,89871
89872,89872
89873,89873
89874,89874
89875,89875
89876,89876
89877,89877
89878,89878
89879,89879
89880,89880
89881,89881
89882,89882
89883,89883
89884,89884
89885,89885
89886,89886
89887,89887
89888,89888
89889,89889
89890,89890
89891,89891
89892,89892
89893,89893
89894,89894
89895,89895
89896,89896
89897,89897
89898,89898
89899,89899
89900,89900
89901,89901
89902,89902
89903,89903
89904,89904
89905,89905
89906,89906
89907,89907
89908,89908
89909,89909
89910,89910
89911,89911
89912,89912
89913,89913
89914,89914
89915,89915
89916,89916
89917,89917
89918,89918
89919,89919
89920,89920
89921,89921
89922,89922
89923,89923
89924,89924
89925,89925
89926,89926
89927,89927
89928,89928
89929,89929
89930,89930
89931,89931
89932,89932
89933,89933
89934,89934
89935,89935
89936,89936
89937,89937
89938,89938
89939,89939
89940,89940
89941,89941
89942,89942
89943,89943
89944,89944
89945,89945
89946,89946
89947,89947
89948,89948
89949,89949
89950,89950
89951,89951
89952,89952
89953,89953
89954,89954
89955,89955
89956,89956
89957,89957
89958,89958
89959,89959
89960,89960
89961,89961
89962,89962
89963,89963
89964,89964
89965,89965
89966,89966
89967,89967
89968,89968
89969,89969
89970,89970
89971,89971
89972,89972
89973,89973
89974,89974
89975,89975
89976,89976
89977,89977
89978,89978
89979,89979
89980,89980
89981,89981
89982,89982
89983,89983
89984,89984
89985,89985
89986,89986
89987,89987
89988,89988
89989,89989
89990,89990
89991,89991
89992,89992
89993,89993
89994,89994
89995,89995
89996,89996
89997,89997
89998,89998
89999,89999
90000,90000
90001,90001
90002,90002
90003,90003
90004,90004
90005,90005
90006,90006
90007,90007
90008,90008
90009,90009
90010,90010
90011,90011
90012,90012
90013,90013
90014,90014
90015,90015
90016,90016
90017,90017
90018,90018
90019,90019
90020,90020
90021,90021
90022,90022
9002240000018,98795
9002240001015,92304
9002260014477,78951
90023,90023
90024,90024
9002490100070,85065
90025,90025
90026,90026
90027,90027
90028,90028
90029,90029
90030,90030
90031,90031
9003165676890,98462
90032,90032
90033,90033
90034,90034
90035,90035
90036,90036
90037,90037
90038,90038
90039,90039
90040,90040
90041,90041
90042,90042
90043,90043
90044,90044
90045,90045
90046,90046
90047,90047
90048,90048
90049,90049
90050,90050
90051,90051
90052,90052
90053,90053
90054,90054
90055,90055
90056,90056
90057,90057
90058,90058
90059,90059
90060,90060
90061,90061
90062,90062
90063,90063
90064,90064
90065,90065
90066,90066
90067,90067
90068,90068
90069,90069
90070,90070
90071,90071
90072,90072
90073,90073
90074,90074
90075,90075
90076,90076
90077,90077
90078,90078
90079,90079
90080,90080
90081,90081
90082,90082
90083,90083
90084,90084
90085,90085
90086,90086
90087,90087
90088,90088
90089,90089
90090,90090
90091,90091
90092,90092
90093,90093
90094,90094
90095,90095
90096,90096
90097,90097
90098,90098
90099,90099
90100,90100
90101,90101
90102,90102
90103,90103
90104,90104
90105,90105
90106,90106
90107,90107
90108,90108
90109,90109
90110,90110
90111,90111
90112,90112
90113,90113
90114,90114
90115,90115
90116,90116
90117,90117
90118,90118
90119,90119
90120,90120
90121,90121
90122,90122
90123,90123
90124,90124
90125,90125
90126,90126
90127,90127
90128,90128
90129,90129
90130,90130
90131,90131
90132,90132
90133,90133
90134,90134
90135,90135
90136,90136
90137,90137
90138,90138
90139,90139
90140,90140
90141,90141
90142,90142
90143,90143
90144,90144
90145,90145
90146,90146
90147,90147
90148,90148
90149,90149
90150,90150
90151,90151
90152,90152
90153,90153
90154,90154
90155,90155
90156,90156
90157,90157
90158,90158
90159,90159
90160,90160
90161,90161
90162,90162
90163,90163
90164,90164
90165,90165
90166,90166
90167,90167
90168,90168
90169,90169
90170,90170
90171,90171
90172,90172
90173,90173
90174,90174
90175,90175
90176,90176
90177,90177
90178,90178
90179,90179
90180,90180
90181,90181
90182,90182
90183,90183
90184,90184
90185,90185
90186,90186
90187,90187
90188,90188
90189,90189
90190,90190
90191,90191
90192,90192
90193,90193
90194,90194
90195,90195
90196,90196
90197,90197
90198,90198
90199,90199
90200,90200
90201,90201
90202,90202
90203,90203
90204,90204
90205,90205
90206,90206
90207,90207
90208,90208
90209,90209
90210,90210
90211,90211
90212,90212
90213,90213
90214,90214
90215,90215
90216,90216
90217,90217
90218,90218
90219,90219
90220,90220
90221,90221
90222,90222
90223,90223
90224,90224
90225,90225
90226,90226
90227,90227
90228,90228
90229,90229
90230,90230
90231,90231
90232,90232
90233,90233
90234,90234
90235,90235
90236,90236
90237,90237
90238,90238
90239,90239
90240,90240
90241,90241
90242,90242
90243,90243
90244,90244
90245,90245
90246,90246
90247,90247
90248,90248
90249,90249
90250,90250
90251,90251
90252,90252
90253,90253
90254,90254
90255,90255
90256,90256
90257,90257
90258,90258
90259,90259
90260,90260
90261,90261
90262,90262
90263,90263
90264,90264
90265,90265
90266,90266
90267,90267
90268,90268
90269,90269
90270,90270
90271,90271
90272,90272
90273,90273
90274,90274
90275,90275
90276,90276
90277,90277
90278,90278
90279,90279
90280,90280
90281,90281
90282,90282
90283,90283
90284,90284
90285,90285
90286,90286
90287,90287
90288,90288
90289,90289
90290,90290
90291,90291
90292,90292
90293,90293
90294,90294
90295,90295
90296,90296
90297,90297
90298,90298
90299,90299
90300,90300
90301,90301
90302,90302
90303,90303
90304,90304
90305,90305
90306,90306
90307,90307
90308,90308
90309,90309
90310,90310
90311,90311
90312,90312
90313,90313
90314,90314
90315,90315
90316,90316
90317,90317
90318,90318
90319,90319
90320,90320
90321,90321
90322,90322
90323,90323
90324,90324
90325,90325
90326,90326
90327,90327
90328,90328
90329,90329
90330,90330
90331,90331
90332,90332
90333,90333
90334,90334
90335,90335
90336,90336
90337,90337
90338,90338
90339,90339
90340,90340
90341,90341
90342,90342
90343,90343
90344,90344
90345,90345
90346,90346
90347,90347
90348,90348
90349,90349
90350,90350
90351,90351
90352,90352
90353,90353
90354,90354
90355,90355
90356,90356
90357,90357
90358,90358
90359,90359
90360,90360
90361,90361
90362,90362
90363,90363
90364,90364
90365,90365
90366,90366
90367,90367
90368,90368
90369,90369
90370,90370
90371,90371
90372,90372
90373,90373
90374,90374
90375,90375
90376,90376
90377,90377
90378,90378
90379,90379
90380,90380
90381,90381
90382,90382
90425,90425
90426,90426
90427,90427
90428,90428
90429,90429
90430,90430
90431,90431
90432,90432
90433,90433
90434,90434
90435,90435
90436,90436
90437,90437
90438,90438
90439,90439
90440,90440
90441,90441
90442,90442
90443,90443
90444,90444
90445,90445
90446,90446
90447,90447
90448,90448
90449,90449
90450,90450
90451,90451
90452,90452
90453,90453
90454,90454
90455,90455
90456,90456
90457,90457
90458,90458
90459,90459
90460,90460
90461,90461
90462,90462
90463,90463
90464,90464
90465,90465
90466,90466
90467,90467
90468,90468
90469,90469
90470,90470
90471,90471
90472,90472
90473,90473
90474,90474
90475,90475
90476,90476
90477,90477
90478,90478
90479,90479
90480,90480
90481,90481
90482,90482
90483,90483
90484,90484
90485,90485
90486,90486
90487,90487
90488,90488
90489,90489
90490,90490
90491,90491
90492,90492
90493,90493
90494,90494
90495,90495
90496,90496
90497,90497
90498,90498
90499,90499
90500,90500
90501,90501
90502,90502
90503,90503
90504,90504
90505,90505
90506,90506
90507,90507
90508,90508
90509,90509
90510,90510
90511,90511
90512,90512
90513,90513
90514,90514
90515,90515
90516,90516
90517,90517
90518,90518
90519,90519
90520,90520
90521,90521
90522,90522
90523,90523
90524,90524
90525,90525
90526,90526
90527,90527
90528,90528
90529,90529
90530,90530
90531,90531
90532,90532
90533,90533
90534,90534
90535,90535
90536,90536
90537,90537
90538,90538
90539,90539
90540,90540
90541,90541
90542,90542
90543,90543
90544,90544
90545,90545
90546,90546
90547,90547
90548,90548
90549,90549
90550,90550
90551,90551
90552,90552
90553,90553
90554,90554
90555,90555
90556,90556
90557,90557
90558,90558
90559,90559
90560,90560
90561,90561
90562,90562
90563,90563
90564,90564
90565,90565
90566,90566
90567,90567
90568,90568
90569,90569
90570,90570
90571,90571
90572,90572
90573,90573
90574,90574
90575,90575
90576,90576
90577,90577
90578,90578
90579,90579
90580,90580
90581,90581
90582,90582
90583,90583
90584,90584
90585,90585
90586,90586
90587,90587
90588,90588
90589,90589
90590,90590
90591,90591
90592,90592
90593,90593
90594,90594
90595,90595
90596,90596
90597,90597
90598,90598
90599,90599
90600,90600
90601,90601
90602,90602
90603,90603
90604,90604
90605,90605
90606,90606
90607,90607
90608,90608
90609,90609
90610,90610
90611,90611
90612,90612
90613,90613
90614,90614
90615,90615
90616,90616
90617,90617
90618,90618
90619,90619
90620,90620
90621,90621
90622,90622
90623,90623
90624,90624
90625,90625
90626,90626
90627,90627
90628,90628
90629,90629
90630,90630
90631,90631
90632,90632
90633,90633
90634,90634
90635,90635
90636,90636
90637,90637
90638,90638
90639,90639
90640,90640
90641,90641
90642,90642
90643,90643
90644,90644
90645,90645
90646,90646
90647,90647
90648,90648
90649,90649
90650,90650
90651,90651
90652,90652
90653,90653
90654,90654
90655,90655
90656,90656
90657,90657
90658,90658
90659,90659
90660,90660
90661,90661
90662,90662
90663,90663
90664,90664
90665,90665
90666,90666
90667,90667
90668,90668
90669,90669
90670,90670
90671,90671
90672,90672
90673,90673
90674,90674
90675,90675
90676,90676
90677,90677
90678,90678
90679,90679
90680,90680
90681,90681
90682,90682
90683,90683
90684,90684
90685,90685
90686,90686
90687,90687
90688,90688
90689,90689
90690,90690
90691,90691
90692,90692
90693,90693
90694,90694
90695,90695
90696,90696
90697,90697
90698,90698
90699,90699
90700,90700
90701,90701
90702,90702
90703,90703
90704,90704
90705,90705
90706,90706
90707,90707
90708,90708
90709,90709
90710,90710
90711,90711
90712,90712
90713,90713
90714,90714
90715,90715
90716,90716
90717,90717
90718,90718
90719,90719
90720,90720
90721,90721
90722,90722
90723,90723
90724,90724
90725,90725
90726,90726
90727,90727
90728,90728
90729,90729
90730,90730
90731,90731
90732,90732
90733,90733
90734,90734
90735,90735
90736,90736
90737,90737
90738,90738
90739,90739
90740,90740
90741,90741
90742,90742
90743,90743
90744,90744
90745,90745
90746,90746
90747,90747
90748,90748
90749,90749
90750,90750
90751,90751
90752,90752
90753,90753
90754,90754
90755,90755
90756,90756
90757,90757
90758,90758
90759,90759
90760,90760
90761,90761
90762,90762
90763,90763
90764,90764
90765,90765
90766,90766
90767,90767
90768,90768
90769,90769
90770,90770
90771,90771
90772,90772
90773,90773
90774,90774
90775,90775
90776,90776
90777,90777
90778,90778
90779,90779
90780,90780
90781,90781
90782,90782
90783,90783
90784,90784
90785,90785
90786,90786
90787,90787
90788,90788
90789,90789
90790,90790
90791,90791
90792,90792
90793,90793
90794,90794
90795,90795
90796,90796
90797,90797
90798,90798
90799,90799
90800,90800
90801,90801
90802,90802
90803,90803
90804,90804
90805,90805
90806,90806
90807,90807
90808,90808
90809,90809
90810,90810
90811,90811
90812,90812
90813,90813
90814,90814
90815,90815
90816,90816
90817,90817
90818,90818
90819,90819
90820,90820
90821,90821
90822,90822
90823,90823
90824,90824
90825,90825
90826,90826
90827,90827
90828,90828
90829,90829
90830,90830
90831,90831
90832,90832
90833,90833
90834,90834
90835,90835
90836,90836
90837,90837
90838,90838
90839,90839
90840,90840
90841,90841
90842,90842
90843,90843
90844,90844
90845,90845
90846,90846
90847,90847
90848,90848
90849,90849
90850,90850
90851,90851
90852,90852
90853,90853
90854,90854
90855,90855
90856,90856
90857,90857
90858,90858
90859,90859
90860,90860
90861,90861
90862,90862
90863,90863
90864,90864
90865,90865
90866,90866
90867,90867
90868,90868
90869,90869
90870,90870
90871,90871
90872,90872
90873,90873
90874,90874
90875,90875
90876,90876
90877,90877
90878,90878
90879,90879
90880,90880
90881,90881
90882,90882
90883,90883
90884,90884
90885,90885
90886,90886
90887,90887
90888,90888
90889,90889
90890,90890
90891,90891
90892,90892
90893,90893
90894,90894
90895,90895
90897,90897
90898,90898
90899,90899
90900,90900
90901,90901
90902,90902
90903,90903
90904,90904
90905,90905
90906,90906
90907,90907
90908,90908
90909,90909
90910,90910
90911,90911
90912,90912
90913,90913
90914,90914
90915,90915
90916,90916
90917,90917
90918,90918
90919,90919
90920,90920
90921,90921
90922,90922
90923,90923
90924,90924
90925,90925
90926,90926
90927,90927
90928,90928
90929,90929
90930,90930
90931,90931
90932,90932
90933,90933
90934,90934
90935,90935
90936,90936
90937,90937
90938,90938
90939,90939
90940,90940
90941,90941
90942,90942
90943,90943
90944,90944
90945,90945
90946,90946
90947,90947
90948,90948
90949,90949
90950,90950
90951,90951
90952,90952
90953,90953
90954,90954
90955,90955
90956,90956
90957,90957
90958,90958
90959,90959
90960,90960
90961,90961
90962,90962
90963,90963
90964,90964
90965,90965
90966,90966
90967,90967
90968,90968
90969,90969
90970,90970
90971,90971
90972,90972
90973,90973
90974,90974
90975,90975
90976,90976
90977,90977
90978,90978
90979,90979
90980,90980
90981,90981
90982,90982
90983,90983
90984,90984
90985,90985
90986,90986
90987,90987
90988,90988
90989,90989
90990,90990
90991,90991
90992,90992
90993,90993
90994,90994
90995,90995
90996,90996
90997,90997
90998,90998
90999,90999
91000,91000
91001,91001
91002,91002
91003,91003
91004,91004
91005,91005
91006,91006
91007,91007
91008,91008
91009,91009
91010,91010
91011,91011
91012,91012
91013,91013
91014,91014
91015,91015
91016,91016
91017,91017
91018,91018
91019,91019
91020,91020
91021,91021
91022,91022
91023,91023
91024,91024
91025,91025
91026,91026
91027,91027
91028,91028
91029,91029
91030,91030
91031,91031
91032,91032
91033,91033
91034,91034
91035,91035
91036,91036
91037,91037
91038,91038
91039,91039
91040,91040
91041,91041
91042,91042
91043,91043
91044,91044
91045,91045
91046,91046
91047,91047
91048,91048
91049,91049
91050,91050
91051,91051
91052,91052
91053,91053
91054,91054
91055,91055
91056,91056
91057,91057
91058,91058
91059,91059
91060,91060
91061,91061
91062,91062
91063,91063
91064,91064
91065,91065
91066,91066
91067,91067
91068,91068
91069,91069
91070,91070
91071,91071
91072,91072
91073,91073
91074,91074
91075,91075
91076,91076
91077,91077
91078,91078
91079,91079
91080,91080
91081,91081
91082,91082
91083,91083
91084,91084
91085,91085
91086,91086
91087,91087
91088,91088
91089,91089
91090,91090
91091,91091
91092,91092
91093,91093
91094,91094
91095,91095
91096,91096
91097,91097
91098,91098
91099,91099
91100,91100
91101,91101
91102,91102
91103,91103
91104,91104
91105,91105
91106,91106
91107,91107
91108,91108
91109,91109
91110,91110
91111,91111
91112,91112
91113,91113
91114,91114
91115,91115
91116,91116
91117,91117
91118,91118
91119,91119
91120,91120
91121,91121
91122,91122
91123,91123
91124,91124
91125,91125
91126,91126
91127,91127
91128,91128
91129,91129
91130,91130
91131,91131
91132,91132
91133,91133
91134,91134
91135,91135
91136,91136
91137,91137
91138,91138
91139,91139
91140,91140
91141,91141
91142,91142
91143,91143
91144,91144
91145,91145
91146,91146
91147,91147
91148,91148
91149,91149
91150,91150
91151,91151
91152,91152
91153,91153
91154,91154
91155,91155
91156,91156
91157,91157
91158,91158
91159,91159
91160,91160
91161,91161
91162,91162
91163,91163
91164,91164
91165,91165
91166,91166
91167,91167
91168,91168
91169,91169
91170,91170
91171,91171
91172,91172
91173,91173
91174,91174
91175,91175
91176,91176
91177,91177
91178,91178
91179,91179
91180,91180
91181,91181
91182,91182
91183,91183
91184,91184
91185,91185
91186,91186
91187,91187
91188,91188
91189,91189
91190,91190
91191,91191
91192,91192
91193,91193
91194,91194
91195,91195
91196,91196
91197,91197
91198,91198
91199,91199
91200,91200
91201,91201
91202,91202
91203,91203
91204,91204
91205,91205
91206,91206
91207,91207
91208,91208
91209,91209
91210,91210
91211,91211
91212,91212
91213,91213
91214,91214
91215,91215
91216,91216
91217,91217
91218,91218
91219,91219
91220,91220
91221,91221
91222,91222
91223,91223
91224,91224
91225,91225
91226,91226
91227,91227
91228,91228
91229,91229
91230,91230
91231,91231
91232,91232
91233,91233
91234,91234
91235,91235
91236,91236
91237,91237
91238,91238
91239,91239
91240,91240
91241,91241
91242,91242
91243,91243
91244,91244
91245,91245
91246,91246
91247,91247
91248,91248
91249,91249
91250,91250
91251,91251
91252,91252
91253,91253
91254,91254
91255,91255
91256,91256
91257,91257
91258,91258
91259,91259
91260,91260
91261,91261
91262,91262
91263,91263
91264,91264
91265,91265
91266,91266
91267,91267
91268,91268
91269,91269
91270,91270
91271,91271
91272,91272
91273,91273
91274,91274
91275,91275
91276,91276
91277,91277
91278,91278
91279,91279
91280,91280
91281,91281
91282,91282
91283,91283
91284,91284
91285,91285
91286,91286
91287,91287
91288,91288
91289,91289
91290,91290
91291,91291
91292,91292
91293,91293
91294,91294
91295,91295
91296,91296
91297,91297
91298,91298
91299,91299
91300,91300
91301,91301
91302,91302
91303,91303
91304,91304
91305,91305
91306,91306
91307,91307
91308,91308
91309,91309
91310,91310
91311,91311
91312,91312
91313,91313
91314,91314
91315,91315
91316,91316
91317,91317
91318,91318
91319,91319
91320,91320
91321,91321
91322,91322
91323,91323
91324,91324
91325,91325
91326,91326
91327,91327
91328,91328
91329,91329
91330,91330
91331,91331
91332,91332
91333,91333
91334,91334
91335,91335
91336,91336
91337,91337
91338,91338
91339,91339
91340,91340
91341,91341
91342,91342
91343,91343
91344,91344
91345,91345
91346,91346
91347,91347
91348,91348
91349,91349
91350,91350
91351,91351
91352,91352
91353,91353
91354,91354
91355,91355
91356,91356
91357,91357
91358,91358
91359,91359
91360,91360
91361,91361
91362,91362
91363,91363
91364,91364
91365,91365
91366,91366
91367,91367
91368,91368
91369,91369
91370,91370
91371,91371
91372,91372
91373,91373
91374,91374
91375,91375
91376,91376
91377,91377
91378,91378
91379,91379
91380,91380
91381,91381
91382,91382
91383,91383
91384,91384
91385,91385
91386,91386
91387,91387
91388,91388
91389,91389
91390,91390
91391,91391
91392,91392
91393,91393
91394,91394
91395,91395
91396,91396
91397,91397
91398,91398
91399,91399
91400,91400
91401,91401
91402,91402
91403,91403
91404,91404
91405,91405
91406,91406
91407,91407
91408,91408
91409,91409
91410,91410
91411,91411
91412,91412
91413,91413
91414,91414
91415,91415
91416,91416
91417,91417
91418,91418
91419,91419
91420,91420
91421,91421
91422,91422
91423,91423
91424,91424
91425,91425
91426,91426
91427,91427
91428,91428
91429,91429
91430,91430
91431,91431
91432,91432
91433,91433
91434,91434
91435,91435
91436,91436
91437,91437
91438,91438
91439,91439
91440,91440
91441,91441
91442,91442
91443,91443
91444,91444
91445,91445
91446,91446
91447,91447
91448,91448
91449,91449
91450,91450
91451,91451
91452,91452
91453,91453
91454,91454
91455,91455
91456,91456
91457,91457
91458,91458
91459,91459
91460,91460
91461,91461
91462,91462
91463,91463
91464,91464
91465,91465
91466,91466
91467,91467
91468,91468
91469,91469
91470,91470
91471,91471
91472,91472
91473,91473
91474,91474
91475,91475
91476,91476
91477,91477
91478,91478
91479,91479
91480,91480
91481,91481
91482,91482
91483,91483
91484,91484
91485,91485
91486,91486
91487,91487
91488,91488
91489,91489
91490,91490
91491,91491
91492,91492
91493,91493
91494,91494
91495,91495
91496,91496
91497,91497
91498,91498
91499,91499
91500,91500
91501,91501
91502,91502
91503,91503
91504,91504
91505,91505
91506,91506
91507,91507
91508,91508
91509,91509
91510,91510
91511,91511
91512,91512
91513,91513
91514,91514
91515,91515
91516,91516
91517,91517
91518,91518
91519,91519
91520,91520
91521,91521
91522,91522
91523,91523
91524,91524
91525,91525
91526,91526
91527,91527
91528,91528
91529,91529
91530,91530
91531,91531
91532,91532
91533,91533
91534,91534
91535,91535
91536,91536
91537,91537
91538,91538
91539,91539
91540,91540
91541,91541
91542,91542
91543,91543
91544,91544
91545,91545
91546,91546
91547,91547
91548,91548
91549,91549
91550,91550
91551,91551
91552,91552
91553,91553
91554,91554
91555,91555
91556,91556
91557,91557
91558,91558
91559,91559
91560,91560
91561,91561
91562,91562
91563,91563
91564,91564
91565,91565
91566,91566
91567,91567
91568,91568
91569,91569
91570,91570
91571,91571
91572,91572
91573,91573
91574,91574
91575,91575
91576,91576
91577,91577
91578,91578
91579,91579
91580,91580
91581,91581
91582,91582
91583,91583
91584,91584
91585,91585
91586,91586
91587,91587
91588,91588
91589,91589
91590,91590
91591,91591
91592,91592
91593,91593
91594,91594
91595,91595
91596,91596
91597,91597
91598,91598
91599,91599
91600,91600
91601,91601
91602,91602
91603,91603
91604,91604
91605,91605
91606,91606
91607,91607
91608,91608
91609,91609
91610,91610
91611,91611
91612,91612
91613,91613
91614,91614
91615,91615
91616,91616
91617,91617
91618,91618
91619,91619
91620,91620
91621,91621
91622,91622
91623,91623
91624,91624
91625,91625
91626,91626
91627,91627
91628,91628
91629,91629
91630,91630
91631,91631
91632,91632
91633,91633
91634,91634
91635,91635
91636,91636
91637,91637
91638,91638
91639,91639
91640,91640
91641,91641
91642,91642
91643,91643
91644,91644
91645,91645
91646,91646
91647,91647
91648,91648
91649,91649
91650,91650
91651,91651
91652,91652
91653,91653
91654,91654
91655,91655
91656,91656
91657,91657
91658,91658
91659,91659
91660,91660
91661,91661
91662,91662
91663,91663
91664,91664
91665,91665
91666,91666
91667,91667
91668,91668
91669,91669
91670,91670
91671,91671
91672,91672
91673,91673
91674,91674
91675,91675
91676,91676
91677,91677
91678,91678
91679,91679
91680,91680
91681,91681
91682,91682
91683,91683
91684,91684
91685,91685
91686,91686
91687,91687
91688,91688
91689,91689
91690,91690
91691,91691
91692,91692
91693,91693
91694,91694
91695,91695
91696,91696
91697,91697
91698,91698
91699,91699
91700,91700
91701,91701
91702,91702
91703,91703
91704,91704
91705,91705
91706,91706
91707,91707
91708,91708
91709,91709
91710,91710
91711,91711
91712,91712
91713,91713
91714,91714
91715,91715
91716,91716
91717,91717
91718,91718
91719,91719
91720,91720
91721,91721
91722,91722
91723,91723
91724,91724
91725,91725
91726,91726
91727,91727
91728,91728
91729,91729
91730,91730
91731,91731
91732,91732
91733,91733
91734,91734
91735,91735
91736,91736
91737,91737
91738,91738
91739,91739
91740,91740
91741,91741
91742,91742
91743,91743
91744,91744
91745,91745
91746,91746
91747,91747
91748,91748
91749,91749
91750,91750
91751,91751
91752,91752
91753,91753
91754,91754
91755,91755
91756,91756
91757,91757
91758,91758
91759,91759
91760,91760
91761,91761
91762,91762
91763,91763
91764,91764
91765,91765
91766,91766
91767,91767
91768,91768
91769,91769
91770,91770
91771,91771
91772,91772
91773,91773
91774,91774
91775,91775
91776,91776
91777,91777
91778,91778
91779,91779
91780,91780
91781,91781
91782,91782
91783,91783
91784,91784
91785,91785
91786,91786
91787,91787
91788,91788
91789,91789
91790,91790
91791,91791
91792,91792
91793,91793
91794,91794
91795,91795
91796,91796
91797,91797
91798,91798
91799,91799
91800,91800
91801,91801
91802,91802
91803,91803
91804,91804
91805,91805
91806,91806
91807,91807
91808,91808
91809,91809
91810,91810
91811,91811
91812,91812
91813,91813
91814,91814
91815,91815
91816,91816
91817,91817
91818,91818
91819,91819
91820,91820
91821,91821
91822,91822
91823,91823
91824,91824
91825,91825
91826,91826
91827,91827
91828,91828
91829,91829
91830,91830
91831,91831
91832,91832
91833,91833
91834,91834
91835,91835
91836,91836
91837,91837
91838,91838
91839,91839
91840,91840
91841,91841
91842,91842
91843,91843
91844,91844
91845,91845
91846,91846
91847,91847
91848,91848
91849,91849
91850,91850
91851,91851
91852,91852
91853,91853
91854,91854
91855,91855
91856,91856
91857,91857
91858,91858
91859,91859
91860,91860
91861,91861
91862,91862
91863,91863
91864,91864
91865,91865
91866,91866
91867,91867
91868,91868
91869,91869
91870,91870
91871,91871
91872,91872
91873,91873
91874,91874
91875,91875
91876,91876
91877,91877
91878,91878
91879,91879
91880,91880
91881,91881
91882,91882
91883,91883
91884,91884
91885,91885
91886,91886
91887,91887
91888,91888
91889,91889
91890,91890
91891,91891
91892,91892
91893,91893
91894,91894
91895,91895
91896,91896
91897,91897
91898,91898
91899,91899
91900,91900
91901,91901
91902,91902
91903,91903
91904,91904
91905,91905
91906,91906
91907,91907
91908,91908
91909,91909
91910,91910
91911,91911
91912,91912
91913,91913
91914,91914
91915,91915
91916,91916
91917,91917
91918,91918
91919,91919
91920,91920
91921,91921
91922,91922
91923,91923
91924,91924
91925,91925
91926,91926
91927,91927
91928,91928
91929,91929
91930,91930
91931,91931
91932,91932
91933,91933
91934,91934
91935,91935
91936,91936
91937,91937
91938,91938
91939,91939
91940,91940
91941,91941
91942,91942
91943,91943
91944,91944
91945,91945
91946,91946
91947,91947
91948,91948
91949,91949
91950,91950
91951,91951
91952,91952
91953,91953
91954,91954
91955,91955
91956,91956
91957,91957
91958,91958
91959,91959
91960,91960
91961,91961
91962,91962
91963,91963
91964,91964
91965,91965
91966,91966
91967,91967
91968,91968
91969,91969
91970,91970
91971,91971
91972,91972
91973,91973
91974,91974
91975,91975
91976,91976
91977,91977
91978,91978
91979,91979
91980,91980
91981,91981
91982,91982
91983,91983
91984,91984
91985,91985
91986,91986
91987,91987
91988,91988
91989,91989
91990,91990
91991,91991
91992,91992
91993,91993
91994,91994
91995,91995
91996,91996
91997,91997
91998,91998
91999,91999
92000,92000
92001,92001
92002,92002
92003,92003
92004,92004
92005,92005
92006,92006
92007,92007
92008,92008
92009,92009
92010,92010
92011,92011
92012,92012
92013,92013
92014,92014
92015,92015
92016,92016
92017,92017
92018,92018
92019,92019
92020,92020
92021,92021
92022,92022
92023,92023
92024,92024
92025,92025
92026,92026
92027,92027
92028,92028
92029,92029
92030,92030
92031,92031
92032,92032
92033,92033
92034,92034
92035,92035
92036,92036
92037,92037
92038,92038
92039,92039
92040,92040
92041,92041
92042,92042
92043,92043
92044,92044
92045,92045
92046,92046
92047,92047
92048,92048
92049,92049
92050,92050
9205018400007,93152
92051,92051
92052,92052
92053,92053
92054,92054
92055,92055
92056,92056
92057,92057
92058,92058
92059,92059
92060,92060
92061,92061
92062,92062
92063,92063
92064,92064
92065,92065
92066,92066
92067,92067
92068,92068
92069,92069
92070,92070
92071,92071
92072,92072
92073,92073
92074,92074
92075,92075
92076,92076
92077,92077
92078,92078
92079,92079
92080,92080
92081,92081
92082,92082
92083,92083
92084,92084
92085,92085
92086,92086
92087,92087
92088,92088
92089,92089
92090,92090
92091,92091
92092,92092
92093,92093
92094,92094
92095,92095
92096,92096
92097,92097
92098,92098
92099,92099
92100,92100
92101,92101
92102,92102
92103,92103
92104,92104
92105,92105
92106,92106
92107,92107
92108,92108
92109,92109
92110,92110
92111,92111
92112,92112
92113,92113
92114,92114
92115,92115
92116,92116
92117,92117
92118,92118
92119,92119
92120,92120
92121,92121
92122,92122
92123,92123
92124,92124
92125,92125
92126,92126
92127,92127
92128,92128
92129,92129
92130,92130
92131,92131
92132,92132
92133,92133
92134,92134
92135,92135
92136,92136
92137,92137
92138,92138
92139,92139
92140,92140
92141,92141
92142,92142
92143,92143
92144,92144
92145,92145
92146,92146
92147,92147
92148,92148
92149,92149
92150,92150
92151,92151
92152,92152
92153,92153
92154,92154
92155,92155
92156,92156
92157,92157
92158,92158
92159,92159
92160,92160
92161,92161
92162,92162
92163,92163
92164,92164
92165,92165
92166,92166
92167,92167
92168,92168
92169,92169
92170,92170
92171,92171
92172,92172
92173,92173
92174,92174
92175,92175
92176,92176
92177,92177
92178,92178
92179,92179
92180,92180
92181,92181
92182,92182
92183,92183
92184,92184
92185,92185
92186,92186
92187,92187
92188,92188
92189,92189
92190,92190
92191,92191
92192,92192
92193,92193
92194,92194
92195,92195
92196,92196
92197,92197
92198,92198
92199,92199
92200,92200
92201,92201
92202,92202
92203,92203
92204,92204
92205,92205
92206,92206
92207,92207
92208,92208
92209,92209
92210,92210
92211,92211
92212,92212
92213,92213
92214,92214
92215,92215
92216,92216
92217,92217
92218,92218
92219,92219
92220,92220
92221,92221
92222,92222
92223,92223
92224,92224
92225,92225
92226,92226
92227,92227
92228,92228
92229,92229
92230,92230
92231,92231
92232,92232
92233,92233
92234,92234
92235,92235
92236,92236
92237,92237
92238,92238
92239,92239
92240,92240
92241,92241
92242,92242
92243,92243
92244,92244
92245,92245
92246,92246
92247,92247
92248,92248
92249,92249
92250,92250
92251,92251
92252,92252
92253,92253
92254,92254
92255,92255
92256,92256
92257,92257
92258,92258
92259,92259
92260,92260
92261,92261
92262,92262
92263,92263
92264,92264
92265,92265
92266,92266
92267,92267
92268,92268
92269,92269
92270,92270
92271,92271
92272,92272
92273,92273
92274,92274
92275,92275
92276,92276
92277,92277
92278,92278
92279,92279
92280,92280
92281,92281
92282,92282
92283,92283
92284,92284
92285,92285
92286,92286
92287,92287
92288,92288
92289,92289
92290,92290
92291,92291
92292,92292
92293,92293
92294,92294
92295,92295
92296,92296
92297,92297
92298,92298
92299,92299
92300,92300
92301,92301
92302,92302
92303,92303
92304,92304
92305,92305
92306,92306
92307,92307
92308,92308
92309,92309
92310,92310
92311,92311
92312,92312
92313,92313
92314,92314
92315,92315
92316,92316
92317,92317
92318,92318
92319,92319
92320,92320
92321,92321
92322,92322
92323,92323
92324,92324
92325,92325
92326,92326
92327,92327
92328,92328
92329,92329
92330,92330
92331,92331
92332,92332
92333,92333
92334,92334
92335,92335
92336,92336
92337,92337
92338,92338
92339,92339
92340,92340
92341,92341
92342,92342
92343,92343
92344,92344
92345,92345
92346,92346
92347,92347
92348,92348
92349,92349
92350,92350
92351,92351
92352,92352
92353,92353
92354,92354
92355,92355
92356,92356
92357,92357
92358,92358
92359,92359
92360,92360
92361,92361
92362,92362
92363,92363
92364,92364
92365,92365
92366,92366
92367,92367
92368,92368
92369,92369
92370,92370
92371,92371
92372,92372
92373,92373
92374,92374
92375,92375
92376,92376
92377,92377
92378,92378
92379,92379
92380,92380
92381,92381
92382,92382
92383,92383
92384,92384
92385,92385
92386,92386
92387,92387
92388,92388
92389,92389
92390,92390
92391,92391
92392,92392
92393,92393
92394,92394
92395,92395
92396,92396
92397,92397
92398,92398
92399,92399
92400,92400
92401,92401
92402,92402
92403,92403
92404,92404
92405,92405
92406,92406
92407,92407
92408,92408
92409,92409
92410,92410
92411,92411
92412,92412
92413,92413
92414,92414
92415,92415
92416,92416
92417,92417
92418,92418
92419,92419
92420,92420
92421,92421
92422,92422
92423,92423
92424,92424
92425,92425
92426,92426
92427,92427
92428,92428
92429,92429
92430,92430
92431,92431
92432,92432
92433,92433
92434,92434
92435,92435
92436,92436
92437,92437
92438,92438
92439,92439
92440,92440
92441,92441
92442,92442
92443,92443
92444,92444
92445,92445
92446,92446
92447,92447
92448,92448
92449,92449
92450,92450
92451,92451
92452,92452
92453,92453
92454,92454
92455,92455
92456,92456
92457,92457
92458,92458
92459,92459
92460,92460
92461,92461
92462,92462
92463,92463
92464,92464
92465,92465
92466,92466
92467,92467
92468,92468
92469,92469
92470,92470
92471,92471
92472,92472
92473,92473
92474,92474
92475,92475
92476,92476
92477,92477
92478,92478
92479,92479
92480,92480
92481,92481
92482,92482
92483,92483
92484,92484
92485,92485
92486,92486
92487,92487
92488,92488
92489,92489
92490,92490
92491,92491
92492,92492
92493,92493
92494,92494
92495,92495
92496,92496
92497,92497
92498,92498
92499,92499
92500,92500
92501,92501
92502,92502
92503,92503
92504,92504
92505,92505
92506,92506
92507,92507
92508,92508
92509,92509
92510,92510
92511,92511
92512,92512
92513,92513
92514,92514
92515,92515
92516,92516
92517,92517
92518,92518
92519,92519
92520,92520
92521,92521
92522,92522
92523,92523
92524,92524
92525,92525
92526,92526
92527,92527
92528,92528
92529,92529
92530,92530
92531,92531
92532,92532
92533,92533
92534,92534
92535,92535
92536,92536
92537,92537
92538,92538
92539,92539
92540,92540
92541,92541
92542,92542
92543,92543
92544,92544
92545,92545
92546,92546
92547,92547
92548,92548
92549,92549
92550,92550
92551,92551
92552,92552
92553,92553
92554,92554
92555,92555
92556,92556
92557,92557
92558,92558
92559,92559
92560,92560
92561,92561
92562,92562
92563,92563
92564,92564
92565,92565
92566,92566
92567,92567
92568,92568
92569,92569
92570,92570
92571,92571
92572,92572
92573,92573
92574,92574
92575,92575
92576,92576
92577,92577
92578,92578
92579,92579
92580,92580
92581,92581
92582,92582
92583,92583
92584,92584
92585,92585
92586,92586
92587,92587
92588,92588
92589,92589
92590,92590
92591,92591
92592,92592
92593,92593
92594,92594
92595,92595
92596,92596
92597,92597
92598,92598
92599,92599
92600,92600
92601,92601
92602,92602
92603,92603
92604,92604
92605,92605
92606,92606
92607,92607
92608,92608
92609,92609
92610,92610
92611,92611
92612,92612
92613,92613
92614,92614
92615,92615
92616,92616
92617,92617
92618,92618
92619,92619
92620,92620
92621,92621
92622,92622
92623,92623
92624,92624
92625,92625
92626,92626
92627,92627
92628,92628
92629,92629
92630,92630
92631,92631
92632,92632
92633,92633
92634,92634
92635,92635
92636,92636
92637,92637
92638,92638
92639,92639
92640,92640
92641,92641
92642,92642
92643,92643
92644,92644
92645,92645
92646,92646
92647,92647
92648,92648
92649,92649
92650,92650
92651,92651
92652,92652
92653,92653
92654,92654
92655,92655
92656,92656
92657,92657
92658,92658
92659,92659
92660,92660
92662,92662
92663,92663
92664,92664
92665,92665
92666,92666
92667,92667
92668,92668
92669,92669
92670,92670
92671,92671
92672,92672
92673,92673
92674,92674
92675,92675
92676,92676
92677,92677
92678,92678
92679,92679
92680,92680
92681,92681
92682,92682
92683,92683
92684,92684
92685,92685
92686,92686
92687,92687
92688,92688
92689,92689
92690,92690
92691,92691
92692,92692
92693,92693
92694,92694
92695,92695
92696,92696
92697,92697
92698,92698
92699,92699
92700,92700
92701,92701
92702,92702
92703,92703
92704,92704
92705,92705
92706,92706
92707,92707
92708,92708
92709,92709
92710,92710
92711,92711
92712,92712
92713,92713
92714,92714
92715,92715
92716,92716
92717,92717
92718,92718
92719,92719
92720,92720
92721,92721
92722,92722
92723,92723
92724,92724
92725,92725
92726,92726
92727,92727
92728,92728
92729,92729
92730,92730
92731,92731
92732,92732
92733,92733
92734,92734
92735,92735
92736,92736
92737,92737
92738,92738
92739,92739
92740,92740
92741,92741
92742,92742
92743,92743
92744,92744
92745,92745
92746,92746
92747,92747
92748,92748
92749,92749
92750,92750
92751,92751
92752,92752
92753,92753
92754,92754
92755,92755
92756,92756
92757,92757
92758,92758
92759,92759
92760,92760
92761,92761
92762,92762
92763,92763
92764,92764
92765,92765
92766,92766
92767,92767
92768,92768
92769,92769
92770,92770
92771,92771
92772,92772
92773,92773
92774,92774
92775,92775
92776,92776
92777,92777
92778,92778
92779,92779
92780,92780
92781,92781
92782,92782
92783,92783
92784,92784
92785,92785
92786,92786
92787,92787
92788,92788
92789,92789
92790,92790
92791,92791
92792,92792
92793,92793
92794,92794
92795,92795
92796,92796
92797,92797
92798,92798
92799,92799
92800,92800
92801,92801
92802,92802
92803,92803
92804,92804
92805,92805
92806,92806
92807,92807
92808,92808
92809,92809
92810,92810
92811,92811
92812,92812
92813,92813
92814,92814
92815,92815
92816,92816
92817,92817
92818,92818
92819,92819
92820,92820
92821,92821
92822,92822
92823,92823
92824,92824
92825,92825
92826,92826
92827,92827
92828,92828
92829,92829
92830,92830
92831,92831
92832,92832
92833,92833
92834,92834
92835,92835
92836,92836
92837,92837
92838,92838
92839,92839
92840,92840
92841,92841
92842,92842
92843,92843
92844,92844
92845,92845
92846,92846
92847,92847
92848,92848
92849,92849
92850,92850
92851,92851
92852,92852
92853,92853
92854,92854
92855,92855
92856,92856
92857,92857
92858,92858
92859,92859
92860,92860
92861,92861
92862,92862
92863,92863
92864,92864
92865,92865
92866,92866
92867,92867
92868,92868
92869,92869
92870,92870
92871,92871
92872,92872
92873,92873
92874,92874
92875,92875
92876,92876
92877,92877
92878,92878
92879,92879
92880,92880
92881,92881
92882,92882
92883,92883
92884,92884
92885,92885
92886,92886
92887,92887
92888,92888
92889,92889
92890,92890
92891,92891
92892,92892
92893,92893
92894,92894
92895,92895
92896,92896
92897,92897
92898,92898
92899,92899
92900,92900
92901,92901
92902,92902
92903,92903
92904,92904
92905,92905
92906,92906
92907,92907
92908,92908
92909,92909
92910,92910
92911,92911
92912,92912
92913,92913
92914,92914
92915,92915
92916,92916
92917,92917
92918,92918
92919,92919
92920,92920
92921,92921
92922,92922
92923,92923
92924,92924
92925,92925
92926,92926
92927,92927
92928,92928
92929,92929
92930,92930
92931,92931
92932,92932
92933,92933
92934,92934
92935,92935
92936,92936
92937,92937
92938,92938
92939,92939
92940,92940
92941,92941
92942,92942
92943,92943
92944,92944
92945,92945
92946,92946
92947,92947
92948,92948
92949,92949
92950,92950
92951,92951
92952,92952
92953,92953
92954,92954
92955,92955
92956,92956
92957,92957
92958,92958
92959,92959
92960,92960
92961,92961
92962,92962
92963,92963
92964,92964
92965,92965
92966,92966
92967,92967
92968,92968
92969,92969
92970,92970
92971,92971
92972,92972
92973,92973
92974,92974
92975,92975
92976,92976
92977,92977
92978,92978
92979,92979
92980,92980
92981,92981
92982,92982
92983,92983
92984,92984
92985,92985
92986,92986
92987,92987
92988,92988
92989,92989
92990,92990
92991,92991
92992,92992
92993,92993
92994,92994
92995,92995
92996,92996
92997,92997
92998,92998
92999,92999
93000,93000
93001,93001
93002,93002
93003,93003
93004,93004
93005,93005
93006,93006
93007,93007
93008,93008
93009,93009
93010,93010
93011,93011
93012,93012
93013,93013
93014,93014
93015,93015
93016,93016
93017,93017
93018,93018
93019,93019
93020,93020
93021,93021
93022,93022
93023,93023
93024,93024
93025,93025
93026,93026
93027,93027
93028,93028
93029,93029
93030,93030
93031,93031
93032,93032
93033,93033
93034,93034
93035,93035
93036,93036
93037,93037
93038,93038
93039,93039
93040,93040
93041,93041
93042,93042
93043,93043
93044,93044
93045,93045
93046,93046
93047,93047
93048,93048
93049,93049
93050,93050
93051,93051
93052,93052
93053,93053
93054,93054
93055,93055
93056,93056
93057,93057
93058,93058
93059,93059
93060,93060
93061,93061
93062,93062
93063,93063
93064,93064
93065,93065
93066,93066
93067,93067
93068,93068
93069,93069
93070,93070
93071,93071
93072,93072
93073,93073
93074,93074
93075,93075
93076,93076
93077,93077
93078,93078
93079,93079
93080,93080
93081,93081
93082,93082
93083,93083
93084,93084
93085,93085
93086,93086
93087,93087
93088,93088
93089,93089
93090,93090
93091,93091
93092,93092
93093,93093
93094,93094
93095,93095
93096,93096
93097,93097
93098,93098
93099,93099
93100,93100
93101,93101
93102,93102
93103,93103
93104,93104
93105,93105
93106,93106
93107,93107
93108,93108
93109,93109
93110,93110
93111,93111
93112,93112
93113,93113
93114,93114
93115,93115
93116,93116
93117,93117
93118,93118
93119,93119
93120,93120
93121,93121
93122,93122
93123,93123
93124,93124
93125,93125
93126,93126
93127,93127
93128,93128
93129,93129
93130,93130
93131,93131
93132,93132
93133,93133
93134,93134
93135,93135
93136,93136
93137,93137
93138,93138
93150,93150
93151,93151
93152,93152
93153,93153
93154,93154
93155,93155
93156,93156
93157,93157
93158,93158
93159,93159
93160,93160
93161,93161
93162,93162
93163,93163
93164,93164
93165,93165
93166,93166
93167,93167
93168,93168
93169,93169
93170,93170
93171,93171
93172,93172
93173,93173
93174,93174
93175,93175
93176,93176
93177,93177
93178,93178
93179,93179
93180,93180
93181,93181
93182,93182
93183,93183
93184,93184
93185,93185
93186,93186
93187,93187
93188,93188
93189,93189
93190,93190
93191,93191
93192,93192
93193,93193
93194,93194
93195,93195
93196,93196
93197,93197
93198,93198
93199,93199
93200,93200
93201,93201
93202,93202
93203,93203
93204,93204
93205,93205
93206,93206
93207,93207
93208,93208
93209,93209
93210,93210
93211,93211
93212,93212
93213,93213
93214,93214
93215,93215
93216,93216
93217,93217
93218,93218
93219,93219
93220,93220
93221,93221
93222,93222
93223,93223
93224,93224
93225,93225
93226,93226
93227,93227
93228,93228
93229,93229
93230,93230
93231,93231
93232,93232
93233,93233
93234,93234
93235,93235
93236,93236
93237,93237
93238,93238
93239,93239
93240,93240
93241,93241
93242,93242
93243,93243
93244,93244
93245,93245
93246,93246
93247,93247
93248,93248
93249,93249
93250,93250
93251,93251
93252,93252
93253,93253
93254,93254
93255,93255
93256,93256
93257,93257
93258,93258
93259,93259
93260,93260
93261,93261
93262,93262
93263,93263
93264,93264
93265,93265
93266,93266
93267,93267
93268,93268
93269,93269
93270,93270
93271,93271
93272,93272
93273,93273
93274,93274
93275,93275
93276,93276
93277,93277
93278,93278
93279,93279
93280,93280
93281,93281
93282,93282
93283,93283
93284,93284
93285,93285
93286,93286
93287,93287
93288,93288
93289,93289
93290,93290
93291,93291
93292,93292
93293,93293
93294,93294
93295,93295
93296,93296
93297,93297
93298,93298
93299,93299
93300,93300
93301,93301
93302,93302
93303,93303
93304,93304
93305,93305
93306,93306
93307,93307
93308,93308
93309,93309
93310,93310
93311,93311
93312,93312
93313,93313
93314,93314
93315,93315
93316,93316
93317,93317
93318,93318
93319,93319
93320,93320
93321,93321
93322,93322
93323,93323
93324,93324
93325,93325
93326,93326
93327,93327
93328,93328
93329,93329
93330,93330
93331,93331
93332,93332
93333,93333
93334,93334
93335,93335
93336,93336
93337,93337
93338,93338
93339,93339
93340,93340
93341,93341
93342,93342
93343,93343
93344,93344
93345,93345
93346,93346
93347,93347
93348,93348
93349,93349
93350,93350
93351,93351
93352,93352
93353,93353
93354,93354
93355,93355
93356,93356
93357,93357
93358,93358
93359,93359
93360,93360
93361,93361
93362,93362
93363,93363
93364,93364
93365,93365
93366,93366
93367,93367
93368,93368
93369,93369
93370,93370
93371,93371
93372,93372
93373,93373
93374,93374
93375,93375
93376,93376
93377,93377
93378,93378
93379,93379
93380,93380
93381,93381
93382,93382
93383,93383
93384,93384
93385,93385
93386,93386
93387,93387
93388,93388
93389,93389
93390,93390
93391,93391
93392,93392
93393,93393
93394,93394
93395,93395
93396,93396
93397,93397
93398,93398
93399,93399
93400,93400
93401,93401
93402,93402
93403,93403
93404,93404
93405,93405
93406,93406
93407,93407
93408,93408
93409,93409
93410,93410
93411,93411
93412,93412
93413,93413
93414,93414
93415,93415
93416,93416
93417,93417
93418,93418
93419,93419
93420,93420
93421,93421
93422,93422
93423,93423
93424,93424
93425,93425
93426,93426
93427,93427
93428,93428
93429,93429
93430,93430
93431,93431
93432,93432
93433,93433
93434,93434
93435,93435
93436,93436
93437,93437
93438,93438
93439,93439
93440,93440
93441,93441
93442,93442
93443,93443
93444,93444
93445,93445
93446,93446
93447,93447
93448,93448
93449,93449
93450,93450
93451,93451
93452,93452
93453,93453
93454,93454
93455,93455
93456,93456
93457,93457
93458,93458
93459,93459
93460,93460
93461,93461
93462,93462
93463,93463
93464,93464
93465,93465
93466,93466
93467,93467
93468,93468
93469,93469
93470,93470
93471,93471
93472,93472
93473,93473
93474,93474
93475,93475
93476,93476
93477,93477
93478,93478
93479,93479
93480,93480
93481,93481
93482,93482
93483,93483
93484,93484
93485,93485
93486,93486
93487,93487
93488,93488
93489,93489
93490,93490
93491,93491
93492,93492
93493,93493
93494,93494
93495,93495
93496,93496
93497,93497
93498,93498
93499,93499
93500,93500
93501,93501
93502,93502
93503,93503
93504,93504
93505,93505
93506,93506
93507,93507
93508,93508
93509,93509
93510,93510
93511,93511
93512,93512
93513,93513
93514,93514
93515,93515
93516,93516
93517,93517
93518,93518
93519,93519
93520,93520
93521,93521
93522,93522
93523,93523
93524,93524
93525,93525
93526,93526
93527,93527
93528,93528
93529,93529
93530,93530
93531,93531
93532,93532
93533,93533
93534,93534
93535,93535
93536,93536
93537,93537
93538,93538
93539,93539
93540,93540
93541,93541
93542,93542
93543,93543
93544,93544
93545,93545
93546,93546
93547,93547
93548,93548
93549,93549
93550,93550
93551,93551
93552,93552
93553,93553
93554,93554
93555,93555
93556,93556
93557,93557
93558,93558
93559,93559
93560,93560
93561,93561
93562,93562
93563,93563
93564,93564
93565,93565
93566,93566
93567,93567
93568,93568
93569,93569
93570,93570
93571,93571
93572,93572
93573,93573
93574,93574
93575,93575
93576,93576
93577,93577
93578,93578
93579,93579
93580,93580
93581,93581
93582,93582
93583,93583
93584,93584
93585,93585
93586,93586
93587,93587
93588,93588
93589,93589
93590,93590
93591,93591
93592,93592
93593,93593
93594,93594
93595,93595
93596,93596
93597,93597
93598,93598
93599,93599
93600,93600
93601,93601
93602,93602
93603,93603
93604,93604
93605,93605
93606,93606
93607,93607
93608,93608
93609,93609
93610,93610
93611,93611
93612,93612
93613,93613
93614,93614
93615,93615
93616,93616
93617,93617
93618,93618
93619,93619
93620,93620
93621,93621
93622,93622
93623,93623
93624,93624
93625,93625
93626,93626
93627,93627
93628,93628
93629,93629
93630,93630
93631,93631
93632,93632
93633,93633
93634,93634
93635,93635
93636,93636
93637,93637
93638,93638
93639,93639
93640,93640
93641,93641
93642,93642
93643,93643
93644,93644
93645,93645
93646,93646
93647,93647
93648,93648
93649,93649
93650,93650
93651,93651
93652,93652
93653,93653
93654,93654
93655,93655
93656,93656
93657,93657
93658,93658
93659,93659
93660,93660
93661,93661
93662,93662
93663,93663
93664,93664
93665,93665
93666,93666
93667,93667
93668,93668
93669,93669
93670,93670
93671,93671
93672,93672
93673,93673
93674,93674
93675,93675
93676,93676
93677,93677
93678,93678
93679,93679
93680,93680
93681,93681
93682,93682
93683,93683
93684,93684
93685,93685
93686,93686
93687,93687
93688,93688
93689,93689
93690,93690
93691,93691
93692,93692
93693,93693
93694,93694
93695,93695
93696,93696
93697,93697
93698,93698
93699,93699
93701,93701
93702,93702
93703,93703
93704,93704
93705,93705
93706,93706
93707,93707
93708,93708
93709,93709
93710,93710
93711,93711
93712,93712
93713,93713
93714,93714
93715,93715
93716,93716
93717,93717
93718,93718
93719,93719
93720,93720
93721,93721
93722,93722
93723,93723
93724,93724
93725,93725
93726,93726
93727,93727
93728,93728
93729,93729
93730,93730
93731,93731
93732,93732
93733,93733
93734,93734
93735,93735
93736,93736
93737,93737
93738,93738
93739,93739
93740,93740
93741,93741
93742,93742
93743,93743
93744,93744
93745,93745
93746,93746
93747,93747
93748,93748
93749,93749
93750,93750
93751,93751
93752,93752
93753,93753
93754,93754
93755,93755
93756,93756
93757,93757
93758,93758
93759,93759
93760,93760
93761,93761
93762,93762
93763,93763
93764,93764
93765,93765
93766,93766
93767,93767
93768,93768
93769,93769
93770,93770
93771,93771
93772,93772
93773,93773
93774,93774
93775,93775
93776,93776
93777,93777
93778,93778
93779,93779
93780,93780
93781,93781
93782,93782
93783,93783
93784,93784
93785,93785
93786,93786
93787,93787
93788,93788
93789,93789
93790,93790
93791,93791
93792,93792
93793,93793
93794,93794
93795,93795
93796,93796
93797,93797
93798,93798
93799,93799
93800,93800
93801,93801
93802,93802
93803,93803
93804,93804
93805,93805
93806,93806
93807,93807
93808,93808
93809,93809
93810,93810
93811,93811
93812,93812
93813,93813
93814,93814
93815,93815
93816,93816
93817,93817
93818,93818
93819,93819
93820,93820
93821,93821
93822,93822
93823,93823
93824,93824
93825,93825
93826,93826
93827,93827
93828,93828
93829,93829
93830,93830
93831,93831
93832,93832
93833,93833
93834,93834
93835,93835
93836,93836
93837,93837
93838,93838
93839,93839
93840,93840
93841,93841
93842,93842
93843,93843
93844,93844
93845,93845
93846,93846
93847,93847
93848,93848
93849,93849
93850,93850
93851,93851
93852,93852
93853,93853
93854,93854
93855,93855
93856,93856
93857,93857
93858,93858
93859,93859
93860,93860
93861,93861
93862,93862
93863,93863
93864,93864
93865,93865
93866,93866
93867,93867
93868,93868
93869,93869
93870,93870
93871,93871
93872,93872
93873,93873
93874,93874
93875,93875
93876,93876
93877,93877
93878,93878
93879,93879
93880,93880
93881,93881
93882,93882
93883,93883
93884,93884
93885,93885
93886,93886
93887,93887
93888,93888
93889,93889
93890,93890
93891,93891
93892,93892
93893,93893
93894,93894
93895,93895
93896,93896
93897,93897
93898,93898
93899,93899
93900,93900
93901,93901
93902,93902
93903,93903
93904,93904
93905,93905
93906,93906
93907,93907
93908,93908
93909,93909
93910,93910
93911,93911
93912,93912
93913,93913
93914,93914
93915,93915
93916,93916
93917,93917
93918,93918
93919,93919
93920,93920
93921,93921
93922,93922
93923,93923
93924,93924
93925,93925
93926,93926
93927,93927
93928,93928
93929,93929
93930,93930
93931,93931
93932,93932
93933,93933
93934,93934
93935,93935
93936,93936
93937,93937
93938,93938
93939,93939
93940,93940
93941,93941
93942,93942
93943,93943
93944,93944
93945,93945
93946,93946
93947,93947
93948,93948
93949,93949
93950,93950
93951,93951
93952,93952
93953,93953
93954,93954
93955,93955
93956,93956
93957,93957
93958,93958
93959,93959
93960,93960
93961,93961
93962,93962
93963,93963
93964,93964
93965,93965
93966,93966
93967,93967
93968,93968
93969,93969
93970,93970
93971,93971
93972,93972
93973,93973
93974,93974
93975,93975
93976,93976
93977,93977
93978,93978
93979,93979
93980,93980
93981,93981
93982,93982
93983,93983
93984,93984
93985,93985
93986,93986
93987,93987
93988,93988
93989,93989
93990,93990
93991,93991
93992,93992
93993,93993
93994,93994
93995,93995
93996,93996
93997,93997
93998,93998
93999,93999
94000,94000
94001,94001
94002,94002
94003,94003
94004,94004
94005,94005
94006,94006
94007,94007
94008,94008
94009,94009
94010,94010
94011,94011
94012,94012
94013,94013
94014,94014
94015,94015
94016,94016
94017,94017
94018,94018
94019,94019
94020,94020
94021,94021
94022,94022
94023,94023
94024,94024
94025,94025
94026,94026
94027,94027
94028,94028
94029,94029
94030,94030
94031,94031
94032,94032
94033,94033
94034,94034
94035,94035
94047,94047
94048,94048
94049,94049
94063,94063
94064,94064
94065,94065
94066,94066
94067,94067
94068,94068
94069,94069
94070,94070
94071,94071
94072,94072
94073,94073
94074,94074
94075,94075
94076,94076
94077,94077
94078,94078
94079,94079
94080,94080
94081,94081
94082,94082
94083,94083
94084,94084
94085,94085
94086,94086
94087,94087
94088,94088
94089,94089
94090,94090
94091,94091
94092,94092
94093,94093
94094,94094
94095,94095
94096,94096
94097,94097
94098,94098
94099,94099
94100,94100
94101,94101
94102,94102
94103,94103
94104,94104
94105,94105
94106,94106
94107,94107
94108,94108
94109,94109
94110,94110
94111,94111
94112,94112
94113,94113
94114,94114
94115,94115
94116,94116
94117,94117
94118,94118
94119,94119
94120,94120
94121,94121
94122,94122
94123,94123
94124,94124
94125,94125
94126,94126
94127,94127
94128,94128
94129,94129
94130,94130
94131,94131
94132,94132
94133,94133
94134,94134
94135,94135
94136,94136
94137,94137
94138,94138
94139,94139
94140,94140
94141,94141
94142,94142
94143,94143
94144,94144
94145,94145
94146,94146
94147,94147
94148,94148
94149,94149
94150,94150
94151,94151
94152,94152
94153,94153
94154,94154
94155,94155
94156,94156
94157,94157
94158,94158
94159,94159
94160,94160
94161,94161
94162,94162
94163,94163
94164,94164
94165,94165
94166,94166
94167,94167
94168,94168
94169,94169
94170,94170
94171,94171
94172,94172
94173,94173
94174,94174
94175,94175
94176,94176
94177,94177
94178,94178
94179,94179
94180,94180
94181,94181
94182,94182
94183,94183
94184,94184
94185,94185
94186,94186
94187,94187
94188,94188
94189,94189
94190,94190
94191,94191
94192,94192
94193,94193
94194,94194
94195,94195
94196,94196
94197,94197
94198,94198
94199,94199
94200,94200
94201,94201
94202,94202
94203,94203
94204,94204
94205,94205
94206,94206
94207,94207
94208,94208
94209,94209
94210,94210
94211,94211
94212,94212
94213,94213
94214,94214
94215,94215
94216,94216
94217,94217
94218,94218
94219,94219
94220,94220
94221,94221
94222,94222
94223,94223
94224,94224
94225,94225
94226,94226
94227,94227
94228,94228
94229,94229
94230,94230
94231,94231
94232,94232
94233,94233
94234,94234
94235,94235
94236,94236
94237,94237
94238,94238
94239,94239
94240,94240
94241,94241
94242,94242
94243,94243
94244,94244
94245,94245
94246,94246
94247,94247
94248,94248
94249,94249
94250,94250
94251,94251
94252,94252
94253,94253
94254,94254
94255,94255
94256,94256
94257,94257
94258,94258
94259,94259
94260,94260
94261,94261
94262,94262
94263,94263
94264,94264
94265,94265
94266,94266
94267,94267
94268,94268
94269,94269
94270,94270
94271,94271
94272,94272
94273,94273
94274,94274
94275,94275
94276,94276
94277,94277
94278,94278
94279,94279
94280,94280
94281,94281
94282,94282
94283,94283
94284,94284
94285,94285
94286,94286
94287,94287
94288,94288
94289,94289
94290,94290
94291,94291
94292,94292
94293,94293
94294,94294
94295,94295
94296,94296
94297,94297
94298,94298
94299,94299
94300,94300
94301,94301
94302,94302
94303,94303
94304,94304
94305,94305
94306,94306
94307,94307
94308,94308
94309,94309
94310,94310
94311,94311
94312,94312
94313,94313
94314,94314
94315,94315
94316,94316
94317,94317
94318,94318
94319,94319
94320,94320
94321,94321
94322,94322
94323,94323
94324,94324
94325,94325
94326,94326
94327,94327
94328,94328
94329,94329
94330,94330
94331,94331
94332,94332
94333,94333
94334,94334
94335,94335
94336,94336
94337,94337
94338,94338
94339,94339
94340,94340
94341,94341
94342,94342
94343,94343
94344,94344
94345,94345
94346,94346
94347,94347
94348,94348
94349,94349
94350,94350
94351,94351
94352,94352
94353,94353
94354,94354
94355,94355
94356,94356
94357,94357
94358,94358
94359,94359
94360,94360
94361,94361
94362,94362
94363,94363
94364,94364
94365,94365
94366,94366
94367,94367
94368,94368
94369,94369
94370,94370
94371,94371
94372,94372
94373,94373
94374,94374
94375,94375
94376,94376
94377,94377
94378,94378
94379,94379
94380,94380
94381,94381
94382,94382
94383,94383
94384,94384
94385,94385
94386,94386
94387,94387
94388,94388
94389,94389
94390,94390
94391,94391
94392,94392
94393,94393
94394,94394
94395,94395
94396,94396
94397,94397
94398,94398
94399,94399
94400,94400
94401,94401
94403,94403
94404,94404
94405,94405
94406,94406
94407,94407
94408,94408
94409,94409
94410,94410
94411,94411
94412,94412
94413,94413
94414,94414
94415,94415
94416,94416
94417,94417
94418,94418
94419,94419
94420,94420
94421,94421
94422,94422
94423,94423
94424,94424
94425,94425
94426,94426
94427,94427
94428,94428
94429,94429
94430,94430
94431,94431
94432,94432
94433,94433
94434,94434
94435,94435
94436,94436
94437,94437
94438,94438
94439,94439
94440,94440
94441,94441
94442,94442
94443,94443
94444,94444
94445,94445
94446,94446
94447,94447
94448,94448
94449,94449
94450,94450
94451,94451
94452,94452
94453,94453
94454,94454
94455,94455
94456,94456
94457,94457
94458,94458
94459,94459
94460,94460
94461,94461
94462,94462
94463,94463
94464,94464
94465,94465
94466,94466
94467,94467
94468,94468
94469,94469
94470,94470
94471,94471
94472,94472
94473,94473
94474,94474
94475,94475
94476,94476
94477,94477
94478,94478
94479,94479
94480,94480
94481,94481
94482,94482
94483,94483
94484,94484
94485,94485
94486,94486
94487,94487
94488,94488
94489,94489
94490,94490
94491,94491
94492,94492
94493,94493
94494,94494
94495,94495
94496,94496
94497,94497
94498,94498
94499,94499
94500,94500
94501,94501
94502,94502
94503,94503
94504,94504
94505,94505
94506,94506
94507,94507
94508,94508
94509,94509
94510,94510
94511,94511
94512,94512
94513,94513
94514,94514
94515,94515
94516,94516
94517,94517
94518,94518
94519,94519
94520,94520
94521,94521
94522,94522
94523,94523
94524,94524
94525,94525
94526,94526
94527,94527
94528,94528
94529,94529
94530,94530
94531,94531
94532,94532
94533,94533
94534,94534
94535,94535
94536,94536
94537,94537
94538,94538
94539,94539
94540,94540
94541,94541
94542,94542
94543,94543
94544,94544
94545,94545
94546,94546
94547,94547
94548,94548
94549,94549
94550,94550
94551,94551
94552,94552
94553,94553
94554,94554
94555,94555
94556,94556
94557,94557
94558,94558
94559,94559
94560,94560
94561,94561
94562,94562
94563,94563
94564,94564
94565,94565
94566,94566
94567,94567
94568,94568
94569,94569
94570,94570
94571,94571
94572,94572
94573,94573
94574,94574
94575,94575
94576,94576
94577,94577
94578,94578
94579,94579
94580,94580
94581,94581
94582,94582
94583,94583
94584,94584
94585,94585
94586,94586
94587,94587
94588,94588
94589,94589
94590,94590
94591,94591
94592,94592
94593,94593
94594,94594
94595,94595
94596,94596
94597,94597
94598,94598
94599,94599
94600,94600
94601,94601
94602,94602
94603,94603
94604,94604
94605,94605
94606,94606
94607,94607
94608,94608
94609,94609
94610,94610
94611,94611
94612,94612
94613,94613
94614,94614
94615,94615
94616,94616
94617,94617
94618,94618
94619,94619
94620,94620
94621,94621
94622,94622
94623,94623
94624,94624
94625,94625
94626,94626
94627,94627
94628,94628
94629,94629
94630,94630
94631,94631
94632,94632
94633,94633
94634,94634
94635,94635
94636,94636
94637,94637
94638,94638
94639,94639
94640,94640
94641,94641
94642,94642
94643,94643
94644,94644
94645,94645
94646,94646
94647,94647
94648,94648
94649,94649
94650,94650
94651,94651
94652,94652
94653,94653
94654,94654
94655,94655
94656,94656
94657,94657
94658,94658
94659,94659
94660,94660
94661,94661
94662,94662
94663,94663
94664,94664
94665,94665
94666,94666
94667,94667
94668,94668
94669,94669
94670,94670
94671,94671
94672,94672
94673,94673
94674,94674
94675,94675
94676,94676
94677,94677
94678,94678
94679,94679
94680,94680
94681,94681
94682,94682
94683,94683
94684,94684
94685,94685
94686,94686
94687,94687
94688,94688
94689,94689
94690,94690
94691,94691
94692,94692
94693,94693
94694,94694
94695,94695
94696,94696
94697,94697
94698,94698
94699,94699
94700,94700
94701,94701
94702,94702
94703,94703
94704,94704
94705,94705
94706,94706
94707,94707
94708,94708
94709,94709
94710,94710
94711,94711
94712,94712
94713,94713
94714,94714
94715,94715
94716,94716
94717,94717
94718,94718
94719,94719
94720,94720
94721,94721
94722,94722
94723,94723
94724,94724
94725,94725
94726,94726
94727,94727
94728,94728
94729,94729
94730,94730
94731,94731
94732,94732
94733,94733
94734,94734
94735,94735
94736,94736
94737,94737
94738,94738
94739,94739
94740,94740
94741,94741
94742,94742
94743,94743
94744,94744
94745,94745
94746,94746
94747,94747
94748,94748
94749,94749
94750,94750
94751,94751
94752,94752
94753,94753
94754,94754
94755,94755
94756,94756
94757,94757
94758,94758
94759,94759
94760,94760
94761,94761
94762,94762
94763,94763
94764,94764
94765,94765
94766,94766
94767,94767
94768,94768
94769,94769
94770,94770
94771,94771
94772,94772
94773,94773
94774,94774
94775,94775
94776,94776
94777,94777
94778,94778
94779,94779
94780,94780
94781,94781
94782,94782
94783,94783
94784,94784
94785,94785
94787,94787
94788,94788
94789,94789
94790,94790
94791,94791
94813,94813
94814,94814
94815,94815
94816,94816
94817,94817
94818,94818
94819,94819
94820,94820
94821,94821
94822,94822
94823,94823
94824,94824
94825,94825
94826,94826
94827,94827
94828,94828
94829,94829
94830,94830
94831,94831
94832,94832
94833,94833
94834,94834
94835,94835
94836,94836
94837,94837
94838,94838
94839,94839
94840,94840
94841,94841
94842,94842
94843,94843
94844,94844
94845,94845
94846,94846
94847,94847
94848,94848
94849,94849
94850,94850
94851,94851
94852,94852
94853,94853
94854,94854
94855,94855
94856,94856
94857,94857
94858,94858
94859,94859
94860,94860
94861,94861
94862,94862
94863,94863
94864,94864
94865,94865
94866,94866
94867,94867
94868,94868
94869,94869
94870,94870
94871,94871
94872,94872
94873,94873
94874,94874
94875,94875
94876,94876
94877,94877
94878,94878
94879,94879
94880,94880
94881,94881
94882,94882
94883,94883
94884,94884
94885,94885
94886,94886
94887,94887
94888,94888
94889,94889
94890,94890
94891,94891
94892,94892
94893,94893
94894,94894
94895,94895
94896,94896
94897,94897
94898,94898
94899,94899
94900,94900
94901,94901
94902,94902
94903,94903
94904,94904
94905,94905
94906,94906
94907,94907
94908,94908
94909,94909
94910,94910
94911,94911
94912,94912
94913,94913
94914,94914
94915,94915
94916,94916
94917,94917
94918,94918
94919,94919
94920,94920
94921,94921
94922,94922
94923,94923
94924,94924
94925,94925
94926,94926
94927,94927
94928,94928
94929,94929
94930,94930
94931,94931
94932,94932
94933,94933
94934,94934
94935,94935
94936,94936
94937,94937
94938,94938
94939,94939
94940,94940
94941,94941
94942,94942
94943,94943
94944,94944
94945,94945
94946,94946
94947,94947
94948,94948
94949,94949
94950,94950
94951,94951
94952,94952
94953,94953
94954,94954
94955,94955
94956,94956
94957,94957
94958,94958
94959,94959
94960,94960
94961,94961
94962,94962
94963,94963
94964,94964
94965,94965
94966,94966
94967,94967
94968,94968
94969,94969
94970,94970
94971,94971
94972,94972
94973,94973
94974,94974
94975,94975
94976,94976
94977,94977
94978,94978
94979,94979
94980,94980
94981,94981
94982,94982
94983,94983
94984,94984
94985,94985
94986,94986
94987,94987
94988,94988
94989,94989
94990,94990
94991,94991
94992,94992
94993,94993
94994,94994
94995,94995
94996,94996
94997,94997
94998,94998
94999,94999
95000,95000
95001,95001
95002,95002
95003,95003
95004,95004
95005,95005
95006,95006
95007,95007
95008,95008
95009,95009
95010,95010
95011,95011
95012,95012
95013,95013
95014,95014
95015,95015
95016,95016
95017,95017
95018,95018
95019,95019
95020,95020
95021,95021
95022,95022
95023,95023
95024,95024
95025,95025
95026,95026
95027,95027
95028,95028
95029,95029
95030,95030
95031,95031
95032,95032
95033,95033
95034,95034
95035,95035
95036,95036
95037,95037
95038,95038
95039,95039
95040,95040
95041,95041
95042,95042
95043,95043
95044,95044
95045,95045
95046,95046
95047,95047
95048,95048
95049,95049
95050,95050
95051,95051
95052,95052
95053,95053
95054,95054
95055,95055
95056,95056
95057,95057
95058,95058
95059,95059
95060,95060
95061,95061
95062,95062
95063,95063
95064,95064
95065,95065
95066,95066
95067,95067
95068,95068
95069,95069
95070,95070
95071,95071
95072,95072
95073,95073
95074,95074
95075,95075
95076,95076
95077,95077
95078,95078
95079,95079
95080,95080
95081,95081
95082,95082
95083,95083
95084,95084
95085,95085
95086,95086
95087,95087
95088,95088
95089,95089
95090,95090
95091,95091
95092,95092
95094,95094
95095,95095
95096,95096
95097,95097
95098,95098
95099,95099
95100,95100
95101,95101
95102,95102
95103,95103
95104,95104
95105,95105
95106,95106
95107,95107
95108,95108
95109,95109
95110,95110
95111,95111
95112,95112
95113,95113
95114,95114
95115,95115
95116,95116
95117,95117
95118,95118
95119,95119
95120,95120
95121,95121
95122,95122
95123,95123
95124,95124
95125,95125
95126,95126
95127,95127
95128,95128
95129,95129
95130,95130
95131,95131
95132,95132
95133,95133
95134,95134
95135,95135
95136,95136
95137,95137
95138,95138
95139,95139
95140,95140
95141,95141
95142,95142
95143,95143
95144,95144
95145,95145
95146,95146
95147,95147
95148,95148
95149,95149
95150,95150
95151,95151
95152,95152
95153,95153
95154,95154
95155,95155
95156,95156
95157,95157
95158,95158
95159,95159
95160,95160
95161,95161
95162,95162
95163,95163
95164,95164
95165,95165
95166,95166
95167,95167
95168,95168
95169,95169
95170,95170
95171,95171
95172,95172
95173,95173
95174,95174
95175,95175
95176,95176
95177,95177
95178,95178
95179,95179
95180,95180
95181,95181
95182,95182
95183,95183
95184,95184
95185,95185
95186,95186
95187,95187
95188,95188
95189,95189
95190,95190
95191,95191
95192,95192
95193,95193
95194,95194
95195,95195
95196,95196
95197,95197
95198,95198
95199,95199
95200,95200
95201,95201
95202,95202
95203,95203
95204,95204
95205,95205
95206,95206
95207,95207
95208,95208
95209,95209
95210,95210
95211,95211
95212,95212
95213,95213
95214,95214
95215,95215
95216,95216
95217,95217
95218,95218
95219,95219
95220,95220
95221,95221
95222,95222
95223,95223
95224,95224
95225,95225
95226,95226
95227,95227
95228,95228
95229,95229
95230,95230
95231,95231
95232,95232
95233,95233
95234,95234
95235,95235
95236,95236
95237,95237
95238,95238
95239,95239
95240,95240
95241,95241
95242,95242
95243,95243
95244,95244
95245,95245
95246,95246
95247,95247
95248,95248
95249,95249
95250,95250
95251,95251
95252,95252
95253,95253
95254,95254
95255,95255
95256,95256
95257,95257
95258,95258
95259,95259
95260,95260
95261,95261
95262,95262
95263,95263
95264,95264
95265,95265
95266,95266
95267,95267
95268,95268
95269,95269
95270,95270
95272,95272
95273,95273
95274,95274
95275,95275
95276,95276
95277,95277
95278,95278
95279,95279
95280,95280
95281,95281
95282,95282
95283,95283
95284,95284
95285,95285
95286,95286
95287,95287
95288,95288
95289,95289
95290,95290
95291,95291
95292,95292
95293,95293
95294,95294
95317,95317
95318,95318
95319,95319
95320,95320
95321,95321
95322,95322
95323,95323
95324,95324
95325,95325
95326,95326
95327,95327
95328,95328
95329,95329
95330,95330
95331,95331
95332,95332
95333,95333
95334,95334
95335,95335
95336,95336
95337,95337
95338,95338
95339,95339
95340,95340
95341,95341
95342,95342
95343,95343
95344,95344
95345,95345
95346,95346
95347,95347
95348,95348
95349,95349
95350,95350
95351,95351
95352,95352
95353,95353
95354,95354
95355,95355
95356,95356
95357,95357
95358,95358
95359,95359
95360,95360
95361,95361
95362,95362
95363,95363
95364,95364
95365,95365
95366,95366
95367,95367
95368,95368
95369,95369
95370,95370
95371,95371
95372,95372
95373,95373
95374,95374
95375,95375
95376,95376
95377,95377
95378,95378
95379,95379
95380,95380
95381,95381
95382,95382
95383,95383
95384,95384
95385,95385
95386,95386
95387,95387
95388,95388
95389,95389
95390,95390
95391,95391
95392,95392
95393,95393
95394,95394
95395,95395
95396,95396
95397,95397
95398,95398
95399,95399
95400,95400
95401,95401
95402,95402
95403,95403
95404,95404
95405,95405
95406,95406
95407,95407
95408,95408
95409,95409
95410,95410
95411,95411
95412,95412
95413,95413
95414,95414
95415,95415
95416,95416
95417,95417
95418,95418
95419,95419
95420,95420
95421,95421
95422,95422
95423,95423
95424,95424
95425,95425
95426,95426
95427,95427
95428,95428
95429,95429
95430,95430
95431,95431
95432,95432
95433,95433
95434,95434
95435,95435
95436,95436
95437,95437
95438,95438
95439,95439
95440,95440
95441,95441
95442,95442
95443,95443
95444,95444
95445,95445
95446,95446
95447,95447
95448,95448
95449,95449
95450,95450
95451,95451
95452,95452
95453,95453
95454,95454
95455,95455
95456,95456
95457,95457
95458,95458
95459,95459
95460,95460
95461,95461
95462,95462
95463,95463
95464,95464
95465,95465
95466,95466
95467,95467
95468,95468
95469,95469
95470,95470
95471,95471
95472,95472
95473,95473
95474,95474
95475,95475
95476,95476
95477,95477
95478,95478
95479,95479
95480,95480
95481,95481
95482,95482
95483,95483
95484,95484
95485,95485
95486,95486
95487,95487
95488,95488
95489,95489
95490,95490
95491,95491
95492,95492
95493,95493
95494,95494
95495,95495
95496,95496
95497,95497
95498,95498
95499,95499
95500,95500
95501,95501
95502,95502
95503,95503
95504,95504
95505,95505
95506,95506
95507,95507
95508,95508
95509,95509
95510,95510
95511,95511
95513,95513
95514,95514
95515,95515
95516,95516
95517,95517
95518,95518
95519,95519
95520,95520
95521,95521
95522,95522
95523,95523
95524,95524
95537,95537
95538,95538
95539,95539
95540,95540
95541,95541
95542,95542
95543,95543
95544,95544
95545,95545
95546,95546
95547,95547
95548,95548
95549,95549
95550,95550
95551,95551
95552,95552
95553,95553
95554,95554
95555,95555
95556,95556
95557,95557
95558,95558
95559,95559
95560,95560
95561,95561
95562,95562
95563,95563
95564,95564
95565,95565
95566,95566
95567,95567
95568,95568
95569,95569
95570,95570
95571,95571
95572,95572
95573,95573
95574,95574
95575,95575
95576,95576
95577,95577
95578,95578
95579,95579
95580,95580
95581,95581
95582,95582
95583,95583
95584,95584
95585,95585
95586,95586
95587,95587
95588,95588
95589,95589
95590,95590
95591,95591
95592,95592
95593,95593
95594,95594
95595,95595
95596,95596
95597,95597
95598,95598
95599,95599
95600,95600
95601,95601
95602,95602
95603,95603
95604,95604
95605,95605
95606,95606
95607,95607
95608,95608
95609,95609
95610,95610
95611,95611
95612,95612
95613,95613
95614,95614
95615,95615
95616,95616
95617,95617
95618,95618
95619,95619
95620,95620
95621,95621
95622,95622
95623,95623
95624,95624
95625,95625
95626,95626
95627,95627
95628,95628
95629,95629
95630,95630
95631,95631
95632,95632
95633,95633
95634,95634
95635,95635
95636,95636
95637,95637
95638,95638
95639,95639
95640,95640
95641,95641
95642,95642
95643,95643
95644,95644
95645,95645
95646,95646
95647,95647
95648,95648
95649,95649
95650,95650
95651,95651
95652,95652
95653,95653
95654,95654
95655,95655
95656,95656
95657,95657
95658,95658
95659,95659
95660,95660
95661,95661
95662,95662
95663,95663
95664,95664
95665,95665
95666,95666
95667,95667
95668,95668
95669,95669
95670,95670
95671,95671
95672,95672
95673,95673
95674,95674
95675,95675
95676,95676
95677,95677
95678,95678
95679,95679
95680,95680
95681,95681
95682,95682
95683,95683
95684,95684
95685,95685
95686,95686
95687,95687
95688,95688
95689,95689
95690,95690
95691,95691
95692,95692
95693,95693
95694,95694
95695,95695
95696,95696
95697,95697
95698,95698
95699,95699
95700,95700
95701,95701
95702,95702
95703,95703
95704,95704
95705,95705
95706,95706
95707,95707
95708,95708
95709,95709
95710,95710
95711,95711
95712,95712
95713,95713
95714,95714
95715,95715
95716,95716
95717,95717
95718,95718
95719,95719
95720,95720
95721,95721
95722,95722
95723,95723
95724,95724
95725,95725
95726,95726
95727,95727
95728,95728
95729,95729
95730,95730
95731,95731
95732,95732
95733,95733
95734,95734
95735,95735
95736,95736
95737,95737
95738,95738
95739,95739
95740,95740
95741,95741
95742,95742
95743,95743
95744,95744
95745,95745
95746,95746
95747,95747
95748,95748
95749,95749
95750,95750
95751,95751
95752,95752
95753,95753
95754,95754
95755,95755
95756,95756
95757,95757
95758,95758
95759,95759
95760,95760
95761,95761
95762,95762
95763,95763
95764,95764
95765,95765
95766,95766
95767,95767
95768,95768
95769,95769
95770,95770
95771,95771
95772,95772
95773,95773
95774,95774
95775,95775
95776,95776
95777,95777
95778,95778
95779,95779
95780,95780
95781,95781
95782,95782
95783,95783
95784,95784
95785,95785
95786,95786
95787,95787
95788,95788
95789,95789
95790,95790
95791,95791
95792,95792
95793,95793
95794,95794
95795,95795
95796,95796
95797,95797
95798,95798
95799,95799
95800,95800
95801,95801
95802,95802
95803,95803
95804,95804
95805,95805
95806,95806
95807,95807
95808,95808
95809,95809
95810,95810
95811,95811
95812,95812
95813,95813
95814,95814
95815,95815
95816,95816
95817,95817
95818,95818
95819,95819
95820,95820
95821,95821
95822,95822
95823,95823
95824,95824
95825,95825
95826,95826
95827,95827
95828,95828
95829,95829
95830,95830
95831,95831
95832,95832
95833,95833
95834,95834
95835,95835
95836,95836
95837,95837
95838,95838
95839,95839
95840,95840
95841,95841
95842,95842
95843,95843
95844,95844
95845,95845
95846,95846
95847,95847
95848,95848
95849,95849
95850,95850
95851,95851
95852,95852
95853,95853
95854,95854
95855,95855
95856,95856
95857,95857
95858,95858
95859,95859
95860,95860
95861,95861
95862,95862
95863,95863
95864,95864
95865,95865
95866,95866
95867,95867
95868,95868
95869,95869
95870,95870
95871,95871
95872,95872
95873,95873
95874,95874
95875,95875
95876,95876
95877,95877
95878,95878
95879,95879
95880,95880
95881,95881
95882,95882
95883,95883
95884,95884
95885,95885
95886,95886
95887,95887
95888,95888
95889,95889
95890,95890
95891,95891
95892,95892
95893,95893
95894,95894
95895,95895
95896,95896
95897,95897
95898,95898
95899,95899
95900,95900
95901,95901
95902,95902
95903,95903
95904,95904
95905,95905
95906,95906
95907,95907
95908,95908
95909,95909
95910,95910
95911,95911
95912,95912
95913,95913
95914,95914
95915,95915
95916,95916
95917,95917
95918,95918
95919,95919
95920,95920
95921,95921
95922,95922
95923,95923
95924,95924
95925,95925
95926,95926
95927,95927
95928,95928
95929,95929
95930,95930
95931,95931
95932,95932
95933,95933
95934,95934
95935,95935
95936,95936
95937,95937
95938,95938
95939,95939
95940,95940
95941,95941
95942,95942
95943,95943
95944,95944
95945,95945
95946,95946
95947,95947
95948,95948
95949,95949
95950,95950
95951,95951
95952,95952
95953,95953
95954,95954
95955,95955
95956,95956
95957,95957
95958,95958
95959,95959
95960,95960
95961,95961
95962,95962
95963,95963
95964,95964
95965,95965
95966,95966
95967,95967
95968,95968
95969,95969
95970,95970
95971,95971
95972,95972
95973,95973
95974,95974
95975,95975
95976,95976
95977,95977
95978,95978
95979,95979
95980,95980
95981,95981
95982,95982
95983,95983
95984,95984
95985,95985
95986,95986
95987,95987
95988,95988
95989,95989
95990,95990
95991,95991
95992,95992
95993,95993
95994,95994
95995,95995
95996,95996
95997,95997
95998,95998
95999,95999
96000,96000
96001,96001
96002,96002
96003,96003
96004,96004
96005,96005
96006,96006
96007,96007
96008,96008
96009,96009
96010,96010
96011,96011
96012,96012
96013,96013
96014,96014
96015,96015
96016,96016
96017,96017
96018,96018
96019,96019
96020,96020
96021,96021
96022,96022
96023,96023
96024,96024
96025,96025
96026,96026
96027,96027
96028,96028
96029,96029
96030,96030
96031,96031
96032,96032
96033,96033
96034,96034
96035,96035
96036,96036
96037,96037
96038,96038
96039,96039
96040,96040
96041,96041
96042,96042
96043,96043
96044,96044
96045,96045
96046,96046
96047,96047
96048,96048
96049,96049
96050,96050
96051,96051
96052,96052
96053,96053
96054,96054
96055,96055
96056,96056
96057,96057
96058,96058
96059,96059
96060,96060
96061,96061
96062,96062
96063,96063
96064,96064
96065,96065
96066,96066
96067,96067
96068,96068
96069,96069
96070,96070
96071,96071
96072,96072
96073,96073
96074,96074
96075,96075
96076,96076
96077,96077
96078,96078
96079,96079
96080,96080
96081,96081
96082,96082
96083,96083
96084,96084
96085,96085
96086,96086
96087,96087
96088,96088
96089,96089
96090,96090
96091,96091
96092,96092
96093,96093
96094,96094
96095,96095
96096,96096
96097,96097
96098,96098
96099,96099
96100,96100
96101,96101
96102,96102
96103,96103
96104,96104
96105,96105
96106,96106
96107,96107
96108,96108
96109,96109
96110,96110
96111,96111
96112,96112
96113,96113
96114,96114
96115,96115
96116,96116
96117,96117
96118,96118
96119,96119
96120,96120
96121,96121
96122,96122
96123,96123
96124,96124
96125,96125
96126,96126
96127,96127
96128,96128
96129,96129
96130,96130
96131,96131
96132,96132
96133,96133
96134,96134
96135,96135
96136,96136
96137,96137
96138,96138
96139,96139
96140,96140
96141,96141
96142,96142
96143,96143
96144,96144
96145,96145
96146,96146
96147,96147
96148,96148
96149,96149
96150,96150
96151,96151
96152,96152
96153,96153
96154,96154
96155,96155
96156,96156
96157,96157
96158,96158
96159,96159
96160,96160
96161,96161
96162,96162
96163,96163
96164,96164
96165,96165
96166,96166
96167,96167
96168,96168
96169,96169
96170,96170
96171,96171
96172,96172
96173,96173
96174,96174
96175,96175
96176,96176
96177,96177
96178,96178
96179,96179
96180,96180
96181,96181
96182,96182
96183,96183
96184,96184
96185,96185
96186,96186
96187,96187
96188,96188
96189,96189
96190,96190
96191,96191
96192,96192
96193,96193
96194,96194
96195,96195
96196,96196
96197,96197
96198,96198
96199,96199
96200,96200
96201,96201
96202,96202
96203,96203
96204,96204
96205,96205
96206,96206
96207,96207
96208,96208
96209,96209
96210,96210
96211,96211
96212,96212
96213,96213
96214,96214
96215,96215
96216,96216
96217,96217
96218,96218
96219,96219
96220,96220
96221,96221
96222,96222
96223,96223
96224,96224
96225,96225
96226,96226
96227,96227
96228,96228
96229,96229
96230,96230
96231,96231
96232,96232
96233,96233
96234,96234
96235,96235
96236,96236
96237,96237
96238,96238
96239,96239
96240,96240
96241,96241
96242,96242
96243,96243
96244,96244
96245,96245
96246,96246
96247,96247
96248,96248
96249,96249
96250,96250
96251,96251
96252,96252
96253,96253
96254,96254
96255,96255
96256,96256
96257,96257
96258,96258
96259,96259
96260,96260
96261,96261
96262,96262
96263,96263
96264,96264
96265,96265
96266,96266
96267,96267
96268,96268
96269,96269
96270,96270
96271,96271
96272,96272
96273,96273
96274,96274
96275,96275
96276,96276
96277,96277
96278,96278
96279,96279
96280,96280
96281,96281
96282,96282
96283,96283
96284,96284
96285,96285
96286,96286
96287,96287
96288,96288
96289,96289
96290,96290
96291,96291
96292,96292
96293,96293
96294,96294
96295,96295
96296,96296
96297,96297
96298,96298
96299,96299
96300,96300
96301,96301
96302,96302
96303,96303
96304,96304
96305,96305
96306,96306
96307,96307
96308,96308
96309,96309
96310,96310
96311,96311
96312,96312
96313,96313
96314,96314
96315,96315
96316,96316
96317,96317
96318,96318
96319,96319
96320,96320
96321,96321
96322,96322
96323,96323
96324,96324
96325,96325
96326,96326
96327,96327
96328,96328
96329,96329
96330,96330
96331,96331
96332,96332
96333,96333
96334,96334
96335,96335
96336,96336
96337,96337
96338,96338
96339,96339
96340,96340
96341,96341
96342,96342
96343,96343
96344,96344
96345,96345
96346,96346
96347,96347
96348,96348
96349,96349
96350,96350
96351,96351
96352,96352
96353,96353
96354,96354
96355,96355
96356,96356
96357,96357
96358,96358
96359,96359
96360,96360
96361,96361
96362,96362
96363,96363
96364,96364
96365,96365
96366,96366
96367,96367
96368,96368
96369,96369
96370,96370
96371,96371
96372,96372
96373,96373
96374,96374
96375,96375
96376,96376
96377,96377
96378,96378
96379,96379
96380,96380
96381,96381
96382,96382
96383,96383
96384,96384
96385,96385
96386,96386
96387,96387
96388,96388
96389,96389
96390,96390
96391,96391
96392,96392
96393,96393
96394,96394
96395,96395
96396,96396
96397,96397
96398,96398
96399,96399
96400,96400
96401,96401
96402,96402
96403,96403
96404,96404
96405,96405
96406,96406
96407,96407
96408,96408
96409,96409
96410,96410
96411,96411
96412,96412
96413,96413
96414,96414
96415,96415
96416,96416
96417,96417
96418,96418
96419,96419
96420,96420
96421,96421
96422,96422
96423,96423
96424,96424
96425,96425
96426,96426
96427,96427
96428,96428
96429,96429
96430,96430
96431,96431
96432,96432
96433,96433
96434,96434
96435,96435
96436,96436
96437,96437
96438,96438
96439,96439
96440,96440
96441,96441
96442,96442
96443,96443
96444,96444
96445,96445
96446,96446
96447,96447
96448,96448
96449,96449
96450,96450
96451,96451
96452,96452
96453,96453
96454,96454
96455,96455
96456,96456
96457,96457
96458,96458
96459,96459
96460,96460
96461,96461
96462,96462
96463,96463
96464,96464
96465,96465
96466,96466
96467,96467
96468,96468
96469,96469
96470,96470
96471,96471
96472,96472
96473,96473
96474,96474
96475,96475
96476,96476
96477,96477
96478,96478
96479,96479
96480,96480
96481,96481
96482,96482
96483,96483
96484,96484
96485,96485
96486,96486
96487,96487
96488,96488
96489,96489
96490,96490
96491,96491
96492,96492
96493,96493
96494,96494
96495,96495
96496,96496
96497,96497
96498,96498
96499,96499
96500,96500
96501,96501
96502,96502
96503,96503
96504,96504
96505,96505
96506,96506
96507,96507
96508,96508
96509,96509
96510,96510
96511,96511
96512,96512
96513,96513
96514,96514
96515,96515
96516,96516
96517,96517
96518,96518
96519,96519
96520,96520
96521,96521
96522,96522
96523,96523
96524,96524
96525,96525
96526,96526
96527,96527
96528,96528
96529,96529
96530,96530
96531,96531
96532,96532
96533,96533
96534,96534
96535,96535
96536,96536
96537,96537
96538,96538
96539,96539
96540,96540
96541,96541
96542,96542
96543,96543
96544,96544
96545,96545
96546,96546
96547,96547
96548,96548
96549,96549
96550,96550
96551,96551
96552,96552
96553,96553
96554,96554
96555,96555
96556,96556
96557,96557
96558,96558
96559,96559
96560,96560
96561,96561
96562,96562
96563,96563
96564,96564
96565,96565
96566,96566
96567,96567
96568,96568
96569,96569
96570,96570
96571,96571
96572,96572
96573,96573
96574,96574
96575,96575
96576,96576
96577,96577
96578,96578
96579,96579
96580,96580
96581,96581
96582,96582
96583,96583
96584,96584
96585,96585
96586,96586
96587,96587
96588,96588
96589,96589
96590,96590
96591,96591
96592,96592
96593,96593
96594,96594
96595,96595
96596,96596
96597,96597
96598,96598
96599,96599
96600,96600
96601,96601
96602,96602
96617,96617
96618,96618
96619,96619
96620,96620
96621,96621
96622,96622
96623,96623
96624,96624
96625,96625
96626,96626
96627,96627
96628,96628
96629,96629
96630,96630
96631,96631
96632,96632
96633,96633
96634,96634
96635,96635
96636,96636
96637,96637
96638,96638
96639,96639
96640,96640
96641,96641
96642,96642
96643,96643
96644,96644
96645,96645
96646,96646
96647,96647
96648,96648
96649,96649
96650,96650
96651,96651
96652,96652
96653,96653
96654,96654
96655,96655
96656,96656
96657,96657
96658,96658
96659,96659
96660,96660
96661,96661
96662,96662
96663,96663
96664,96664
96665,96665
96666,96666
96667,96667
96668,96668
96669,96669
96670,96670
96671,96671
96672,96672
96673,96673
96674,96674
96675,96675
96676,96676
96677,96677
96678,96678
96679,96679
96680,96680
96681,96681
96682,96682
96683,96683
96684,96684
96685,96685
96686,96686
96687,96687
96688,96688
96689,96689
96690,96690
96691,96691
96692,96692
96693,96693
96694,96694
96695,96695
96696,96696
96697,96697
96698,96698
96699,96699
96700,96700
96701,96701
96702,96702
96703,96703
96704,96704
96705,96705
96706,96706
96707,96707
96708,96708
96709,96709
96710,96710
96711,96711
96712,96712
96713,96713
96714,96714
96715,96715
96716,96716
96717,96717
96718,96718
96719,96719
96720,96720
96721,96721
96722,96722
96723,96723
96724,96724
96725,96725
96726,96726
96727,96727
96728,96728
96729,96729
96730,96730
96731,96731
96732,96732
96733,96733
96734,96734
96735,96735
96736,96736
96737,96737
96738,96738
96739,96739
96740,96740
96741,96741
96742,96742
96743,96743
96744,96744
96745,96745
96746,96746
96747,96747
96748,96748
96749,96749
96750,96750
96751,96751
96752,96752
96753,96753
96754,96754
96755,96755
96756,96756
96757,96757
96758,96758
96759,96759
96760,96760
96761,96761
96762,96762
96763,96763
96764,96764
96765,96765
96766,96766
96767,96767
96768,96768
96769,96769
96770,96770
96771,96771
96772,96772
96773,96773
96774,96774
96775,96775
96776,96776
96777,96777
96778,96778
96779,96779
96780,96780
96781,96781
96782,96782
96783,96783
96784,96784
96785,96785
96786,96786
96787,96787
96788,96788
96789,96789
96790,96790
96791,96791
96792,96792
96793,96793
96794,96794
96795,96795
96796,96796
96797,96797
96798,96798
96799,96799
96800,96800
96801,96801
96802,96802
96803,96803
96804,96804
96805,96805
96806,96806
96807,96807
96808,96808
96809,96809
96810,96810
96811,96811
96812,96812
96813,96813
96814,96814
96815,96815
96816,96816
96817,96817
96818,96818
96819,96819
96820,96820
96821,96821
96822,96822
96823,96823
96824,96824
96825,96825
96826,96826
96827,96827
96828,96828
96829,96829
96830,96830
96831,96831
96832,96832
96833,96833
96834,96834
96835,96835
96836,96836
96837,96837
96838,96838
96839,96839
96840,96840
96841,96841
96842,96842
96843,96843
96844,96844
96845,96845
96846,96846
96847,96847
96848,96848
96849,96849
96850,96850
96851,96851
96852,96852
96853,96853
96854,96854
96855,96855
96856,96856
96857,96857
96858,96858
96859,96859
96860,96860
96861,96861
96862,96862
96863,96863
96864,96864
96865,96865
96866,96866
96867,96867
96868,96868
96869,96869
96870,96870
96871,96871
96872,96872
96873,96873
96874,96874
96875,96875
96876,96876
96877,96877
96878,96878
96879,96879
96880,96880
96881,96881
96882,96882
96883,96883
96884,96884
96885,96885
96886,96886
96887,96887
96888,96888
96889,96889
96890,96890
96891,96891
96892,96892
96893,96893
96894,96894
96895,96895
96896,96896
96897,96897
96898,96898
96899,96899
96900,96900
96901,96901
96902,96902
96903,96903
96904,96904
96905,96905
96906,96906
96907,96907
96908,96908
96909,96909
96910,96910
96911,96911
96912,96912
96913,96913
96914,96914
96915,96915
96916,96916
96917,96917
96918,96918
96919,96919
96920,96920
96921,96921
96922,96922
96923,96923
96924,96924
96925,96925
96926,96926
96927,96927
96928,96928
96929,96929
96930,96930
96931,96931
96932,96932
96933,96933
96934,96934
96935,96935
96936,96936
96937,96937
96938,96938
96939,96939
96940,96940
96941,96941
96942,96942
96948,96948
96949,96949
96950,96950
96951,96951
96952,96952
96953,96953
96954,96954
96955,96955
96956,96956
96957,96957
96958,96958
96959,96959
96960,96960
96961,96961
96962,96962
96963,96963
96964,96964
96965,96965
96966,96966
96967,96967
96968,96968
96969,96969
96970,96970
96971,96971
96972,96972
96973,96973
96974,96974
96975,96975
96976,96976
96977,96977
96978,96978
96979,96979
96980,96980
96981,96981
96982,96982
96983,96983
96984,96984
96985,96985
96986,96986
96987,96987
96988,96988
96989,96989
96990,96990
96991,96991
96992,96992
96993,96993
96994,96994
96995,96995
96996,96996
96997,96997
96998,96998
96999,96999
97000,97000
97001,97001
97002,97002
97003,97003
97004,97004
97005,97005
97006,97006
97007,97007
97008,97008
97009,97009
97010,97010
97011,97011
97012,97012
97013,97013
97014,97014
97015,97015
97016,97016
97017,97017
97018,97018
97019,97019
97020,97020
97021,97021
97022,97022
97023,97023
97024,97024
97025,97025
97026,97026
97027,97027
97028,97028
97029,97029
97030,97030
97031,97031
97032,97032
97033,97033
97034,97034
97035,97035
97036,97036
97037,97037
97038,97038
97039,97039
97040,97040
97041,97041
97042,97042
97043,97043
97044,97044
97045,97045
97046,97046
97047,97047
97048,97048
97049,97049
97050,97050
97051,97051
97052,97052
97053,97053
97054,97054
97055,97055
97056,97056
97057,97057
97058,97058
97059,97059
97060,97060
97061,97061
97062,97062
97063,97063
97064,97064
97065,97065
97066,97066
97067,97067
97068,97068
97069,97069
97070,97070
97071,97071
97072,97072
97073,97073
97074,97074
97075,97075
97076,97076
97077,97077
97078,97078
97079,97079
97080,97080
97081,97081
97082,97082
97083,97083
97084,97084
97085,97085
97086,97086
97087,97087
97088,97088
97089,97089
97090,97090
97091,97091
97092,97092
97093,97093
97094,97094
97095,97095
97096,97096
97097,97097
97098,97098
97099,97099
97100,97100
97101,97101
97102,97102
97103,97103
97104,97104
97105,97105
97106,97106
97107,97107
97108,97108
97109,97109
97110,97110
97111,97111
97112,97112
97113,97113
97114,97114
97115,97115
97116,97116
97117,97117
97118,97118
97119,97119
97120,97120
97121,97121
97122,97122
97123,97123
97124,97124
97125,97125
97126,97126
97127,97127
97128,97128
97129,97129
97130,97130
97131,97131
97132,97132
97133,97133
97134,97134
97135,97135
97136,97136
97137,97137
97138,97138
97139,97139
97140,97140
97141,97141
97142,97142
97143,97143
97144,97144
97145,97145
97146,97146
97147,97147
97148,97148
97149,97149
97150,97150
97151,97151
97152,97152
97153,97153
97154,97154
97155,97155
97156,97156
97157,97157
97158,97158
97159,97159
97160,97160
97161,97161
97162,97162
97163,97163
97164,97164
97165,97165
97166,97166
97167,97167
97168,97168
97169,97169
97170,97170
97171,97171
97172,97172
97173,97173
97174,97174
97175,97175
97176,97176
97177,97177
97178,97178
97179,97179
97180,97180
97181,97181
97182,97182
97183,97183
97184,97184
97185,97185
97186,97186
97187,97187
97188,97188
97189,97189
97190,97190
97191,97191
97192,97192
97193,97193
97194,97194
97195,97195
97196,97196
97197,97197
97198,97198
97199,97199
97200,97200
97201,97201
97202,97202
97203,97203
97204,97204
97205,97205
97206,97206
97207,97207
97208,97208
97209,97209
97210,97210
97211,97211
97212,97212
97213,97213
97214,97214
97215,97215
97216,97216
97217,97217
97218,97218
97219,97219
97220,97220
97221,97221
97222,97222
97223,97223
97224,97224
97225,97225
97226,97226
97227,97227
97228,97228
97229,97229
97230,97230
97231,97231
97232,97232
97233,97233
97234,97234
97235,97235
97236,97236
97237,97237
97238,97238
97239,97239
97240,97240
97241,97241
97242,97242
97243,97243
97244,97244
97245,97245
97246,97246
97247,97247
97248,97248
97249,97249
97250,97250
97251,97251
97252,97252
97253,97253
97254,97254
97255,97255
97256,97256
97257,97257
97258,97258
97259,97259
97260,97260
97261,97261
97262,97262
97263,97263
97264,97264
97265,97265
97266,97266
97267,97267
97268,97268
97269,97269
97270,97270
97271,97271
97272,97272
97273,97273
97274,97274
97277,97277
97278,97278
97279,97279
97280,97280
97281,97281
97282,97282
97283,97283
97284,97284
97285,97285
97286,97286
97287,97287
97288,97288
97289,97289
97290,97290
97291,97291
97292,97292
97293,97293
97294,97294
97295,97295
97296,97296
97297,97297
97298,97298
97299,97299
97300,97300
97301,97301
97302,97302
97303,97303
97304,97304
97305,97305
97306,97306
97307,97307
97308,97308
97309,97309
97310,97310
97311,97311
97312,97312
97313,97313
97314,97314
97315,97315
97316,97316
97317,97317
97318,97318
97319,97319
97320,97320
97321,97321
97322,97322
97323,97323
97324,97324
97325,97325
97326,97326
97327,97327
97328,97328
97329,97329
97330,97330
97331,97331
97332,97332
97333,97333
97334,97334
97335,97335
97336,97336
97337,97337
97338,97338
97339,97339
97340,97340
97341,97341
97342,97342
97343,97343
97344,97344
97345,97345
97346,97346
97347,97347
97348,97348
97349,97349
97350,97350
97351,97351
97352,97352
97353,97353
97354,97354
97355,97355
97356,97356
97357,97357
97358,97358
97359,97359
97360,97360
97361,97361
97362,97362
97363,97363
97364,97364
97365,97365
97366,97366
97367,97367
97368,97368
97369,97369
97370,97370
97371,97371
97372,97372
97373,97373
97374,97374
97375,97375
97376,97376
97377,97377
97378,97378
97379,97379
97380,97380
97381,97381
97382,97382
97383,97383
97384,97384
97385,97385
97386,97386
97387,97387
97388,97388
97389,97389
97390,97390
97391,97391
97392,97392
97393,97393
97394,97394
97395,97395
97396,97396
97397,97397
97398,97398
97399,97399
97400,97400
97401,97401
97402,97402
97403,97403
97404,97404
97405,97405
97406,97406
97407,97407
97408,97408
97409,97409
97410,97410
97411,97411
97412,97412
97413,97413
97414,97414
97415,97415
97416,97416
97417,97417
97418,97418
97419,97419
97420,97420
97421,97421
97422,97422
97423,97423
97424,97424
97425,97425
97426,97426
97427,97427
97428,97428
97429,97429
97430,97430
97431,97431
97432,97432
97433,97433
97434,97434
97435,97435
97436,97436
97437,97437
97438,97438
97439,97439
97440,97440
97441,97441
97442,97442
97443,97443
97444,97444
97445,97445
97446,97446
97447,97447
97448,97448
97449,97449
97450,97450
97451,97451
97452,97452
97453,97453
97454,97454
97455,97455
97456,97456
97457,97457
97458,97458
97459,97459
97460,97460
97461,97461
97462,97462
97463,97463
97464,97464
97465,97465
97466,97466
97467,97467
97468,97468
97469,97469
97470,97470
97471,97471
97472,97472
97473,97473
97474,97474
97475,97475
97476,97476
97477,97477
97478,97478
97479,97479
97480,97480
97481,97481
97482,97482
97483,97483
97484,97484
97485,97485
97486,97486
97487,97487
97488,97488
97489,97489
97490,97490
97491,97491
97492,97492
97493,97493
97494,97494
97495,97495
97496,97496
97497,97497
97498,97498
97499,97499
97500,97500
97501,97501
97502,97502
97503,97503
97504,97504
97505,97505
97506,97506
97507,97507
97508,97508
97509,97509
97510,97510
97511,97511
97512,97512
97513,97513
97514,97514
97515,97515
97516,97516
97517,97517
97518,97518
97519,97519
97520,97520
97521,97521
97522,97522
97523,97523
97524,97524
97525,97525
97526,97526
97527,97527
97528,97528
97529,97529
97530,97530
97531,97531
97532,97532
97533,97533
97534,97534
97535,97535
97536,97536
97537,97537
97538,97538
97539,97539
97540,97540
97541,97541
97542,97542
97543,97543
97544,97544
97545,97545
97546,97546
97547,97547
97548,97548
97549,97549
97550,97550
97551,97551
97552,97552
97553,97553
97554,97554
97555,97555
97556,97556
97557,97557
97558,97558
97559,97559
97560,97560
97561,97561
97562,97562
97563,97563
97564,97564
97565,97565
97566,97566
97567,97567
97568,97568
97569,97569
97570,97570
97571,97571
97572,97572
97573,97573
97574,97574
97575,97575
97576,97576
97577,97577
97578,97578
97579,97579
97580,97580
97581,97581
97582,97582
97583,97583
97584,97584
97585,97585
97586,97586
97587,97587
97588,97588
97589,97589
97590,97590
97591,97591
97592,97592
97593,97593
97594,97594
97595,97595
97596,97596
97597,97597
97598,97598
97599,97599
97600,97600
97601,97601
97602,97602
97603,97603
97604,97604
97605,97605
97606,97606
97607,97607
97608,97608
97609,97609
97610,97610
97611,97611
97612,97612
97613,97613
97614,97614
97615,97615
97616,97616
97617,97617
97618,97618
97619,97619
97621,97621
97622,97622
97623,97623
97624,97624
97625,97625
97626,97626
97627,97627
97628,97628
97629,97629
97630,97630
97631,97631
97632,97632
97633,97633
97634,97634
97635,97635
97636,97636
97637,97637
97638,97638
97639,97639
97640,97640
97641,97641
97642,97642
97643,97643
97644,97644
97645,97645
97646,97646
97647,97647
97648,97648
97649,97649
97650,97650
97651,97651
97652,97652
97653,97653
97654,97654
97655,97655
97656,97656
97657,97657
97658,97658
97659,97659
97660,97660
97661,97661
97662,97662
97663,97663
97664,97664
97665,97665
97666,97666
97667,97667
97668,97668
97669,97669
97670,97670
97671,97671
97672,97672
97673,97673
97674,97674
97675,97675
97676,97676
97677,97677
97678,97678
97679,97679
97680,97680
97681,97681
97682,97682
97683,97683
97684,97684
97685,97685
97686,97686
97687,97687
97688,97688
97689,97689
97690,97690
97691,97691
97692,97692
97693,97693
97694,97694
97695,97695
97696,97696
97697,97697
97698,97698
97699,97699
97700,97700
97701,97701
97702,97702
97703,97703
97704,97704
97705,97705
97706,97706
97707,97707
97708,97708
97709,97709
97710,97710
97711,97711
97712,97712
97713,97713
97714,97714
97715,97715
97716,97716
97717,97717
97718,97718
97719,97719
97720,97720
97721,97721
97722,97722
97723,97723
97724,97724
97725,97725
97726,97726
97727,97727
97728,97728
97729,97729
97730,97730
97731,97731
97732,97732
97733,97733
97734,97734
97735,97735
97736,97736
97737,97737
97738,97738
97739,97739
97740,97740
97741,97741
97742,97742
97743,97743
97744,97744
97745,97745
97746,97746
97747,97747
97748,97748
97749,97749
97750,97750
97751,97751
97752,97752
97753,97753
97754,97754
97755,97755
97756,97756
97757,97757
97758,97758
97759,97759
97760,97760
97761,97761
97762,97762
97763,97763
97764,97764
97765,97765
97766,97766
97767,97767
97768,97768
97769,97769
97770,97770
97771,97771
97772,97772
97773,97773
97774,97774
97775,97775
97776,97776
97777,97777
97778,97778
97779,97779
97780,97780
97781,97781
97782,97782
97783,97783
97784,97784
97785,97785
97786,97786
97787,97787
97788,97788
97789,97789
97790,97790
97791,97791
97792,97792
97793,97793
97794,97794
97795,97795
97796,97796
97797,97797
97798,97798
97799,97799
97800,97800
97801,97801
97802,97802
97803,97803
97804,97804
97805,97805
97806,97806
97807,97807
97808,97808
97809,97809
97810,97810
97811,97811
97812,97812
97813,97813
97814,97814
97815,97815
97816,97816
97817,97817
97818,97818
97819,97819
97820,97820
97821,97821
97822,97822
97823,97823
97824,97824
97825,97825
97826,97826
97827,97827
97828,97828
97829,97829
97830,97830
97831,97831
97832,97832
97833,97833
97834,97834
97835,97835
97836,97836
97837,97837
97838,97838
97839,97839
97840,97840
97841,97841
97842,97842
97843,97843
97844,97844
97845,97845
97846,97846
97847,97847
97848,97848
97849,97849
97850,97850
97851,97851
97852,97852
97853,97853
97854,97854
97855,97855
97856,97856
97857,97857
97858,97858
97859,97859
97860,97860
97861,97861
97862,97862
97863,97863
97864,97864
97865,97865
97866,97866
97867,97867
97868,97868
97869,97869
97870,97870
97871,97871
97872,97872
97873,97873
97874,97874
97875,97875
97876,97876
97877,97877
97878,97878
97879,97879
97880,97880
97881,97881
97882,97882
97883,97883
97884,97884
9788461466528,94001
9788492808274,97611
9788492808305,63494
97885,97885
97886,97886
97887,97887
97888,97888
97889,97889
97890,97890
97891,97891
97892,97892
97893,97893
97894,97894
97895,97895
97896,97896
97897,97897
97898,97898
97899,97899
97900,97900
97901,97901
97902,97902
97903,97903
97904,97904
97905,97905
97906,97906
97907,97907
97908,97908
97909,97909
97910,97910
97911,97911
97912,97912
97913,97913
97914,97914
97915,97915
97916,97916
97917,97917
97918,97918
97919,97919
97920,97920
97921,97921
97922,97922
97923,97923
97924,97924
97925,97925
97926,97926
97927,97927
97928,97928
97929,97929
97930,97930
97931,97931
97932,97932
97933,97933
97934,97934
97935,97935
97936,97936
97937,97937
97938,97938
97939,97939
97940,97940
97941,97941
97942,97942
97943,97943
97944,97944
97945,97945
97946,97946
97947,97947
97948,97948
97949,97949
97950,97950
97951,97951
97952,97952
97953,97953
97954,97954
97955,97955
97956,97956
97957,97957
97958,97958
97959,97959
97960,97960
97961,97961
97962,97962
97963,97963
97964,97964
97965,97965
97966,97966
97967,97967
97968,97968
97969,97969
97970,97970
97971,97971
97972,97972
97973,97973
97974,97974
97975,97975
97976,97976
97977,97977
97978,97978
97979,97979
97980,97980
97981,97981
97982,97982
97983,97983
97984,97984
97985,97985
97986,97986
97987,97987
97988,97988
97989,97989
97990,97990
97991,97991
97992,97992
97993,97993
97994,97994
97995,97995
97996,97996
97997,97997
97998,97998
97999,97999
98000,98000
98001,98001
98002,98002
98003,98003
98004,98004
98005,98005
98006,98006
98007,98007
98008,98008
98009,98009
98010,98010
98011,98011
98012,98012
98013,98013
98014,98014
98015,98015
98016,98016
98017,98017
98018,98018
98019,98019
98020,98020
98021,98021
98022,98022
98023,98023
98024,98024
98025,98025
98026,98026
98027,98027
98028,98028
98029,98029
98030,98030
98031,98031
98032,98032
98033,98033
98034,98034
98035,98035
98036,98036
98037,98037
98038,98038
98039,98039
98040,98040
98041,98041
98042,98042
98043,98043
98044,98044
98045,98045
98046,98046
98047,98047
98048,98048
98049,98049
98050,98050
98051,98051
98052,98052
98053,98053
98054,98054
98055,98055
98056,98056
98057,98057
98058,98058
98059,98059
98060,98060
98061,98061
98062,98062
98063,98063
98064,98064
98065,98065
98066,98066
98067,98067
98068,98068
98069,98069
98070,98070
98071,98071
98072,98072
98073,98073
98074,98074
98075,98075
98076,98076
98077,98077
98078,98078
98079,98079
98080,98080
98081,98081
98082,98082
98083,98083
98084,98084
98085,98085
98086,98086
98087,98087
98088,98088
98089,98089
98090,98090
98091,98091
98092,98092
98093,98093
98094,98094
98095,98095
98096,98096
98097,98097
98098,98098
98099,98099
98100,98100
98101,98101
98102,98102
98103,98103
98104,98104
98105,98105
98106,98106
98107,98107
98108,98108
98109,98109
98110,98110
98111,98111
98112,98112
98113,98113
98114,98114
98115,98115
98116,98116
98117,98117
98118,98118
98119,98119
98120,98120
98121,98121
98122,98122
98123,98123
98124,98124
98125,98125
98126,98126
98127,98127
98128,98128
98129,98129
98130,98130
98131,98131
98132,98132
98133,98133
98134,98134
98135,98135
98136,98136
98137,98137
98138,98138
98139,98139
98140,98140
98141,98141
98142,98142
98143,98143
98144,98144
98145,98145
98146,98146
98147,98147
98148,98148
98149,98149
98150,98150
98151,98151
98152,98152
98153,98153
98154,98154
98155,98155
98156,98156
98157,98157
98158,98158
98159,98159
98160,98160
98161,98161
98162,98162
98163,98163
98164,98164
98165,98165
98166,98166
98167,98167
98168,98168
98169,98169
98170,98170
98171,98171
98172,98172
98173,98173
98174,98174
98175,98175
98176,98176
98177,98177
98178,98178
98179,98179
98180,98180
98181,98181
98182,98182
98183,98183
98184,98184
98185,98185
98186,98186
98187,98187
98188,98188
98189,98189
98190,98190
98191,98191
98192,98192
98193,98193
98194,98194
98195,98195
98196,98196
98197,98197
98198,98198
98199,98199
98200,98200
98201,98201
98202,98202
98203,98203
98204,98204
98205,98205
98206,98206
98207,98207
98208,98208
98209,98209
98210,98210
98211,98211
98212,98212
98213,98213
98214,98214
98215,98215
98216,98216
98217,98217
98218,98218
98219,98219
98220,98220
98221,98221
98222,98222
98223,98223
98224,98224
98225,98225
98226,98226
98227,98227
98228,98228
98229,98229
98230,98230
98231,98231
98232,98232
98233,98233
98234,98234
98235,98235
98236,98236
98237,98237
98238,98238
98239,98239
98240,98240
98241,98241
98242,98242
98243,98243
98244,98244
98245,98245
98246,98246
98247,98247
98248,98248
98249,98249
98250,98250
98251,98251
98252,98252
98253,98253
98254,98254
98255,98255
98256,98256
98257,98257
98258,98258
98259,98259
98260,98260
98261,98261
98262,98262
98263,98263
98264,98264
98265,98265
98266,98266
98267,98267
98268,98268
98269,98269
98270,98270
98271,98271
98272,98272
98273,98273
98274,98274
98275,98275
98276,98276
98277,98277
98278,98278
98279,98279
98280,98280
98281,98281
98282,98282
98283,98283
98284,98284
98285,98285
98286,98286
98287,98287
98288,98288
98289,98289
98290,98290
98291,98291
98292,98292
98293,98293
98294,98294
98295,98295
98296,98296
98297,98297
98298,98298
98299,98299
98300,98300
98301,98301
98302,98302
98303,98303
98304,98304
98305,98305
98306,98306
98307,98307
98308,98308
98309,98309
98310,98310
98311,98311
98312,98312
98313,98313
98314,98314
98315,98315
98316,98316
98317,98317
98318,98318
98319,98319
98320,98320
98321,98321
98322,98322
98323,98323
98324,98324
98325,98325
98326,98326
98327,98327
98328,98328
98329,98329
98330,98330
98331,98331
98332,98332
98333,98333
98334,98334
98335,98335
98336,98336
98337,98337
98338,98338
98339,98339
98340,98340
98341,98341
98342,98342
98343,98343
98344,98344
98345,98345
98346,98346
98347,98347
98348,98348
98349,98349
98350,98350
98351,98351
98352,98352
98353,98353
98354,98354
98355,98355
98356,98356
98357,98357
98358,98358
98359,98359
98360,98360
98361,98361
98362,98362
98363,98363
98364,98364
98365,98365
98366,98366
98367,98367
98368,98368
98369,98369
98370,98370
98371,98371
98372,98372
98373,98373
98374,98374
98375,98375
98376,98376
98377,98377
98378,98378
98379,98379
98380,98380
98381,98381
98382,98382
98383,98383
98384,98384
98385,98385
98386,98386
98387,98387
98388,98388
98389,98389
98390,98390
98391,98391
98392,98392
98393,98393
98394,98394
98395,98395
98396,98396
98397,98397
98398,98398
98399,98399
98400,98400
98401,98401
98402,98402
98403,98403
98404,98404
98405,98405
98406,98406
98407,98407
98408,98408
98409,98409
98410,98410
98411,98411
98412,98412
98413,98413
98414,98414
98415,98415
98416,98416
98417,98417
98418,98418
98419,98419
98420,98420
98421,98421
98422,98422
98423,98423
98424,98424
98425,98425
98426,98426
98427,98427
98428,98428
98429,98429
98430,98430
98431,98431
98432,98432
98433,98433
98434,98434
98435,98435
98436,98436
98437,98437
98438,98438
98439,98439
98440,98440
98441,98441
98442,98442
98443,98443
98444,98444
98445,98445
98446,98446
98447,98447
98448,98448
98449,98449
98450,98450
98451,98451
98452,98452
98453,98453
98454,98454
98455,98455
98456,98456
98457,98457
98458,98458
98459,98459
98460,98460
98461,98461
98462,98462
98463,98463
98464,98464
98465,98465
98466,98466
98467,98467
98468,98468
98469,98469
98470,98470
98471,98471
98472,98472
98473,98473
98474,98474
98475,98475
98476,98476
98477,98477
98478,98478
98479,98479
98480,98480
98481,98481
98482,98482
98483,98483
98484,98484
98485,98485
98486,98486
98487,98487
98488,98488
98489,98489
98490,98490
98491,98491
98492,98492
98493,98493
98494,98494
98495,98495
98496,98496
98497,98497
98498,98498
98499,98499
98500,98500
98501,98501
98502,98502
98503,98503
98504,98504
98505,98505
98506,98506
98507,98507
98508,98508
98509,98509
98510,98510
98511,98511
98512,98512
98513,98513
98514,98514
98515,98515
98516,98516
98517,98517
98518,98518
98519,98519
98520,98520
98521,98521
98522,98522
98523,98523
98524,98524
98525,98525
98526,98526
98527,98527
98528,98528
98530,98530
98531,98531
98532,98532
98533,98533
98534,98534
98535,98535
98536,98536
98537,98537
98538,98538
98539,98539
98540,98540
98541,98541
98542,98542
98543,98543
98544,98544
98545,98545
98546,98546
98547,98547
98548,98548
98549,98549
98550,98550
98551,98551
98552,98552
98553,98553
98554,98554
98555,98555
98556,98556
98557,98557
98558,98558
98559,98559
98560,98560
98561,98561
98562,98562
98563,98563
98564,98564
98565,98565
98566,98566
98567,98567
98568,98568
98569,98569
98570,98570
98571,98571
98572,98572
98573,98573
98574,98574
98575,98575
98576,98576
98577,98577
98578,98578
98579,98579
98580,98580
98581,98581
98582,98582
98583,98583
98584,98584
98585,98585
98586,98586
98587,98587
98588,98588
9858859,90862
98589,98589
98590,98590
98591,98591
98592,98592
98593,98593
98594,98594
98595,98595
98596,98596
98597,98597
98598,98598
98599,98599
98600,98600
98601,98601
98602,98602
98603,98603
98604,98604
98605,98605
98606,98606
98607,98607
98608,98608
98609,98609
98610,98610
98611,98611
98612,98612
98613,98613
98614,98614
98615,98615
98616,98616
98617,98617
98618,98618
98619,98619
98620,98620
98621,98621
98622,98622
98623,98623
98624,98624
98625,98625
98626,98626
98627,98627
98628,98628
98629,98629
98635,98635
98636,98636
98637,98637
98638,98638
98639,98639
98640,98640
98641,98641
98642,98642
98643,98643
98644,98644
98645,98645
98646,98646
98647,98647
98648,98648
98649,98649
98650,98650
98651,98651
98652,98652
98653,98653
98654,98654
98655,98655
98656,98656
98657,98657
98658,98658
98659,98659
98660,98660
98661,98661
98662,98662
98663,98663
98664,98664
98665,98665
98666,98666
98667,98667
98668,98668
98669,98669
98670,98670
98671,98671
98672,98672
98673,98673
98674,98674
98675,98675
98676,98676
98677,98677
98678,98678
98679,98679
98680,98680
98681,98681
98682,98682
98683,98683
98684,98684
98685,98685
98686,98686
98687,98687
98688,98688
98689,98689
98690,98690
98691,98691
98692,98692
98693,98693
98694,98694
98695,98695
98696,98696
98697,98697
98698,98698
98699,98699
98700,98700
98701,98701
98702,98702
98703,98703
98704,98704
98705,98705
98706,98706
98707,98707
98708,98708
98709,98709
98710,98710
98711,98711
98712,98712
98713,98713
98714,98714
98715,98715
98716,98716
98717,98717
98718,98718
98719,98719
98720,98720
98721,98721
98722,98722
98723,98723
98724,98724
98725,98725
98726,98726
98727,98727
98728,98728
98729,98729
98730,98730
98731,98731
98732,98732
98733,98733
98734,98734
98735,98735
98736,98736
98737,98737
98738,98738
98739,98739
98740,98740
98741,98741
98742,98742
98743,98743
98744,98744
98745,98745
98746,98746
98747,98747
98748,98748
98749,98749
98750,98750
98751,98751
98752,98752
98753,98753
98754,98754
98755,98755
98756,98756
98757,98757
98758,98758
98759,98759
98760,98760
98761,98761
98762,98762
98763,98763
98764,98764
98765,98765
98766,98766
98767,98767
98768,98768
98769,98769
98770,98770
98771,98771
98772,98772
98773,98773
98774,98774
98775,98775
98776,98776
98777,98777
98778,98778
98779,98779
98780,98780
98781,98781
98782,98782
98783,98783
98784,98784
98785,98785
98786,98786
98787,98787
98788,98788
98789,98789
98790,98790
98791,98791
98792,98792
98793,98793
98794,98794
98795,98795
98796,98796
98797,98797
98798,98798
98799,98799
98800,98800
98801,98801
98802,98802
98803,98803
98804,98804
98805,98805
98806,98806
98807,98807
98808,98808
98809,98809
98810,98810
98811,98811
98812,98812
98813,98813
98814,98814
98815,98815
98816,98816
98817,98817
98818,98818
98819,98819
98820,98820
98821,98821
98822,98822
98823,98823
98824,98824
98825,98825
98826,98826
98827,98827
98828,98828
98829,98829
98830,98830
98831,98831
98832,98832
98833,98833
98834,98834
98835,98835
98836,98836
98837,98837
98838,98838
98839,98839
98840,98840
98841,98841
98842,98842
98843,98843
98844,98844
98845,98845
98846,98846
98847,98847
98848,98848
98849,98849
98850,98850
98851,98851
98852,98852
98853,98853
98854,98854
98855,98855
98856,98856
98857,98857
98858,98858
98859,98859
98860,98860
98861,98861
98862,98862
98863,98863
98864,98864
98865,98865
98866,98866
98867,98867
98868,98868
98869,98869
98870,98870
98871,98871
98872,98872
98873,98873
98874,98874
98875,98875
98876,98876
98877,98877
98878,98878
98879,98879
98880,98880
98881,98881
98882,98882
98883,98883
98884,98884
98885,98885
98886,98886
98887,98887
98888,98888
98889,98889
98890,98890
98891,98891
98892,98892
98893,98893
98894,98894
98895,98895
98896,98896
98897,98897
98898,98898
98899,98899
98900,98900
98901,98901
98902,98902
98903,98903
98904,98904
98905,98905
98906,98906
98907,98907
98908,98908
98909,98909
98910,98910
98911,98911
98912,98912
98913,98913
98914,98914
98915,98915
98916,98916
98917,98917
98918,98918
98919,98919
98920,98920
98921,98921
98922,98922
98923,98923
98924,98924
98925,98925
98926,98926
98927,98927
98928,98928
98929,98929
98930,98930
98931,98931
98932,98932
98933,98933
98934,98934
98935,98935
98936,98936
98937,98937
98938,98938
98939,98939
98940,98940
98941,98941
98942,98942
98943,98943
98944,98944
98945,98945
98946,98946
98947,98947
98948,98948
98949,98949
98950,98950
98951,98951
98952,98952
98953,98953
98954,98954
98955,98955
98956,98956
98957,98957
98958,98958
98959,98959
98960,98960
98961,98961
98962,98962
98963,98963
98964,98964
98965,98965
98966,98966
98967,98967
98968,98968
98969,98969
98970,98970
98971,98971
98972,98972
98973,98973
98974,98974
98975,98975
98976,98976
98977,98977
98978,98978
9927709,93785
9937346,93490
9945908,87646
9969412,92610
99990,96968
A17702045402473B,85087
B,98447
PAA104587,91091
VJ4K1W,95169
WBS383790170AV1,00025
X001DMIKBL,89079
X0023GI3TF,96376
X002OZU9S3,05574
